section,subheader,subheader2,detail,month,value
Revenue,Service Revenue,Service Revenue,Airtime vouchers income,2023-03-31,4972999
Revenue,Service Revenue,Service Revenue,Airtime vouchers income,2023-04-30,4735308
Revenue,Service Revenue,Service Revenue,Airtime vouchers income,2023-05-31,4824432
Revenue,Service Revenue,Service Revenue,Airtime vouchers income,2023-06-30,4750807
Revenue,Service Revenue,Service Revenue,Airtime vouchers income,2023-07-31,4873790
Revenue,Service Revenue,Service Revenue,Airtime vouchers income,2023-08-31,4944774
Revenue,Service Revenue,Service Revenue,Airtime vouchers income,2023-09-30,4710819
Revenue,Service Revenue,Service Revenue,Airtime vouchers income,2023-10-31,4667172
Revenue,Service Revenue,Service Revenue,Airtime vouchers income,2023-11-30,4321289
Revenue,Service Revenue,Service Revenue,Airtime vouchers income,2023-12-31,5137501
Revenue,Service Revenue,Service Revenue,Airtime vouchers income,2024-01-31,4647125
Revenue,Service Revenue,Service Revenue,Airtime vouchers income,2024-02-29,4399242
Revenue,Service Revenue,Service Revenue,Airtime vouchers income,2024-03-31,4825396
Revenue,Service Revenue,Service Revenue,Airtime vouchers income,2024-04-30,4644278
Revenue,Service Revenue,Service Revenue,Airtime vouchers income,2024-05-31,4917401
Revenue,Service Revenue,Service Revenue,Airtime vouchers income,2024-06-30,4759912
Revenue,Service Revenue,Service Revenue,Airtime vouchers income,2024-07-31,4882722
Revenue,Service Revenue,Service Revenue,Airtime vouchers income,2024-08-31,5263721
Revenue,Service Revenue,Service Revenue,Airtime vouchers income,2024-09-30,5210149
Revenue,Service Revenue,Service Revenue,Airtime vouchers income,2024-10-31,5624689
Revenue,Service Revenue,Service Revenue,Airtime vouchers income,2024-11-30,5662057
Revenue,Service Revenue,Service Revenue,Airtime vouchers income,2024-12-31,6252285
Revenue,Service Revenue,Service Revenue,Airtime vouchers income,2025-01-31,5460226
Revenue,Service Revenue,Service Revenue,Airtime vouchers income,2025-02-28,4982453
Revenue,Service Revenue,Service Revenue,Airtime vouchers income,2025-03-31,5477136
Revenue,Service Revenue,Service Revenue,Airtime vouchers income,2025-04-30,5411716
Revenue,Service Revenue,Service Revenue,Airtime vouchers income,2025-05-31,5706067
Revenue,Service Revenue,Service Revenue,Airtime vouchers income,2025-06-30,5613740
Revenue,Service Revenue,Service Revenue,Airtime vouchers income,2025-07-01,6264829
Revenue,Service Revenue,Service Revenue,Airtime vouchers income,2025-08-01,6276001
Revenue,Service Revenue,Service Revenue,Airtime vouchers income,2025-09-01,6425551
Revenue,Service Revenue,Service Revenue,Airtime vouchers income,2025-10-01,6865649
Revenue,Service Revenue,Service Revenue,Airtime vouchers income,2025-11-01,6696912
Revenue,Service Revenue,Service Revenue,Airtime vouchers income,2025-12-01,8042314
Revenue,Service Revenue,Service Revenue,Airtime vouchers income,2026-01-01,7266101.0
Revenue,Service Revenue,Service Revenue,Airtime vouchers income,2026-02-01,6541732.0
Revenue,Service Revenue,Service Revenue,Airtime vouchers income,2026-03-01,8248752
Revenue,Service Revenue,Service Revenue,Airtime vouchers income,2026-04-01,8259488
Revenue,Service Revenue,Service Revenue,Airtime vouchers income,2026-05-31,8282385
Revenue,Service Revenue,Service Revenue,Airtime vouchers income,2026-06-30,8405762
Revenue,Service Revenue,Service Revenue,Airtime vouchers income,2026-07-01,8213051
Revenue,Service Revenue,Service Revenue,Airtime vouchers income,2026-08-01,8275307
Revenue,Service Revenue,Service Revenue,Airtime vouchers income,2026-09-01,8391030
Revenue,Service Revenue,Service Revenue,Airtime vouchers income,2026-10-01,8385056
Revenue,Service Revenue,Service Revenue,Airtime vouchers income,2026-11-01,8046220
Revenue,Service Revenue,Service Revenue,Airtime vouchers income,2026-12-01,7912181
Revenue,Service Revenue,Service Revenue,Airtime vouchers income,2027-01-01,7692770
Revenue,Service Revenue,Service Revenue,Airtime vouchers income,2027-02-01,7949087
Revenue,Service Revenue,Service Revenue,Airtime vouchers income,2027-03-01,7949087
Revenue,Service Revenue,Service Revenue,Airtime vouchers income,2027-04-01,7693708
Revenue,Service Revenue,Service Revenue,Airtime vouchers income,2027-05-31,7607584
Revenue,Service Revenue,Service Revenue,Airtime vouchers income,2027-06-30,7742886
Revenue,Service Revenue,Service Revenue,Airtime vouchers income,2027-07-01,7864786
Revenue,Service Revenue,Service Revenue,Airtime vouchers income,2027-08-01,7713769
Revenue,Service Revenue,Service Revenue,Airtime vouchers income,2027-09-01,7767268
Revenue,Service Revenue,Service Revenue,Airtime vouchers income,2027-10-01,7859049
Revenue,Service Revenue,Service Revenue,Airtime vouchers income,2027-11-01,7817467
Revenue,Service Revenue,Service Revenue,Airtime vouchers income,2027-12-01,7514864
Revenue,Service Revenue,Service Revenue,Airtime vouchers income,2028-01-01,7380219
Revenue,Service Revenue,Service Revenue,Airtime vouchers income,2028-02-01,6667036
Revenue,Service Revenue,Service Revenue,In App Airtime/Data,2023-03-31,420205
Revenue,Service Revenue,Service Revenue,In App Airtime/Data,2023-04-30,393541
Revenue,Service Revenue,Service Revenue,In App Airtime/Data,2023-05-31,507095
Revenue,Service Revenue,Service Revenue,In App Airtime/Data,2023-06-30,453468
Revenue,Service Revenue,Service Revenue,In App Airtime/Data,2023-07-31,473473
Revenue,Service Revenue,Service Revenue,In App Airtime/Data,2023-08-31,644424
Revenue,Service Revenue,Service Revenue,In App Airtime/Data,2023-09-30,555096
Revenue,Service Revenue,Service Revenue,In App Airtime/Data,2023-10-31,641228
Revenue,Service Revenue,Service Revenue,In App Airtime/Data,2023-11-30,600184
Revenue,Service Revenue,Service Revenue,In App Airtime/Data,2023-12-31,547753
Revenue,Service Revenue,Service Revenue,In App Airtime/Data,2024-01-31,479165
Revenue,Service Revenue,Service Revenue,In App Airtime/Data,2024-02-29,439343
Revenue,Service Revenue,Service Revenue,In App Airtime/Data,2024-03-31,478351
Revenue,Service Revenue,Service Revenue,In App Airtime/Data,2024-04-30,422542
Revenue,Service Revenue,Service Revenue,In App Airtime/Data,2024-05-31,439729
Revenue,Service Revenue,Service Revenue,In App Airtime/Data,2024-06-30,420589
Revenue,Service Revenue,Service Revenue,In App Airtime/Data,2024-07-31,448652
Revenue,Service Revenue,Service Revenue,In App Airtime/Data,2024-08-31,487250
Revenue,Service Revenue,Service Revenue,In App Airtime/Data,2024-09-30,457418
Revenue,Service Revenue,Service Revenue,In App Airtime/Data,2024-10-31,461654
Revenue,Service Revenue,Service Revenue,In App Airtime/Data,2024-11-30,574227
Revenue,Service Revenue,Service Revenue,In App Airtime/Data,2024-12-31,594292
Revenue,Service Revenue,Service Revenue,In App Airtime/Data,2025-01-31,527286
Revenue,Service Revenue,Service Revenue,In App Airtime/Data,2025-02-28,455871
Revenue,Service Revenue,Service Revenue,In App Airtime/Data,2025-03-31,499204
Revenue,Service Revenue,Service Revenue,In App Airtime/Data,2025-04-30,542041
Revenue,Service Revenue,Service Revenue,In App Airtime/Data,2025-05-31,548134
Revenue,Service Revenue,Service Revenue,In App Airtime/Data,2025-06-30,483916
Revenue,Service Revenue,Service Revenue,In App Airtime/Data,2025-07-01,580617
Revenue,Service Revenue,Service Revenue,In App Airtime/Data,2025-08-01,459585
Revenue,Service Revenue,Service Revenue,In App Airtime/Data,2025-09-01,393485
Revenue,Service Revenue,Service Revenue,In App Airtime/Data,2025-10-01,408239
Revenue,Service Revenue,Service Revenue,In App Airtime/Data,2025-11-01,439418
Revenue,Service Revenue,Service Revenue,In App Airtime/Data,2025-12-01,492226
Revenue,Service Revenue,Service Revenue,In App Airtime/Data,2026-01-01,484893.0
Revenue,Service Revenue,Service Revenue,In App Airtime/Data,2026-02-01,445674.0
Revenue,Service Revenue,Service Revenue,In App Airtime/Data,2026-03-01,748234
Revenue,Service Revenue,Service Revenue,In App Airtime/Data,2026-04-01,756842
Revenue,Service Revenue,Service Revenue,In App Airtime/Data,2026-05-31,750305
Revenue,Service Revenue,Service Revenue,In App Airtime/Data,2026-06-30,752972
Revenue,Service Revenue,Service Revenue,In App Airtime/Data,2026-07-01,765069
Revenue,Service Revenue,Service Revenue,In App Airtime/Data,2026-08-01,747456
Revenue,Service Revenue,Service Revenue,In App Airtime/Data,2026-09-01,753791
Revenue,Service Revenue,Service Revenue,In App Airtime/Data,2026-10-01,765139
Revenue,Service Revenue,Service Revenue,In App Airtime/Data,2026-11-01,765044
Revenue,Service Revenue,Service Revenue,In App Airtime/Data,2026-12-01,733663
Revenue,Service Revenue,Service Revenue,In App Airtime/Data,2027-01-01,721516
Revenue,Service Revenue,Service Revenue,In App Airtime/Data,2027-02-01,701338
Revenue,Service Revenue,Service Revenue,In App Airtime/Data,2027-03-01,725851
Revenue,Service Revenue,Service Revenue,In App Airtime/Data,2027-04-01,702277
Revenue,Service Revenue,Service Revenue,In App Airtime/Data,2027-05-31,694597
Revenue,Service Revenue,Service Revenue,In App Airtime/Data,2027-06-30,707714
Revenue,Service Revenue,Service Revenue,In App Airtime/Data,2027-07-01,719564
Revenue,Service Revenue,Service Revenue,In App Airtime/Data,2027-08-01,705763
Revenue,Service Revenue,Service Revenue,In App Airtime/Data,2027-09-01,711170
Revenue,Service Revenue,Service Revenue,In App Airtime/Data,2027-10-01,720167
Revenue,Service Revenue,Service Revenue,In App Airtime/Data,2027-11-01,716625
Revenue,Service Revenue,Service Revenue,In App Airtime/Data,2027-12-01,688551
Revenue,Service Revenue,Service Revenue,In App Airtime/Data,2028-01-01,676250
Revenue,Service Revenue,Service Revenue,In App Airtime/Data,2028-02-01,654329
Revenue,Service Revenue,Service Revenue,App subscriptions,2023-03-31,0
Revenue,Service Revenue,Service Revenue,App subscriptions,2023-04-30,0
Revenue,Service Revenue,Service Revenue,App subscriptions,2023-05-31,0
Revenue,Service Revenue,Service Revenue,App subscriptions,2023-06-30,0
Revenue,Service Revenue,Service Revenue,App subscriptions,2023-07-31,0
Revenue,Service Revenue,Service Revenue,App subscriptions,2023-08-31,0
Revenue,Service Revenue,Service Revenue,App subscriptions,2023-09-30,0
Revenue,Service Revenue,Service Revenue,App subscriptions,2023-10-31,0
Revenue,Service Revenue,Service Revenue,App subscriptions,2023-11-30,0
Revenue,Service Revenue,Service Revenue,App subscriptions,2023-12-31,127969
Revenue,Service Revenue,Service Revenue,App subscriptions,2024-01-31,132381
Revenue,Service Revenue,Service Revenue,App subscriptions,2024-02-29,109594
Revenue,Service Revenue,Service Revenue,App subscriptions,2024-03-31,155408
Revenue,Service Revenue,Service Revenue,App subscriptions,2024-04-30,173788
Revenue,Service Revenue,Service Revenue,App subscriptions,2024-05-31,191165
Revenue,Service Revenue,Service Revenue,App subscriptions,2024-06-30,189344
Revenue,Service Revenue,Service Revenue,App subscriptions,2024-07-31,194024
Revenue,Service Revenue,Service Revenue,App subscriptions,2024-08-31,231270
Revenue,Service Revenue,Service Revenue,App subscriptions,2024-09-30,251021
Revenue,Service Revenue,Service Revenue,App subscriptions,2024-10-31,273597
Revenue,Service Revenue,Service Revenue,App subscriptions,2024-11-30,276629
Revenue,Service Revenue,Service Revenue,App subscriptions,2024-12-31,295476
Revenue,Service Revenue,Service Revenue,App subscriptions,2025-01-31,310894
Revenue,Service Revenue,Service Revenue,App subscriptions,2025-02-28,285853
Revenue,Service Revenue,Service Revenue,App subscriptions,2025-03-31,366241
Revenue,Service Revenue,Service Revenue,App subscriptions,2025-04-30,342213
Revenue,Service Revenue,Service Revenue,App subscriptions,2025-05-31,328416
Revenue,Service Revenue,Service Revenue,App subscriptions,2025-06-30,312670
Revenue,Service Revenue,Service Revenue,App subscriptions,2025-07-01,430435
Revenue,Service Revenue,Service Revenue,App subscriptions,2025-08-01,451377
Revenue,Service Revenue,Service Revenue,App subscriptions,2025-09-01,490084
Revenue,Service Revenue,Service Revenue,App subscriptions,2025-10-01,551369
Revenue,Service Revenue,Service Revenue,App subscriptions,2025-11-01,488187
Revenue,Service Revenue,Service Revenue,App subscriptions,2025-12-01,496311
Revenue,Service Revenue,Service Revenue,App subscriptions,2026-01-01,498743.0
Revenue,Service Revenue,Service Revenue,App subscriptions,2026-02-01,439890.0
Revenue,Service Revenue,Service Revenue,App subscriptions,2026-03-01,500890
Revenue,Service Revenue,Service Revenue,App subscriptions,2026-04-01,518160
Revenue,Service Revenue,Service Revenue,App subscriptions,2026-05-31,535561
Revenue,Service Revenue,Service Revenue,App subscriptions,2026-06-30,553121
Revenue,Service Revenue,Service Revenue,App subscriptions,2026-07-01,570751
Revenue,Service Revenue,Service Revenue,App subscriptions,2026-08-01,588271
Revenue,Service Revenue,Service Revenue,App subscriptions,2026-09-01,605715
Revenue,Service Revenue,Service Revenue,App subscriptions,2026-10-01,623081
Revenue,Service Revenue,Service Revenue,App subscriptions,2026-11-01,640370
Revenue,Service Revenue,Service Revenue,App subscriptions,2026-12-01,657582
Revenue,Service Revenue,Service Revenue,App subscriptions,2027-01-01,674717
Revenue,Service Revenue,Service Revenue,App subscriptions,2027-02-01,691757
Revenue,Service Revenue,Service Revenue,App subscriptions,2027-03-01,698971
Revenue,Service Revenue,Service Revenue,App subscriptions,2027-04-01,715918
Revenue,Service Revenue,Service Revenue,App subscriptions,2027-05-31,732789
Revenue,Service Revenue,Service Revenue,App subscriptions,2027-06-30,749582
Revenue,Service Revenue,Service Revenue,App subscriptions,2027-07-01,766315
Revenue,Service Revenue,Service Revenue,App subscriptions,2027-08-01,782971
Revenue,Service Revenue,Service Revenue,App subscriptions,2027-09-01,799550
Revenue,Service Revenue,Service Revenue,App subscriptions,2027-10-01,816052
Revenue,Service Revenue,Service Revenue,App subscriptions,2027-11-01,832493
Revenue,Service Revenue,Service Revenue,App subscriptions,2027-12-01,848858
Revenue,Service Revenue,Service Revenue,App subscriptions,2028-01-01,865145
Revenue,Service Revenue,Service Revenue,App subscriptions,2028-02-01,881191
Revenue,Service Revenue,Service Revenue,In App Vouchers,2023-03-31,257135
Revenue,Service Revenue,Service Revenue,In App Vouchers,2023-04-30,243662
Revenue,Service Revenue,Service Revenue,In App Vouchers,2023-05-31,207360
Revenue,Service Revenue,Service Revenue,In App Vouchers,2023-06-30,229590
Revenue,Service Revenue,Service Revenue,In App Vouchers,2023-07-31,261782
Revenue,Service Revenue,Service Revenue,In App Vouchers,2023-08-31,245430
Revenue,Service Revenue,Service Revenue,In App Vouchers,2023-09-30,232253
Revenue,Service Revenue,Service Revenue,In App Vouchers,2023-10-31,147072
Revenue,Service Revenue,Service Revenue,In App Vouchers,2023-11-30,77756
Revenue,Service Revenue,Service Revenue,In App Vouchers,2023-12-31,30396
Revenue,Service Revenue,Service Revenue,In App Vouchers,2024-01-31,69410
Revenue,Service Revenue,Service Revenue,In App Vouchers,2024-02-29,89255
Revenue,Service Revenue,Service Revenue,In App Vouchers,2024-03-31,55201
Revenue,Service Revenue,Service Revenue,In App Vouchers,2024-04-30,49072
Revenue,Service Revenue,Service Revenue,In App Vouchers,2024-05-31,45702
Revenue,Service Revenue,Service Revenue,In App Vouchers,2024-06-30,42000
Revenue,Service Revenue,Service Revenue,In App Vouchers,2024-07-31,47259
Revenue,Service Revenue,Service Revenue,In App Vouchers,2024-08-31,42440
Revenue,Service Revenue,Service Revenue,In App Vouchers,2024-09-30,48812
Revenue,Service Revenue,Service Revenue,In App Vouchers,2024-10-31,11990
Revenue,Service Revenue,Service Revenue,In App Vouchers,2024-11-30,5527
Revenue,Service Revenue,Service Revenue,In App Vouchers,2024-12-31,7443
Revenue,Service Revenue,Service Revenue,In App Vouchers,2025-01-31,4577
Revenue,Service Revenue,Service Revenue,In App Vouchers,2025-02-28,5384
Revenue,Service Revenue,Service Revenue,In App Vouchers,2025-03-31,5959
Revenue,Service Revenue,Service Revenue,In App Vouchers,2025-04-30,5520
Revenue,Service Revenue,Service Revenue,In App Vouchers,2025-05-31,6785
Revenue,Service Revenue,Service Revenue,In App Vouchers,2025-06-30,3834
Revenue,Service Revenue,Service Revenue,In App Vouchers,2025-07-01,5355
Revenue,Service Revenue,Service Revenue,In App Vouchers,2025-08-01,9368
Revenue,Service Revenue,Service Revenue,In App Vouchers,2025-09-01,2805
Revenue,Service Revenue,Service Revenue,In App Vouchers,2025-10-01,4092
Revenue,Service Revenue,Service Revenue,In App Vouchers,2025-11-01,0
Revenue,Service Revenue,Service Revenue,In App Vouchers,2025-12-01,0
Revenue,Service Revenue,Service Revenue,In App Vouchers,2026-01-01,0
Revenue,Service Revenue,Service Revenue,In App Vouchers,2026-02-01,0
Revenue,Service Revenue,Service Revenue,In App Vouchers,2026-03-01,10498
Revenue,Service Revenue,Service Revenue,In App Vouchers,2026-04-01,10608
Revenue,Service Revenue,Service Revenue,In App Vouchers,2026-05-31,10512
Revenue,Service Revenue,Service Revenue,In App Vouchers,2026-06-30,10541
Revenue,Service Revenue,Service Revenue,In App Vouchers,2026-07-01,10698
Revenue,Service Revenue,Service Revenue,In App Vouchers,2026-08-01,10453
Revenue,Service Revenue,Service Revenue,In App Vouchers,2026-09-01,10532
Revenue,Service Revenue,Service Revenue,In App Vouchers,2026-10-01,10679
Revenue,Service Revenue,Service Revenue,In App Vouchers,2026-11-01,10672
Revenue,Service Revenue,Service Revenue,In App Vouchers,2026-12-01,10241
Revenue,Service Revenue,Service Revenue,In App Vouchers,2027-01-01,10070
Revenue,Service Revenue,Service Revenue,In App Vouchers,2027-02-01,9791
Revenue,Service Revenue,Service Revenue,In App Vouchers,2027-03-01,10117
Revenue,Service Revenue,Service Revenue,In App Vouchers,2027-04-01,9792
Revenue,Service Revenue,Service Revenue,In App Vouchers,2027-05-31,9682
Revenue,Service Revenue,Service Revenue,In App Vouchers,2027-06-30,9855
Revenue,Service Revenue,Service Revenue,In App Vouchers,2027-07-01,10010
Revenue,Service Revenue,Service Revenue,In App Vouchers,2027-08-01,9818
Revenue,Service Revenue,Service Revenue,In App Vouchers,2027-09-01,9886
Revenue,Service Revenue,Service Revenue,In App Vouchers,2027-10-01,10002
Revenue,Service Revenue,Service Revenue,In App Vouchers,2027-11-01,9950
Revenue,Service Revenue,Service Revenue,In App Vouchers,2027-12-01,9564
Revenue,Service Revenue,Service Revenue,In App Vouchers,2028-01-01,9393
Revenue,Service Revenue,Service Revenue,In App Vouchers,2028-02-01,9091
Revenue,Service Revenue,Service Revenue,Retail Rewards Vouchers,2023-03-31,86648
Revenue,Service Revenue,Service Revenue,Retail Rewards Vouchers,2023-04-30,95819
Revenue,Service Revenue,Service Revenue,Retail Rewards Vouchers,2023-05-31,108649
Revenue,Service Revenue,Service Revenue,Retail Rewards Vouchers,2023-06-30,423336
Revenue,Service Revenue,Service Revenue,Retail Rewards Vouchers,2023-07-31,690187
Revenue,Service Revenue,Service Revenue,Retail Rewards Vouchers,2023-08-31,521649
Revenue,Service Revenue,Service Revenue,Retail Rewards Vouchers,2023-09-30,418562
Revenue,Service Revenue,Service Revenue,Retail Rewards Vouchers,2023-10-31,554301
Revenue,Service Revenue,Service Revenue,Retail Rewards Vouchers,2023-11-30,622558
Revenue,Service Revenue,Service Revenue,Retail Rewards Vouchers,2023-12-31,896828
Revenue,Service Revenue,Service Revenue,Retail Rewards Vouchers,2024-01-31,278809
Revenue,Service Revenue,Service Revenue,Retail Rewards Vouchers,2024-02-29,119502
Revenue,Service Revenue,Service Revenue,Retail Rewards Vouchers,2024-03-31,532857
Revenue,Service Revenue,Service Revenue,Retail Rewards Vouchers,2024-04-30,739030
Revenue,Service Revenue,Service Revenue,Retail Rewards Vouchers,2024-05-31,830316
Revenue,Service Revenue,Service Revenue,Retail Rewards Vouchers,2024-06-30,635605
Revenue,Service Revenue,Service Revenue,Retail Rewards Vouchers,2024-07-31,700544
Revenue,Service Revenue,Service Revenue,Retail Rewards Vouchers,2024-08-31,706936
Revenue,Service Revenue,Service Revenue,Retail Rewards Vouchers,2024-09-30,867682
Revenue,Service Revenue,Service Revenue,Retail Rewards Vouchers,2024-10-31,751463
Revenue,Service Revenue,Service Revenue,Retail Rewards Vouchers,2024-11-30,1099729
Revenue,Service Revenue,Service Revenue,Retail Rewards Vouchers,2024-12-31,1177835
Revenue,Service Revenue,Service Revenue,Retail Rewards Vouchers,2025-01-31,355127
Revenue,Service Revenue,Service Revenue,Retail Rewards Vouchers,2025-02-28,633174
Revenue,Service Revenue,Service Revenue,Retail Rewards Vouchers,2025-03-31,590076
Revenue,Service Revenue,Service Revenue,Retail Rewards Vouchers,2025-04-30,745668
Revenue,Service Revenue,Service Revenue,Retail Rewards Vouchers,2025-05-31,443334
Revenue,Service Revenue,Service Revenue,Retail Rewards Vouchers,2025-06-30,377710
Revenue,Service Revenue,Service Revenue,Retail Rewards Vouchers,2025-07-01,594457
Revenue,Service Revenue,Service Revenue,Retail Rewards Vouchers,2025-08-01,624506
Revenue,Service Revenue,Service Revenue,Retail Rewards Vouchers,2025-09-01,609617
Revenue,Service Revenue,Service Revenue,Retail Rewards Vouchers,2025-10-01,856696
Revenue,Service Revenue,Service Revenue,Retail Rewards Vouchers,2025-11-01,656138
Revenue,Service Revenue,Service Revenue,Retail Rewards Vouchers,2025-12-01,847093
Revenue,Service Revenue,Service Revenue,Retail Rewards Vouchers,2026-01-01,438099.0
Revenue,Service Revenue,Service Revenue,Retail Rewards Vouchers,2026-02-01,457513.0
Revenue,Service Revenue,Service Revenue,Retail Rewards Vouchers,2026-03-01,824875
Revenue,Service Revenue,Service Revenue,Retail Rewards Vouchers,2026-04-01,833465
Revenue,Service Revenue,Service Revenue,Retail Rewards Vouchers,2026-05-31,825949
Revenue,Service Revenue,Service Revenue,Retail Rewards Vouchers,2026-06-30,828238
Revenue,Service Revenue,Service Revenue,Retail Rewards Vouchers,2026-07-01,840576
Revenue,Service Revenue,Service Revenue,Retail Rewards Vouchers,2026-08-01,821305
Revenue,Service Revenue,Service Revenue,Retail Rewards Vouchers,2026-09-01,827531
Revenue,Service Revenue,Service Revenue,Retail Rewards Vouchers,2026-10-01,839103
Revenue,Service Revenue,Service Revenue,Retail Rewards Vouchers,2026-11-01,838506
Revenue,Service Revenue,Service Revenue,Retail Rewards Vouchers,2026-12-01,804622
Revenue,Service Revenue,Service Revenue,Retail Rewards Vouchers,2027-01-01,791218
Revenue,Service Revenue,Service Revenue,Retail Rewards Vouchers,2027-02-01,769277
Revenue,Service Revenue,Service Revenue,Retail Rewards Vouchers,2027-03-01,794909
Revenue,Service Revenue,Service Revenue,Retail Rewards Vouchers,2027-04-01,769371
Revenue,Service Revenue,Service Revenue,Retail Rewards Vouchers,2027-05-31,760758
Revenue,Service Revenue,Service Revenue,Retail Rewards Vouchers,2027-06-30,774289
Revenue,Service Revenue,Service Revenue,Retail Rewards Vouchers,2027-07-01,786479
Revenue,Service Revenue,Service Revenue,Retail Rewards Vouchers,2027-08-01,771377
Revenue,Service Revenue,Service Revenue,Retail Rewards Vouchers,2027-09-01,776727
Revenue,Service Revenue,Service Revenue,Retail Rewards Vouchers,2027-10-01,785905
Revenue,Service Revenue,Service Revenue,Retail Rewards Vouchers,2027-11-01,781747
Revenue,Service Revenue,Service Revenue,Retail Rewards Vouchers,2027-12-01,751486
Revenue,Service Revenue,Service Revenue,Retail Rewards Vouchers,2028-01-01,738022
Revenue,Service Revenue,Service Revenue,Retail Rewards Vouchers,2028-02-01,714325
Revenue,Debit order subscriptions,Debit order subscriptions,Retail store debtors write off,2023-03-31,
Revenue,Debit order subscriptions,Debit order subscriptions,Retail store debtors write off,2023-04-30,
Revenue,Debit order subscriptions,Debit order subscriptions,Retail store debtors write off,2023-05-31,
Revenue,Debit order subscriptions,Debit order subscriptions,Retail store debtors write off,2023-06-30,
Revenue,Debit order subscriptions,Debit order subscriptions,Retail store debtors write off,2023-07-31,
Revenue,Debit order subscriptions,Debit order subscriptions,Retail store debtors write off,2023-08-31,
Revenue,Debit order subscriptions,Debit order subscriptions,Retail store debtors write off,2023-09-30,
Revenue,Debit order subscriptions,Debit order subscriptions,Retail store debtors write off,2023-10-31,
Revenue,Debit order subscriptions,Debit order subscriptions,Retail store debtors write off,2023-11-30,
Revenue,Debit order subscriptions,Debit order subscriptions,Retail store debtors write off,2023-12-31,
Revenue,Debit order subscriptions,Debit order subscriptions,Retail store debtors write off,2024-01-31,
Revenue,Debit order subscriptions,Debit order subscriptions,Retail store debtors write off,2024-02-29,
Revenue,Debit order subscriptions,Debit order subscriptions,Retail store debtors write off,2024-03-31,
Revenue,Debit order subscriptions,Debit order subscriptions,Retail store debtors write off,2024-04-30,
Revenue,Debit order subscriptions,Debit order subscriptions,Retail store debtors write off,2024-05-31,
Revenue,Debit order subscriptions,Debit order subscriptions,Retail store debtors write off,2024-06-30,
Revenue,Debit order subscriptions,Debit order subscriptions,Retail store debtors write off,2024-07-31,
Revenue,Debit order subscriptions,Debit order subscriptions,Retail store debtors write off,2024-08-31,
Revenue,Debit order subscriptions,Debit order subscriptions,Retail store debtors write off,2024-09-30,
Revenue,Debit order subscriptions,Debit order subscriptions,Retail store debtors write off,2024-10-31,
Revenue,Debit order subscriptions,Debit order subscriptions,Retail store debtors write off,2024-11-30,
Revenue,Debit order subscriptions,Debit order subscriptions,Retail store debtors write off,2024-12-31,
Revenue,Debit order subscriptions,Debit order subscriptions,Retail store debtors write off,2025-01-31,
Revenue,Debit order subscriptions,Debit order subscriptions,Retail store debtors write off,2025-02-28,
Revenue,Debit order subscriptions,Debit order subscriptions,Retail store debtors write off,2025-03-31,
Revenue,Debit order subscriptions,Debit order subscriptions,Retail store debtors write off,2025-04-30,
Revenue,Debit order subscriptions,Debit order subscriptions,Retail store debtors write off,2025-05-31,
Revenue,Debit order subscriptions,Debit order subscriptions,Retail store debtors write off,2025-06-30,
Revenue,Debit order subscriptions,Debit order subscriptions,Retail store debtors write off,2025-07-01,
Revenue,Debit order subscriptions,Debit order subscriptions,Retail store debtors write off,2025-08-01,-54771
Revenue,Debit order subscriptions,Debit order subscriptions,Retail store debtors write off,2025-09-01,
Revenue,Debit order subscriptions,Debit order subscriptions,Retail store debtors write off,2025-10-01,0
Revenue,Debit order subscriptions,Debit order subscriptions,Retail store debtors write off,2025-11-01,0
Revenue,Debit order subscriptions,Debit order subscriptions,Retail store debtors write off,2025-12-01,
Revenue,Debit order subscriptions,Debit order subscriptions,Retail store debtors write off,2026-01-01,
Revenue,Debit order subscriptions,Debit order subscriptions,Retail store debtors write off,2026-02-01,
Revenue,Debit order subscriptions,Debit order subscriptions,Retail store debtors write off,2026-03-01,
Revenue,Debit order subscriptions,Debit order subscriptions,Retail store debtors write off,2026-04-01,
Revenue,Debit order subscriptions,Debit order subscriptions,Retail store debtors write off,2026-05-31,
Revenue,Debit order subscriptions,Debit order subscriptions,Retail store debtors write off,2026-06-30,
Revenue,Debit order subscriptions,Debit order subscriptions,Retail store debtors write off,2026-07-01,
Revenue,Debit order subscriptions,Debit order subscriptions,Retail store debtors write off,2026-08-01,
Revenue,Debit order subscriptions,Debit order subscriptions,Retail store debtors write off,2026-09-01,
Revenue,Debit order subscriptions,Debit order subscriptions,Retail store debtors write off,2026-10-01,
Revenue,Debit order subscriptions,Debit order subscriptions,Retail store debtors write off,2026-11-01,
Revenue,Debit order subscriptions,Debit order subscriptions,Retail store debtors write off,2026-12-01,
Revenue,Debit order subscriptions,Debit order subscriptions,Retail store debtors write off,2027-01-01,
Revenue,Debit order subscriptions,Debit order subscriptions,Retail store debtors write off,2027-02-01,
Revenue,Debit order subscriptions,Debit order subscriptions,Retail store debtors write off,2027-03-01,
Revenue,Debit order subscriptions,Debit order subscriptions,Retail store debtors write off,2027-04-01,
Revenue,Debit order subscriptions,Debit order subscriptions,Retail store debtors write off,2027-05-31,
Revenue,Debit order subscriptions,Debit order subscriptions,Retail store debtors write off,2027-06-30,
Revenue,Debit order subscriptions,Debit order subscriptions,Retail store debtors write off,2027-07-01,
Revenue,Debit order subscriptions,Debit order subscriptions,Retail store debtors write off,2027-08-01,
Revenue,Debit order subscriptions,Debit order subscriptions,Retail store debtors write off,2027-09-01,
Revenue,Debit order subscriptions,Debit order subscriptions,Retail store debtors write off,2027-10-01,
Revenue,Debit order subscriptions,Debit order subscriptions,Retail store debtors write off,2027-11-01,
Revenue,Debit order subscriptions,Debit order subscriptions,Retail store debtors write off,2027-12-01,
Revenue,Debit order subscriptions,Debit order subscriptions,Retail store debtors write off,2028-01-01,
Revenue,Debit order subscriptions,Debit order subscriptions,Retail store debtors write off,2028-02-01,
Revenue,Debit order subscriptions,Debit order subscriptions,Telesales- On Air Upsell,2023-03-31,
Revenue,Debit order subscriptions,Debit order subscriptions,Telesales- On Air Upsell,2023-04-30,
Revenue,Debit order subscriptions,Debit order subscriptions,Telesales- On Air Upsell,2023-05-31,
Revenue,Debit order subscriptions,Debit order subscriptions,Telesales- On Air Upsell,2023-06-30,
Revenue,Debit order subscriptions,Debit order subscriptions,Telesales- On Air Upsell,2023-07-31,
Revenue,Debit order subscriptions,Debit order subscriptions,Telesales- On Air Upsell,2023-08-31,
Revenue,Debit order subscriptions,Debit order subscriptions,Telesales- On Air Upsell,2023-09-30,
Revenue,Debit order subscriptions,Debit order subscriptions,Telesales- On Air Upsell,2023-10-31,
Revenue,Debit order subscriptions,Debit order subscriptions,Telesales- On Air Upsell,2023-11-30,
Revenue,Debit order subscriptions,Debit order subscriptions,Telesales- On Air Upsell,2023-12-31,
Revenue,Debit order subscriptions,Debit order subscriptions,Telesales- On Air Upsell,2024-01-31,
Revenue,Debit order subscriptions,Debit order subscriptions,Telesales- On Air Upsell,2024-02-29,
Revenue,Debit order subscriptions,Debit order subscriptions,Telesales- On Air Upsell,2024-03-31,
Revenue,Debit order subscriptions,Debit order subscriptions,Telesales- On Air Upsell,2024-04-30,115487
Revenue,Debit order subscriptions,Debit order subscriptions,Telesales- On Air Upsell,2024-05-31,63346
Revenue,Debit order subscriptions,Debit order subscriptions,Telesales- On Air Upsell,2024-06-30,90281
Revenue,Debit order subscriptions,Debit order subscriptions,Telesales- On Air Upsell,2024-07-31,150260
Revenue,Debit order subscriptions,Debit order subscriptions,Telesales- On Air Upsell,2024-08-31,203416
Revenue,Debit order subscriptions,Debit order subscriptions,Telesales- On Air Upsell,2024-09-30,243094
Revenue,Debit order subscriptions,Debit order subscriptions,Telesales- On Air Upsell,2024-10-31,313994
Revenue,Debit order subscriptions,Debit order subscriptions,Telesales- On Air Upsell,2024-11-30,428661
Revenue,Debit order subscriptions,Debit order subscriptions,Telesales- On Air Upsell,2024-12-31,444767
Revenue,Debit order subscriptions,Debit order subscriptions,Telesales- On Air Upsell,2025-01-31,325726
Revenue,Debit order subscriptions,Debit order subscriptions,Telesales- On Air Upsell,2025-02-28,663919
Revenue,Debit order subscriptions,Debit order subscriptions,Telesales- On Air Upsell,2025-03-31,392297
Revenue,Debit order subscriptions,Debit order subscriptions,Telesales- On Air Upsell,2025-04-30,456022
Revenue,Debit order subscriptions,Debit order subscriptions,Telesales- On Air Upsell,2025-05-31,537805
Revenue,Debit order subscriptions,Debit order subscriptions,Telesales- On Air Upsell,2025-06-30,503275
Revenue,Debit order subscriptions,Debit order subscriptions,Telesales- On Air Upsell,2025-07-01,560000
Revenue,Debit order subscriptions,Debit order subscriptions,Telesales- On Air Upsell,2025-08-01,648772
Revenue,Debit order subscriptions,Debit order subscriptions,Telesales- On Air Upsell,2025-09-01,649862
Revenue,Debit order subscriptions,Debit order subscriptions,Telesales- On Air Upsell,2025-10-01,
Revenue,Debit order subscriptions,Debit order subscriptions,Telesales- On Air Upsell,2025-11-01,0
Revenue,Debit order subscriptions,Debit order subscriptions,Telesales- On Air Upsell,2025-12-01,0
Revenue,Debit order subscriptions,Debit order subscriptions,Telesales- On Air Upsell,2026-01-01,681611.0
Revenue,Debit order subscriptions,Debit order subscriptions,Telesales- On Air Upsell,2026-02-01,
Revenue,Debit order subscriptions,Debit order subscriptions,Telesales- On Air Upsell,2026-03-01,739440
Revenue,Debit order subscriptions,Debit order subscriptions,Telesales- On Air Upsell,2026-04-01,759417
Revenue,Debit order subscriptions,Debit order subscriptions,Telesales- On Air Upsell,2026-05-31,785763
Revenue,Debit order subscriptions,Debit order subscriptions,Telesales- On Air Upsell,2026-06-30,815103
Revenue,Debit order subscriptions,Debit order subscriptions,Telesales- On Air Upsell,2026-07-01,852445
Revenue,Debit order subscriptions,Debit order subscriptions,Telesales- On Air Upsell,2026-08-01,872141
Revenue,Debit order subscriptions,Debit order subscriptions,Telesales- On Air Upsell,2026-09-01,895430
Revenue,Debit order subscriptions,Debit order subscriptions,Telesales- On Air Upsell,2026-10-01,923055
Revenue,Debit order subscriptions,Debit order subscriptions,Telesales- On Air Upsell,2026-11-01,944100
Revenue,Debit order subscriptions,Debit order subscriptions,Telesales- On Air Upsell,2026-12-01,941306
Revenue,Debit order subscriptions,Debit order subscriptions,Telesales- On Air Upsell,2027-01-01,959727
Revenue,Debit order subscriptions,Debit order subscriptions,Telesales- On Air Upsell,2027-02-01,976309
Revenue,Debit order subscriptions,Debit order subscriptions,Telesales- On Air Upsell,2027-03-01,993455
Revenue,Debit order subscriptions,Debit order subscriptions,Telesales- On Air Upsell,2027-04-01,1007972
Revenue,Debit order subscriptions,Debit order subscriptions,Telesales- On Air Upsell,2027-05-31,1022411
Revenue,Debit order subscriptions,Debit order subscriptions,Telesales- On Air Upsell,2027-06-30,1036607
Revenue,Debit order subscriptions,Debit order subscriptions,Telesales- On Air Upsell,2027-07-01,1049687
Revenue,Debit order subscriptions,Debit order subscriptions,Telesales- On Air Upsell,2027-08-01,1061778
Revenue,Debit order subscriptions,Debit order subscriptions,Telesales- On Air Upsell,2027-09-01,1073607
Revenue,Debit order subscriptions,Debit order subscriptions,Telesales- On Air Upsell,2027-10-01,1084542
Revenue,Debit order subscriptions,Debit order subscriptions,Telesales- On Air Upsell,2027-11-01,1095247
Revenue,Debit order subscriptions,Debit order subscriptions,Telesales- On Air Upsell,2027-12-01,1105429
Revenue,Debit order subscriptions,Debit order subscriptions,Telesales- On Air Upsell,2028-01-01,1115015
Revenue,Debit order subscriptions,Debit order subscriptions,Telesales- On Air Upsell,2028-02-01,1124606
Revenue,Debit order subscriptions,Debit order subscriptions,TripleSave campaign,2023-03-31,
Revenue,Debit order subscriptions,Debit order subscriptions,TripleSave campaign,2023-04-30,
Revenue,Debit order subscriptions,Debit order subscriptions,TripleSave campaign,2023-05-31,
Revenue,Debit order subscriptions,Debit order subscriptions,TripleSave campaign,2023-06-30,
Revenue,Debit order subscriptions,Debit order subscriptions,TripleSave campaign,2023-07-31,
Revenue,Debit order subscriptions,Debit order subscriptions,TripleSave campaign,2023-08-31,
Revenue,Debit order subscriptions,Debit order subscriptions,TripleSave campaign,2023-09-30,
Revenue,Debit order subscriptions,Debit order subscriptions,TripleSave campaign,2023-10-31,
Revenue,Debit order subscriptions,Debit order subscriptions,TripleSave campaign,2023-11-30,
Revenue,Debit order subscriptions,Debit order subscriptions,TripleSave campaign,2023-12-31,
Revenue,Debit order subscriptions,Debit order subscriptions,TripleSave campaign,2024-01-31,
Revenue,Debit order subscriptions,Debit order subscriptions,TripleSave campaign,2024-02-29,
Revenue,Debit order subscriptions,Debit order subscriptions,TripleSave campaign,2024-03-31,
Revenue,Debit order subscriptions,Debit order subscriptions,TripleSave campaign,2024-04-30,0
Revenue,Debit order subscriptions,Debit order subscriptions,TripleSave campaign,2024-05-31,0
Revenue,Debit order subscriptions,Debit order subscriptions,TripleSave campaign,2024-06-30,0
Revenue,Debit order subscriptions,Debit order subscriptions,TripleSave campaign,2024-07-31,0
Revenue,Debit order subscriptions,Debit order subscriptions,TripleSave campaign,2024-08-31,0
Revenue,Debit order subscriptions,Debit order subscriptions,TripleSave campaign,2024-09-30,0
Revenue,Debit order subscriptions,Debit order subscriptions,TripleSave campaign,2024-10-31,0
Revenue,Debit order subscriptions,Debit order subscriptions,TripleSave campaign,2024-11-30,0
Revenue,Debit order subscriptions,Debit order subscriptions,TripleSave campaign,2024-12-31,0
Revenue,Debit order subscriptions,Debit order subscriptions,TripleSave campaign,2025-01-31,0
Revenue,Debit order subscriptions,Debit order subscriptions,TripleSave campaign,2025-02-28,0
Revenue,Debit order subscriptions,Debit order subscriptions,TripleSave campaign,2025-03-31,57825
Revenue,Debit order subscriptions,Debit order subscriptions,TripleSave campaign,2025-04-30,164989
Revenue,Debit order subscriptions,Debit order subscriptions,TripleSave campaign,2025-05-31,245670
Revenue,Debit order subscriptions,Debit order subscriptions,TripleSave campaign,2025-06-30,282824
Revenue,Debit order subscriptions,Debit order subscriptions,TripleSave campaign,2025-07-01,335682
Revenue,Debit order subscriptions,Debit order subscriptions,TripleSave campaign,2025-08-01,404472
Revenue,Debit order subscriptions,Debit order subscriptions,TripleSave campaign,2025-09-01,406409
Revenue,Debit order subscriptions,Debit order subscriptions,TripleSave campaign,2025-10-01,
Revenue,Debit order subscriptions,Debit order subscriptions,TripleSave campaign,2025-11-01,0
Revenue,Debit order subscriptions,Debit order subscriptions,TripleSave campaign,2025-12-01,0
Revenue,Debit order subscriptions,Debit order subscriptions,TripleSave campaign,2026-01-01,294846.0
Revenue,Debit order subscriptions,Debit order subscriptions,TripleSave campaign,2026-02-01,
Revenue,Debit order subscriptions,Debit order subscriptions,TripleSave campaign,2026-03-01,584740
Revenue,Debit order subscriptions,Debit order subscriptions,TripleSave campaign,2026-04-01,635587
Revenue,Debit order subscriptions,Debit order subscriptions,TripleSave campaign,2026-05-31,686483
Revenue,Debit order subscriptions,Debit order subscriptions,TripleSave campaign,2026-06-30,731274
Revenue,Debit order subscriptions,Debit order subscriptions,TripleSave campaign,2026-07-01,775217
Revenue,Debit order subscriptions,Debit order subscriptions,TripleSave campaign,2026-08-01,818361
Revenue,Debit order subscriptions,Debit order subscriptions,TripleSave campaign,2026-09-01,857359
Revenue,Debit order subscriptions,Debit order subscriptions,TripleSave campaign,2026-10-01,896309
Revenue,Debit order subscriptions,Debit order subscriptions,TripleSave campaign,2026-11-01,931742
Revenue,Debit order subscriptions,Debit order subscriptions,TripleSave campaign,2026-12-01,964769
Revenue,Debit order subscriptions,Debit order subscriptions,TripleSave campaign,2027-01-01,983758
Revenue,Debit order subscriptions,Debit order subscriptions,TripleSave campaign,2027-02-01,1001962
Revenue,Debit order subscriptions,Debit order subscriptions,TripleSave campaign,2027-03-01,1030443
Revenue,Debit order subscriptions,Debit order subscriptions,TripleSave campaign,2027-04-01,1174312
Revenue,Debit order subscriptions,Debit order subscriptions,TripleSave campaign,2027-05-31,1191932
Revenue,Debit order subscriptions,Debit order subscriptions,TripleSave campaign,2027-06-30,1214597
Revenue,Debit order subscriptions,Debit order subscriptions,TripleSave campaign,2027-07-01,1236110
Revenue,Debit order subscriptions,Debit order subscriptions,TripleSave campaign,2027-08-01,1259828
Revenue,Debit order subscriptions,Debit order subscriptions,TripleSave campaign,2027-09-01,1285321
Revenue,Debit order subscriptions,Debit order subscriptions,TripleSave campaign,2027-10-01,1309445
Revenue,Debit order subscriptions,Debit order subscriptions,TripleSave campaign,2027-11-01,1329675
Revenue,Debit order subscriptions,Debit order subscriptions,TripleSave campaign,2027-12-01,1351446
Revenue,Debit order subscriptions,Debit order subscriptions,TripleSave campaign,2028-01-01,1365143
Revenue,Debit order subscriptions,Debit order subscriptions,TripleSave campaign,2028-02-01,1376088
Revenue,Debit order subscriptions,Debit order subscriptions,Mobile Store,2023-03-31,
Revenue,Debit order subscriptions,Debit order subscriptions,Mobile Store,2023-04-30,
Revenue,Debit order subscriptions,Debit order subscriptions,Mobile Store,2023-05-31,
Revenue,Debit order subscriptions,Debit order subscriptions,Mobile Store,2023-06-30,
Revenue,Debit order subscriptions,Debit order subscriptions,Mobile Store,2023-07-31,
Revenue,Debit order subscriptions,Debit order subscriptions,Mobile Store,2023-08-31,
Revenue,Debit order subscriptions,Debit order subscriptions,Mobile Store,2023-09-30,
Revenue,Debit order subscriptions,Debit order subscriptions,Mobile Store,2023-10-31,
Revenue,Debit order subscriptions,Debit order subscriptions,Mobile Store,2023-11-30,
Revenue,Debit order subscriptions,Debit order subscriptions,Mobile Store,2023-12-31,
Revenue,Debit order subscriptions,Debit order subscriptions,Mobile Store,2024-01-31,
Revenue,Debit order subscriptions,Debit order subscriptions,Mobile Store,2024-02-29,
Revenue,Debit order subscriptions,Debit order subscriptions,Mobile Store,2024-03-31,
Revenue,Debit order subscriptions,Debit order subscriptions,Mobile Store,2024-04-30,0
Revenue,Debit order subscriptions,Debit order subscriptions,Mobile Store,2024-05-31,0
Revenue,Debit order subscriptions,Debit order subscriptions,Mobile Store,2024-06-30,0
Revenue,Debit order subscriptions,Debit order subscriptions,Mobile Store,2024-07-31,0
Revenue,Debit order subscriptions,Debit order subscriptions,Mobile Store,2024-08-31,0
Revenue,Debit order subscriptions,Debit order subscriptions,Mobile Store,2024-09-30,0
Revenue,Debit order subscriptions,Debit order subscriptions,Mobile Store,2024-10-31,0
Revenue,Debit order subscriptions,Debit order subscriptions,Mobile Store,2024-11-30,0
Revenue,Debit order subscriptions,Debit order subscriptions,Mobile Store,2024-12-31,0
Revenue,Debit order subscriptions,Debit order subscriptions,Mobile Store,2025-01-31,0
Revenue,Debit order subscriptions,Debit order subscriptions,Mobile Store,2025-02-28,0
Revenue,Debit order subscriptions,Debit order subscriptions,Mobile Store,2025-03-31,71110
Revenue,Debit order subscriptions,Debit order subscriptions,Mobile Store,2025-04-30,116148
Revenue,Debit order subscriptions,Debit order subscriptions,Mobile Store,2025-05-31,196935
Revenue,Debit order subscriptions,Debit order subscriptions,Mobile Store,2025-06-30,250622
Revenue,Debit order subscriptions,Debit order subscriptions,Mobile Store,2025-07-01,348051
Revenue,Debit order subscriptions,Debit order subscriptions,Mobile Store,2025-08-01,355668
Revenue,Debit order subscriptions,Debit order subscriptions,Mobile Store,2025-09-01,487694
Revenue,Debit order subscriptions,Debit order subscriptions,Mobile Store,2025-10-01,
Revenue,Debit order subscriptions,Debit order subscriptions,Mobile Store,2025-11-01,0
Revenue,Debit order subscriptions,Debit order subscriptions,Mobile Store,2025-12-01,0
Revenue,Debit order subscriptions,Debit order subscriptions,Mobile Store,2026-01-01,649002.0
Revenue,Debit order subscriptions,Debit order subscriptions,Mobile Store,2026-02-01,
Revenue,Debit order subscriptions,Debit order subscriptions,Mobile Store,2026-03-01,880413
Revenue,Debit order subscriptions,Debit order subscriptions,Mobile Store,2026-04-01,926258
Revenue,Debit order subscriptions,Debit order subscriptions,Mobile Store,2026-05-31,977246
Revenue,Debit order subscriptions,Debit order subscriptions,Mobile Store,2026-06-30,1037461
Revenue,Debit order subscriptions,Debit order subscriptions,Mobile Store,2026-07-01,1077481
Revenue,Debit order subscriptions,Debit order subscriptions,Mobile Store,2026-08-01,1114436
Revenue,Debit order subscriptions,Debit order subscriptions,Mobile Store,2026-09-01,1157202
Revenue,Debit order subscriptions,Debit order subscriptions,Mobile Store,2026-10-01,1192304
Revenue,Debit order subscriptions,Debit order subscriptions,Mobile Store,2026-11-01,1194865
Revenue,Debit order subscriptions,Debit order subscriptions,Mobile Store,2026-12-01,1211689
Revenue,Debit order subscriptions,Debit order subscriptions,Mobile Store,2027-01-01,1238071
Revenue,Debit order subscriptions,Debit order subscriptions,Mobile Store,2027-02-01,1264525
Revenue,Debit order subscriptions,Debit order subscriptions,Mobile Store,2027-03-01,1284713
Revenue,Debit order subscriptions,Debit order subscriptions,Mobile Store,2027-04-01,1309535
Revenue,Debit order subscriptions,Debit order subscriptions,Mobile Store,2027-05-31,1351072
Revenue,Debit order subscriptions,Debit order subscriptions,Mobile Store,2027-06-30,1370417
Revenue,Debit order subscriptions,Debit order subscriptions,Mobile Store,2027-07-01,1387456
Revenue,Debit order subscriptions,Debit order subscriptions,Mobile Store,2027-08-01,1413147
Revenue,Debit order subscriptions,Debit order subscriptions,Mobile Store,2027-09-01,1431345
Revenue,Debit order subscriptions,Debit order subscriptions,Mobile Store,2027-10-01,1418716
Revenue,Debit order subscriptions,Debit order subscriptions,Mobile Store,2027-11-01,1421380
Revenue,Debit order subscriptions,Debit order subscriptions,Mobile Store,2027-12-01,1434726
Revenue,Debit order subscriptions,Debit order subscriptions,Mobile Store,2028-01-01,1350253
Revenue,Debit order subscriptions,Debit order subscriptions,Mobile Store,2028-02-01,1216880
Revenue,Debit order subscriptions,Debit order subscriptions,Retail subscriptions,2023-03-31,
Revenue,Debit order subscriptions,Debit order subscriptions,Retail subscriptions,2023-04-30,
Revenue,Debit order subscriptions,Debit order subscriptions,Retail subscriptions,2023-05-31,
Revenue,Debit order subscriptions,Debit order subscriptions,Retail subscriptions,2023-06-30,
Revenue,Debit order subscriptions,Debit order subscriptions,Retail subscriptions,2023-07-31,
Revenue,Debit order subscriptions,Debit order subscriptions,Retail subscriptions,2023-08-31,
Revenue,Debit order subscriptions,Debit order subscriptions,Retail subscriptions,2023-09-30,
Revenue,Debit order subscriptions,Debit order subscriptions,Retail subscriptions,2023-10-31,
Revenue,Debit order subscriptions,Debit order subscriptions,Retail subscriptions,2023-11-30,
Revenue,Debit order subscriptions,Debit order subscriptions,Retail subscriptions,2023-12-31,
Revenue,Debit order subscriptions,Debit order subscriptions,Retail subscriptions,2024-01-31,
Revenue,Debit order subscriptions,Debit order subscriptions,Retail subscriptions,2024-02-29,
Revenue,Debit order subscriptions,Debit order subscriptions,Retail subscriptions,2024-03-31,
Revenue,Debit order subscriptions,Debit order subscriptions,Retail subscriptions,2024-04-30,
Revenue,Debit order subscriptions,Debit order subscriptions,Retail subscriptions,2024-05-31,
Revenue,Debit order subscriptions,Debit order subscriptions,Retail subscriptions,2024-06-30,
Revenue,Debit order subscriptions,Debit order subscriptions,Retail subscriptions,2024-07-31,
Revenue,Debit order subscriptions,Debit order subscriptions,Retail subscriptions,2024-08-31,
Revenue,Debit order subscriptions,Debit order subscriptions,Retail subscriptions,2024-09-30,
Revenue,Debit order subscriptions,Debit order subscriptions,Retail subscriptions,2024-10-31,
Revenue,Debit order subscriptions,Debit order subscriptions,Retail subscriptions,2024-11-30,
Revenue,Debit order subscriptions,Debit order subscriptions,Retail subscriptions,2024-12-31,
Revenue,Debit order subscriptions,Debit order subscriptions,Retail subscriptions,2025-01-31,
Revenue,Debit order subscriptions,Debit order subscriptions,Retail subscriptions,2025-02-28,
Revenue,Debit order subscriptions,Debit order subscriptions,Retail subscriptions,2025-03-31,
Revenue,Debit order subscriptions,Debit order subscriptions,Retail subscriptions,2025-04-30,
Revenue,Debit order subscriptions,Debit order subscriptions,Retail subscriptions,2025-05-31,0
Revenue,Debit order subscriptions,Debit order subscriptions,Retail subscriptions,2025-06-30,0
Revenue,Debit order subscriptions,Debit order subscriptions,Retail subscriptions,2025-07-01,0
Revenue,Debit order subscriptions,Debit order subscriptions,Retail subscriptions,2025-08-01,0
Revenue,Debit order subscriptions,Debit order subscriptions,Retail subscriptions,2025-09-01,
Revenue,Debit order subscriptions,Debit order subscriptions,Retail subscriptions,2025-10-01,
Revenue,Debit order subscriptions,Debit order subscriptions,Retail subscriptions,2025-11-01,
Revenue,Debit order subscriptions,Debit order subscriptions,Retail subscriptions,2025-12-01,
Revenue,Debit order subscriptions,Debit order subscriptions,Retail subscriptions,2026-01-01,
Revenue,Debit order subscriptions,Debit order subscriptions,Retail subscriptions,2026-02-01,
Revenue,Debit order subscriptions,Debit order subscriptions,Retail subscriptions,2026-03-01,
Revenue,Debit order subscriptions,Debit order subscriptions,Retail subscriptions,2026-04-01,
Revenue,Debit order subscriptions,Debit order subscriptions,Retail subscriptions,2026-05-31,
Revenue,Debit order subscriptions,Debit order subscriptions,Retail subscriptions,2026-06-30,
Revenue,Debit order subscriptions,Debit order subscriptions,Retail subscriptions,2026-07-01,
Revenue,Debit order subscriptions,Debit order subscriptions,Retail subscriptions,2026-08-01,
Revenue,Debit order subscriptions,Debit order subscriptions,Retail subscriptions,2026-09-01,
Revenue,Debit order subscriptions,Debit order subscriptions,Retail subscriptions,2026-10-01,
Revenue,Debit order subscriptions,Debit order subscriptions,Retail subscriptions,2026-11-01,
Revenue,Debit order subscriptions,Debit order subscriptions,Retail subscriptions,2026-12-01,
Revenue,Debit order subscriptions,Debit order subscriptions,Retail subscriptions,2027-01-01,
Revenue,Debit order subscriptions,Debit order subscriptions,Retail subscriptions,2027-02-01,
Revenue,Debit order subscriptions,Debit order subscriptions,Retail subscriptions,2027-03-01,
Revenue,Debit order subscriptions,Debit order subscriptions,Retail subscriptions,2027-04-01,
Revenue,Debit order subscriptions,Debit order subscriptions,Retail subscriptions,2027-05-31,
Revenue,Debit order subscriptions,Debit order subscriptions,Retail subscriptions,2027-06-30,
Revenue,Debit order subscriptions,Debit order subscriptions,Retail subscriptions,2027-07-01,
Revenue,Debit order subscriptions,Debit order subscriptions,Retail subscriptions,2027-08-01,
Revenue,Debit order subscriptions,Debit order subscriptions,Retail subscriptions,2027-09-01,
Revenue,Debit order subscriptions,Debit order subscriptions,Retail subscriptions,2027-10-01,
Revenue,Debit order subscriptions,Debit order subscriptions,Retail subscriptions,2027-11-01,
Revenue,Debit order subscriptions,Debit order subscriptions,Retail subscriptions,2027-12-01,
Revenue,Debit order subscriptions,Debit order subscriptions,Retail subscriptions,2028-01-01,
Revenue,Debit order subscriptions,Debit order subscriptions,Retail subscriptions,2028-02-01,
Revenue,Debit order subscriptions,Debit order subscriptions,Provision for disputes,2023-03-31,
Revenue,Debit order subscriptions,Debit order subscriptions,Provision for disputes,2023-04-30,
Revenue,Debit order subscriptions,Debit order subscriptions,Provision for disputes,2023-05-31,
Revenue,Debit order subscriptions,Debit order subscriptions,Provision for disputes,2023-06-30,
Revenue,Debit order subscriptions,Debit order subscriptions,Provision for disputes,2023-07-31,
Revenue,Debit order subscriptions,Debit order subscriptions,Provision for disputes,2023-08-31,
Revenue,Debit order subscriptions,Debit order subscriptions,Provision for disputes,2023-09-30,
Revenue,Debit order subscriptions,Debit order subscriptions,Provision for disputes,2023-10-31,
Revenue,Debit order subscriptions,Debit order subscriptions,Provision for disputes,2023-11-30,
Revenue,Debit order subscriptions,Debit order subscriptions,Provision for disputes,2023-12-31,
Revenue,Debit order subscriptions,Debit order subscriptions,Provision for disputes,2024-01-31,
Revenue,Debit order subscriptions,Debit order subscriptions,Provision for disputes,2024-02-29,
Revenue,Debit order subscriptions,Debit order subscriptions,Provision for disputes,2024-03-31,
Revenue,Debit order subscriptions,Debit order subscriptions,Provision for disputes,2024-04-30,0
Revenue,Debit order subscriptions,Debit order subscriptions,Provision for disputes,2024-05-31,0
Revenue,Debit order subscriptions,Debit order subscriptions,Provision for disputes,2024-06-30,0
Revenue,Debit order subscriptions,Debit order subscriptions,Provision for disputes,2024-07-31,0
Revenue,Debit order subscriptions,Debit order subscriptions,Provision for disputes,2024-08-31,0
Revenue,Debit order subscriptions,Debit order subscriptions,Provision for disputes,2024-09-30,0
Revenue,Debit order subscriptions,Debit order subscriptions,Provision for disputes,2024-10-31,0
Revenue,Debit order subscriptions,Debit order subscriptions,Provision for disputes,2024-11-30,0
Revenue,Debit order subscriptions,Debit order subscriptions,Provision for disputes,2024-12-31,0
Revenue,Debit order subscriptions,Debit order subscriptions,Provision for disputes,2025-01-31,0
Revenue,Debit order subscriptions,Debit order subscriptions,Provision for disputes,2025-02-28,0
Revenue,Debit order subscriptions,Debit order subscriptions,Provision for disputes,2025-03-31,0
Revenue,Debit order subscriptions,Debit order subscriptions,Provision for disputes,2025-04-30,
Revenue,Debit order subscriptions,Debit order subscriptions,Provision for disputes,2025-05-31,0
Revenue,Debit order subscriptions,Debit order subscriptions,Provision for disputes,2025-06-30,0
Revenue,Debit order subscriptions,Debit order subscriptions,Provision for disputes,2025-07-01,0
Revenue,Debit order subscriptions,Debit order subscriptions,Provision for disputes,2025-08-01,0
Revenue,Debit order subscriptions,Debit order subscriptions,Provision for disputes,2025-09-01,
Revenue,Debit order subscriptions,Debit order subscriptions,Provision for disputes,2025-10-01,
Revenue,Debit order subscriptions,Debit order subscriptions,Provision for disputes,2025-11-01,
Revenue,Debit order subscriptions,Debit order subscriptions,Provision for disputes,2025-12-01,
Revenue,Debit order subscriptions,Debit order subscriptions,Provision for disputes,2026-01-01,
Revenue,Debit order subscriptions,Debit order subscriptions,Provision for disputes,2026-02-01,
Revenue,Debit order subscriptions,Debit order subscriptions,Provision for disputes,2026-03-01,-88184
Revenue,Debit order subscriptions,Debit order subscriptions,Provision for disputes,2026-04-01,-92850
Revenue,Debit order subscriptions,Debit order subscriptions,Provision for disputes,2026-05-31,-97980
Revenue,Debit order subscriptions,Debit order subscriptions,Provision for disputes,2026-06-30,-103354
Revenue,Debit order subscriptions,Debit order subscriptions,Provision for disputes,2026-07-01,-108206
Revenue,Debit order subscriptions,Debit order subscriptions,Provision for disputes,2026-08-01,-112197
Revenue,Debit order subscriptions,Debit order subscriptions,Provision for disputes,2026-09-01,-116400
Revenue,Debit order subscriptions,Debit order subscriptions,Provision for disputes,2026-10-01,-120467
Revenue,Debit order subscriptions,Debit order subscriptions,Provision for disputes,2026-11-01,-122828
Revenue,Debit order subscriptions,Debit order subscriptions,Provision for disputes,2026-12-01,-124711
Revenue,Debit order subscriptions,Debit order subscriptions,Provision for disputes,2027-01-01,-127262
Revenue,Debit order subscriptions,Debit order subscriptions,Provision for disputes,2027-02-01,-129712
Revenue,Debit order subscriptions,Debit order subscriptions,Provision for disputes,2027-03-01,-132344
Revenue,Debit order subscriptions,Debit order subscriptions,Provision for disputes,2027-04-01,-139673
Revenue,Debit order subscriptions,Debit order subscriptions,Provision for disputes,2027-05-31,-142617
Revenue,Debit order subscriptions,Debit order subscriptions,Provision for disputes,2027-06-30,-144865
Revenue,Debit order subscriptions,Debit order subscriptions,Provision for disputes,2027-07-01,-146930
Revenue,Debit order subscriptions,Debit order subscriptions,Provision for disputes,2027-08-01,-149390
Revenue,Debit order subscriptions,Debit order subscriptions,Provision for disputes,2027-09-01,-151611
Revenue,Debit order subscriptions,Debit order subscriptions,Provision for disputes,2027-10-01,-152508
Revenue,Debit order subscriptions,Debit order subscriptions,Provision for disputes,2027-11-01,-153852
Revenue,Debit order subscriptions,Debit order subscriptions,Provision for disputes,2027-12-01,-155664
Revenue,Debit order subscriptions,Debit order subscriptions,Provision for disputes,2028-01-01,-153216
Revenue,Debit order subscriptions,Debit order subscriptions,Provision for disputes,2028-02-01,-148703
Revenue,Airtime recovery from partners,Airtime recovery from partners,Airtime Recovery from 3rd parties,2023-03-31,334783
Revenue,Airtime recovery from partners,Airtime recovery from partners,Airtime Recovery from 3rd parties,2023-04-30,245385
Revenue,Airtime recovery from partners,Airtime recovery from partners,Airtime Recovery from 3rd parties,2023-05-31,270990
Revenue,Airtime recovery from partners,Airtime recovery from partners,Airtime Recovery from 3rd parties,2023-06-30,278581
Revenue,Airtime recovery from partners,Airtime recovery from partners,Airtime Recovery from 3rd parties,2023-07-31,279901
Revenue,Airtime recovery from partners,Airtime recovery from partners,Airtime Recovery from 3rd parties,2023-08-31,287382
Revenue,Airtime recovery from partners,Airtime recovery from partners,Airtime Recovery from 3rd parties,2023-09-30,283280
Revenue,Airtime recovery from partners,Airtime recovery from partners,Airtime Recovery from 3rd parties,2023-10-31,305794
Revenue,Airtime recovery from partners,Airtime recovery from partners,Airtime Recovery from 3rd parties,2023-11-30,273711
Revenue,Airtime recovery from partners,Airtime recovery from partners,Airtime Recovery from 3rd parties,2023-12-31,231787
Revenue,Airtime recovery from partners,Airtime recovery from partners,Airtime Recovery from 3rd parties,2024-01-31,190155
Revenue,Airtime recovery from partners,Airtime recovery from partners,Airtime Recovery from 3rd parties,2024-02-29,561052
Revenue,Airtime recovery from partners,Airtime recovery from partners,Airtime Recovery from 3rd parties,2024-03-31,283767
Revenue,Airtime recovery from partners,Airtime recovery from partners,Airtime Recovery from 3rd parties,2024-04-30,317691
Revenue,Airtime recovery from partners,Airtime recovery from partners,Airtime Recovery from 3rd parties,2024-05-31,330156
Revenue,Airtime recovery from partners,Airtime recovery from partners,Airtime Recovery from 3rd parties,2024-06-30,319797
Revenue,Airtime recovery from partners,Airtime recovery from partners,Airtime Recovery from 3rd parties,2024-07-31,336923
Revenue,Airtime recovery from partners,Airtime recovery from partners,Airtime Recovery from 3rd parties,2024-08-31,296494
Revenue,Airtime recovery from partners,Airtime recovery from partners,Airtime Recovery from 3rd parties,2024-09-30,284019
Revenue,Airtime recovery from partners,Airtime recovery from partners,Airtime Recovery from 3rd parties,2024-10-31,266981
Revenue,Airtime recovery from partners,Airtime recovery from partners,Airtime Recovery from 3rd parties,2024-11-30,285283
Revenue,Airtime recovery from partners,Airtime recovery from partners,Airtime Recovery from 3rd parties,2024-12-31,224870
Revenue,Airtime recovery from partners,Airtime recovery from partners,Airtime Recovery from 3rd parties,2025-01-31,202279
Revenue,Airtime recovery from partners,Airtime recovery from partners,Airtime Recovery from 3rd parties,2025-02-28,251567
Revenue,Airtime recovery from partners,Airtime recovery from partners,Airtime Recovery from 3rd parties,2025-03-31,253239
Revenue,Airtime recovery from partners,Airtime recovery from partners,Airtime Recovery from 3rd parties,2025-04-30,243010
Revenue,Airtime recovery from partners,Airtime recovery from partners,Airtime Recovery from 3rd parties,2025-05-31,226900
Revenue,Airtime recovery from partners,Airtime recovery from partners,Airtime Recovery from 3rd parties,2025-06-30,232404
Revenue,Airtime recovery from partners,Airtime recovery from partners,Airtime Recovery from 3rd parties,2025-07-01,239262
Revenue,Airtime recovery from partners,Airtime recovery from partners,Airtime Recovery from 3rd parties,2025-08-01,213789
Revenue,Airtime recovery from partners,Airtime recovery from partners,Airtime Recovery from 3rd parties,2025-09-01,245271
Revenue,Airtime recovery from partners,Airtime recovery from partners,Airtime Recovery from 3rd parties,2025-10-01,224911
Revenue,Airtime recovery from partners,Airtime recovery from partners,Airtime Recovery from 3rd parties,2025-11-01,147209
Revenue,Airtime recovery from partners,Airtime recovery from partners,Airtime Recovery from 3rd parties,2025-12-01,170210
Revenue,Airtime recovery from partners,Airtime recovery from partners,Airtime Recovery from 3rd parties,2026-01-01,105869.0
Revenue,Airtime recovery from partners,Airtime recovery from partners,Airtime Recovery from 3rd parties,2026-02-01,119075.0
Revenue,Airtime recovery from partners,Airtime recovery from partners,Airtime Recovery from 3rd parties,2026-03-01,299955
Revenue,Airtime recovery from partners,Airtime recovery from partners,Airtime Recovery from 3rd parties,2026-04-01,303078
Revenue,Airtime recovery from partners,Airtime recovery from partners,Airtime Recovery from 3rd parties,2026-05-31,300345
Revenue,Airtime recovery from partners,Airtime recovery from partners,Airtime Recovery from 3rd parties,2026-06-30,301178
Revenue,Airtime recovery from partners,Airtime recovery from partners,Airtime Recovery from 3rd parties,2026-07-01,305664
Revenue,Airtime recovery from partners,Airtime recovery from partners,Airtime Recovery from 3rd parties,2026-08-01,298656
Revenue,Airtime recovery from partners,Airtime recovery from partners,Airtime Recovery from 3rd parties,2026-09-01,300920
Revenue,Airtime recovery from partners,Airtime recovery from partners,Airtime Recovery from 3rd parties,2026-10-01,305128
Revenue,Airtime recovery from partners,Airtime recovery from partners,Airtime Recovery from 3rd parties,2026-11-01,304911
Revenue,Airtime recovery from partners,Airtime recovery from partners,Airtime Recovery from 3rd parties,2026-12-01,292590
Revenue,Airtime recovery from partners,Airtime recovery from partners,Airtime Recovery from 3rd parties,2027-01-01,287716
Revenue,Airtime recovery from partners,Airtime recovery from partners,Airtime Recovery from 3rd parties,2027-02-01,279737
Revenue,Airtime recovery from partners,Airtime recovery from partners,Airtime Recovery from 3rd parties,2027-03-01,289058
Revenue,Airtime recovery from partners,Airtime recovery from partners,Airtime Recovery from 3rd parties,2027-04-01,279771
Revenue,Airtime recovery from partners,Airtime recovery from partners,Airtime Recovery from 3rd parties,2027-05-31,276639
Revenue,Airtime recovery from partners,Airtime recovery from partners,Airtime Recovery from 3rd parties,2027-06-30,281560
Revenue,Airtime recovery from partners,Airtime recovery from partners,Airtime Recovery from 3rd parties,2027-07-01,285992
Revenue,Airtime recovery from partners,Airtime recovery from partners,Airtime Recovery from 3rd parties,2027-08-01,280501
Revenue,Airtime recovery from partners,Airtime recovery from partners,Airtime Recovery from 3rd parties,2027-09-01,282446
Revenue,Airtime recovery from partners,Airtime recovery from partners,Airtime Recovery from 3rd parties,2027-10-01,285784
Revenue,Airtime recovery from partners,Airtime recovery from partners,Airtime Recovery from 3rd parties,2027-11-01,284272
Revenue,Airtime recovery from partners,Airtime recovery from partners,Airtime Recovery from 3rd parties,2027-12-01,273268
Revenue,Airtime recovery from partners,Airtime recovery from partners,Airtime Recovery from 3rd parties,2028-01-01,268372
Revenue,Airtime recovery from partners,Airtime recovery from partners,Airtime Recovery from 3rd parties,2028-02-01,259755
Revenue,Airtime recovery from partners,Airtime recovery from partners,SPOT Airtime Rewards,2023-03-31,
Revenue,Airtime recovery from partners,Airtime recovery from partners,SPOT Airtime Rewards,2023-04-30,
Revenue,Airtime recovery from partners,Airtime recovery from partners,SPOT Airtime Rewards,2023-05-31,
Revenue,Airtime recovery from partners,Airtime recovery from partners,SPOT Airtime Rewards,2023-06-30,
Revenue,Airtime recovery from partners,Airtime recovery from partners,SPOT Airtime Rewards,2023-07-31,
Revenue,Airtime recovery from partners,Airtime recovery from partners,SPOT Airtime Rewards,2023-08-31,
Revenue,Airtime recovery from partners,Airtime recovery from partners,SPOT Airtime Rewards,2023-09-30,
Revenue,Airtime recovery from partners,Airtime recovery from partners,SPOT Airtime Rewards,2023-10-31,25977
Revenue,Airtime recovery from partners,Airtime recovery from partners,SPOT Airtime Rewards,2023-11-30,118144
Revenue,Airtime recovery from partners,Airtime recovery from partners,SPOT Airtime Rewards,2023-12-31,127177
Revenue,Airtime recovery from partners,Airtime recovery from partners,SPOT Airtime Rewards,2024-01-31,213729
Revenue,Airtime recovery from partners,Airtime recovery from partners,SPOT Airtime Rewards,2024-02-29,157682
Revenue,Airtime recovery from partners,Airtime recovery from partners,SPOT Airtime Rewards,2024-03-31,185397
Revenue,Airtime recovery from partners,Airtime recovery from partners,SPOT Airtime Rewards,2024-04-30,159045
Revenue,Airtime recovery from partners,Airtime recovery from partners,SPOT Airtime Rewards,2024-05-31,325331
Revenue,Airtime recovery from partners,Airtime recovery from partners,SPOT Airtime Rewards,2024-06-30,243115
Revenue,Airtime recovery from partners,Airtime recovery from partners,SPOT Airtime Rewards,2024-07-31,371677
Revenue,Airtime recovery from partners,Airtime recovery from partners,SPOT Airtime Rewards,2024-08-31,396498
Revenue,Airtime recovery from partners,Airtime recovery from partners,SPOT Airtime Rewards,2024-09-30,389922
Revenue,Airtime recovery from partners,Airtime recovery from partners,SPOT Airtime Rewards,2024-10-31,390310
Revenue,Airtime recovery from partners,Airtime recovery from partners,SPOT Airtime Rewards,2024-11-30,392133
Revenue,Airtime recovery from partners,Airtime recovery from partners,SPOT Airtime Rewards,2024-12-31,405729
Revenue,Airtime recovery from partners,Airtime recovery from partners,SPOT Airtime Rewards,2025-01-31,478166
Revenue,Airtime recovery from partners,Airtime recovery from partners,SPOT Airtime Rewards,2025-02-28,380322
Revenue,Airtime recovery from partners,Airtime recovery from partners,SPOT Airtime Rewards,2025-03-31,417877
Revenue,Airtime recovery from partners,Airtime recovery from partners,SPOT Airtime Rewards,2025-04-30,436192
Revenue,Airtime recovery from partners,Airtime recovery from partners,SPOT Airtime Rewards,2025-05-31,395079
Revenue,Airtime recovery from partners,Airtime recovery from partners,SPOT Airtime Rewards,2025-06-30,498755
Revenue,Airtime recovery from partners,Airtime recovery from partners,SPOT Airtime Rewards,2025-07-01,387266
Revenue,Airtime recovery from partners,Airtime recovery from partners,SPOT Airtime Rewards,2025-08-01,545550
Revenue,Airtime recovery from partners,Airtime recovery from partners,SPOT Airtime Rewards,2025-09-01,577125
Revenue,Airtime recovery from partners,Airtime recovery from partners,SPOT Airtime Rewards,2025-10-01,595552
Revenue,Airtime recovery from partners,Airtime recovery from partners,SPOT Airtime Rewards,2025-11-01,585032
Revenue,Airtime recovery from partners,Airtime recovery from partners,SPOT Airtime Rewards,2025-12-01,609913
Revenue,Airtime recovery from partners,Airtime recovery from partners,SPOT Airtime Rewards,2026-01-01,584325.0
Revenue,Airtime recovery from partners,Airtime recovery from partners,SPOT Airtime Rewards,2026-02-01,530987.0
Revenue,Airtime recovery from partners,Airtime recovery from partners,SPOT Airtime Rewards,2026-03-01,794880
Revenue,Airtime recovery from partners,Airtime recovery from partners,SPOT Airtime Rewards,2026-04-01,803157
Revenue,Airtime recovery from partners,Airtime recovery from partners,SPOT Airtime Rewards,2026-05-31,795914
Revenue,Airtime recovery from partners,Airtime recovery from partners,SPOT Airtime Rewards,2026-06-30,798121
Revenue,Airtime recovery from partners,Airtime recovery from partners,SPOT Airtime Rewards,2026-07-01,810010
Revenue,Airtime recovery from partners,Airtime recovery from partners,SPOT Airtime Rewards,2026-08-01,791439
Revenue,Airtime recovery from partners,Airtime recovery from partners,SPOT Airtime Rewards,2026-09-01,797439
Revenue,Airtime recovery from partners,Airtime recovery from partners,SPOT Airtime Rewards,2026-10-01,808590
Revenue,Airtime recovery from partners,Airtime recovery from partners,SPOT Airtime Rewards,2026-11-01,808014
Revenue,Airtime recovery from partners,Airtime recovery from partners,SPOT Airtime Rewards,2026-12-01,775363
Revenue,Airtime recovery from partners,Airtime recovery from partners,SPOT Airtime Rewards,2027-01-01,762446
Revenue,Airtime recovery from partners,Airtime recovery from partners,SPOT Airtime Rewards,2027-02-01,741303
Revenue,Airtime recovery from partners,Airtime recovery from partners,SPOT Airtime Rewards,2027-03-01,766003
Revenue,Airtime recovery from partners,Airtime recovery from partners,SPOT Airtime Rewards,2027-04-01,741394
Revenue,Airtime recovery from partners,Airtime recovery from partners,SPOT Airtime Rewards,2027-05-31,733094
Revenue,Airtime recovery from partners,Airtime recovery from partners,SPOT Airtime Rewards,2027-06-30,746133
Revenue,Airtime recovery from partners,Airtime recovery from partners,SPOT Airtime Rewards,2027-07-01,757879
Revenue,Airtime recovery from partners,Airtime recovery from partners,SPOT Airtime Rewards,2027-08-01,743327
Revenue,Airtime recovery from partners,Airtime recovery from partners,SPOT Airtime Rewards,2027-09-01,748482
Revenue,Airtime recovery from partners,Airtime recovery from partners,SPOT Airtime Rewards,2027-10-01,757327
Revenue,Airtime recovery from partners,Airtime recovery from partners,SPOT Airtime Rewards,2027-11-01,753320
Revenue,Airtime recovery from partners,Airtime recovery from partners,SPOT Airtime Rewards,2027-12-01,724160
Revenue,Airtime recovery from partners,Airtime recovery from partners,SPOT Airtime Rewards,2028-01-01,711185
Revenue,Airtime recovery from partners,Airtime recovery from partners,SPOT Airtime Rewards,2028-02-01,688350
Revenue,Airtime recovery from partners,Airtime recovery from partners,Daly,2023-03-31,
Revenue,Airtime recovery from partners,Airtime recovery from partners,Daly,2023-04-30,
Revenue,Airtime recovery from partners,Airtime recovery from partners,Daly,2023-05-31,
Revenue,Airtime recovery from partners,Airtime recovery from partners,Daly,2023-06-30,
Revenue,Airtime recovery from partners,Airtime recovery from partners,Daly,2023-07-31,
Revenue,Airtime recovery from partners,Airtime recovery from partners,Daly,2023-08-31,
Revenue,Airtime recovery from partners,Airtime recovery from partners,Daly,2023-09-30,
Revenue,Airtime recovery from partners,Airtime recovery from partners,Daly,2023-10-31,
Revenue,Airtime recovery from partners,Airtime recovery from partners,Daly,2023-11-30,
Revenue,Airtime recovery from partners,Airtime recovery from partners,Daly,2023-12-31,
Revenue,Airtime recovery from partners,Airtime recovery from partners,Daly,2024-01-31,
Revenue,Airtime recovery from partners,Airtime recovery from partners,Daly,2024-02-29,
Revenue,Airtime recovery from partners,Airtime recovery from partners,Daly,2024-03-31,0
Revenue,Airtime recovery from partners,Airtime recovery from partners,Daly,2024-04-30,0
Revenue,Airtime recovery from partners,Airtime recovery from partners,Daly,2024-05-31,0
Revenue,Airtime recovery from partners,Airtime recovery from partners,Daly,2024-06-30,0
Revenue,Airtime recovery from partners,Airtime recovery from partners,Daly,2024-07-31,0
Revenue,Airtime recovery from partners,Airtime recovery from partners,Daly,2024-08-31,0
Revenue,Airtime recovery from partners,Airtime recovery from partners,Daly,2024-09-30,0
Revenue,Airtime recovery from partners,Airtime recovery from partners,Daly,2024-10-31,0
Revenue,Airtime recovery from partners,Airtime recovery from partners,Daly,2024-11-30,0
Revenue,Airtime recovery from partners,Airtime recovery from partners,Daly,2024-12-31,0
Revenue,Airtime recovery from partners,Airtime recovery from partners,Daly,2025-01-31,0
Revenue,Airtime recovery from partners,Airtime recovery from partners,Daly,2025-02-28,0
Revenue,Airtime recovery from partners,Airtime recovery from partners,Daly,2025-03-31,0
Revenue,Airtime recovery from partners,Airtime recovery from partners,Daly,2025-04-30,3366
Revenue,Airtime recovery from partners,Airtime recovery from partners,Daly,2025-05-31,3878
Revenue,Airtime recovery from partners,Airtime recovery from partners,Daly,2025-06-30,3845
Revenue,Airtime recovery from partners,Airtime recovery from partners,Daly,2025-07-01,0
Revenue,Airtime recovery from partners,Airtime recovery from partners,Daly,2025-08-01,8877
Revenue,Airtime recovery from partners,Airtime recovery from partners,Daly,2025-09-01,5082
Revenue,Airtime recovery from partners,Airtime recovery from partners,Daly,2025-10-01,0
Revenue,Airtime recovery from partners,Airtime recovery from partners,Daly,2025-11-01,10164
Revenue,Airtime recovery from partners,Airtime recovery from partners,Daly,2025-12-01,5082
Revenue,Airtime recovery from partners,Airtime recovery from partners,Daly,2026-01-01,7062.0
Revenue,Airtime recovery from partners,Airtime recovery from partners,Daly,2026-02-01,0
Revenue,Airtime recovery from partners,Airtime recovery from partners,Daly,2026-03-01,6629
Revenue,Airtime recovery from partners,Airtime recovery from partners,Daly,2026-04-01,5866
Revenue,Airtime recovery from partners,Airtime recovery from partners,Daly,2026-05-31,5423
Revenue,Airtime recovery from partners,Airtime recovery from partners,Daly,2026-06-30,5334
Revenue,Airtime recovery from partners,Airtime recovery from partners,Daly,2026-07-01,5046
Revenue,Airtime recovery from partners,Airtime recovery from partners,Daly,2026-08-01,4642
Revenue,Airtime recovery from partners,Airtime recovery from partners,Daly,2026-09-01,4332
Revenue,Airtime recovery from partners,Airtime recovery from partners,Daly,2026-10-01,4034
Revenue,Airtime recovery from partners,Airtime recovery from partners,Daly,2026-11-01,3734
Revenue,Airtime recovery from partners,Airtime recovery from partners,Daly,2026-12-01,3447
Revenue,Airtime recovery from partners,Airtime recovery from partners,Daly,2027-01-01,3190
Revenue,Airtime recovery from partners,Airtime recovery from partners,Daly,2027-02-01,2946
Revenue,Airtime recovery from partners,Airtime recovery from partners,Daly,2027-03-01,2701
Revenue,Airtime recovery from partners,Airtime recovery from partners,Daly,2027-04-01,2469
Revenue,Airtime recovery from partners,Airtime recovery from partners,Daly,2027-05-31,2251
Revenue,Airtime recovery from partners,Airtime recovery from partners,Daly,2027-06-30,2031
Revenue,Airtime recovery from partners,Airtime recovery from partners,Daly,2027-07-01,1825
Revenue,Airtime recovery from partners,Airtime recovery from partners,Daly,2027-08-01,1633
Revenue,Airtime recovery from partners,Airtime recovery from partners,Daly,2027-09-01,1440
Revenue,Airtime recovery from partners,Airtime recovery from partners,Daly,2027-10-01,1262
Revenue,Airtime recovery from partners,Airtime recovery from partners,Daly,2027-11-01,1097
Revenue,Airtime recovery from partners,Airtime recovery from partners,Daly,2027-12-01,932
Revenue,Airtime recovery from partners,Airtime recovery from partners,Daly,2028-01-01,765
Revenue,Airtime recovery from partners,Airtime recovery from partners,Daly,2028-02-01,613
Revenue,Airtime recovery from partners,Airtime recovery from partners,All Life,2023-03-31,
Revenue,Airtime recovery from partners,Airtime recovery from partners,All Life,2023-04-30,
Revenue,Airtime recovery from partners,Airtime recovery from partners,All Life,2023-05-31,
Revenue,Airtime recovery from partners,Airtime recovery from partners,All Life,2023-06-30,
Revenue,Airtime recovery from partners,Airtime recovery from partners,All Life,2023-07-31,
Revenue,Airtime recovery from partners,Airtime recovery from partners,All Life,2023-08-31,
Revenue,Airtime recovery from partners,Airtime recovery from partners,All Life,2023-09-30,
Revenue,Airtime recovery from partners,Airtime recovery from partners,All Life,2023-10-31,
Revenue,Airtime recovery from partners,Airtime recovery from partners,All Life,2023-11-30,
Revenue,Airtime recovery from partners,Airtime recovery from partners,All Life,2023-12-31,
Revenue,Airtime recovery from partners,Airtime recovery from partners,All Life,2024-01-31,
Revenue,Airtime recovery from partners,Airtime recovery from partners,All Life,2024-02-29,
Revenue,Airtime recovery from partners,Airtime recovery from partners,All Life,2024-03-31,0
Revenue,Airtime recovery from partners,Airtime recovery from partners,All Life,2024-04-30,0
Revenue,Airtime recovery from partners,Airtime recovery from partners,All Life,2024-05-31,0
Revenue,Airtime recovery from partners,Airtime recovery from partners,All Life,2024-06-30,0
Revenue,Airtime recovery from partners,Airtime recovery from partners,All Life,2024-07-31,0
Revenue,Airtime recovery from partners,Airtime recovery from partners,All Life,2024-08-31,0
Revenue,Airtime recovery from partners,Airtime recovery from partners,All Life,2024-09-30,0
Revenue,Airtime recovery from partners,Airtime recovery from partners,All Life,2024-10-31,0
Revenue,Airtime recovery from partners,Airtime recovery from partners,All Life,2024-11-30,0
Revenue,Airtime recovery from partners,Airtime recovery from partners,All Life,2024-12-31,0
Revenue,Airtime recovery from partners,Airtime recovery from partners,All Life,2025-01-31,0
Revenue,Airtime recovery from partners,Airtime recovery from partners,All Life,2025-02-28,0
Revenue,Airtime recovery from partners,Airtime recovery from partners,All Life,2025-03-31,0
Revenue,Airtime recovery from partners,Airtime recovery from partners,All Life,2025-04-30,0
Revenue,Airtime recovery from partners,Airtime recovery from partners,All Life,2025-05-31,1140
Revenue,Airtime recovery from partners,Airtime recovery from partners,All Life,2025-06-30,330
Revenue,Airtime recovery from partners,Airtime recovery from partners,All Life,2025-07-01,1125
Revenue,Airtime recovery from partners,Airtime recovery from partners,All Life,2025-08-01,915
Revenue,Airtime recovery from partners,Airtime recovery from partners,All Life,2025-09-01,615
Revenue,Airtime recovery from partners,Airtime recovery from partners,All Life,2025-10-01,0
Revenue,Airtime recovery from partners,Airtime recovery from partners,All Life,2025-11-01,660
Revenue,Airtime recovery from partners,Airtime recovery from partners,All Life,2025-12-01,510
Revenue,Airtime recovery from partners,Airtime recovery from partners,All Life,2026-01-01,270
Revenue,Airtime recovery from partners,Airtime recovery from partners,All Life,2026-02-01,285
Revenue,Airtime recovery from partners,Airtime recovery from partners,All Life,2026-03-01,7718
Revenue,Airtime recovery from partners,Airtime recovery from partners,All Life,2026-04-01,8479
Revenue,Airtime recovery from partners,Airtime recovery from partners,All Life,2026-05-31,9160
Revenue,Airtime recovery from partners,Airtime recovery from partners,All Life,2026-06-30,9865
Revenue,Airtime recovery from partners,Airtime recovery from partners,All Life,2026-07-01,10559
Revenue,Airtime recovery from partners,Airtime recovery from partners,All Life,2026-08-01,11184
Revenue,Airtime recovery from partners,Airtime recovery from partners,All Life,2026-09-01,11786
Revenue,Airtime recovery from partners,Airtime recovery from partners,All Life,2026-10-01,12360
Revenue,Airtime recovery from partners,Airtime recovery from partners,All Life,2026-11-01,12905
Revenue,Airtime recovery from partners,Airtime recovery from partners,All Life,2026-12-01,13421
Revenue,Airtime recovery from partners,Airtime recovery from partners,All Life,2027-01-01,13911
Revenue,Airtime recovery from partners,Airtime recovery from partners,All Life,2027-02-01,14380
Revenue,Airtime recovery from partners,Airtime recovery from partners,All Life,2027-03-01,14826
Revenue,Airtime recovery from partners,Airtime recovery from partners,All Life,2027-04-01,15247
Revenue,Airtime recovery from partners,Airtime recovery from partners,All Life,2027-05-31,15650
Revenue,Airtime recovery from partners,Airtime recovery from partners,All Life,2027-06-30,16032
Revenue,Airtime recovery from partners,Airtime recovery from partners,All Life,2027-07-01,16394
Revenue,Airtime recovery from partners,Airtime recovery from partners,All Life,2027-08-01,16740
Revenue,Airtime recovery from partners,Airtime recovery from partners,All Life,2027-09-01,17068
Revenue,Airtime recovery from partners,Airtime recovery from partners,All Life,2027-10-01,17378
Revenue,Airtime recovery from partners,Airtime recovery from partners,All Life,2027-11-01,17676
Revenue,Airtime recovery from partners,Airtime recovery from partners,All Life,2027-12-01,17959
Revenue,Airtime recovery from partners,Airtime recovery from partners,All Life,2028-01-01,18227
Revenue,Airtime recovery from partners,Airtime recovery from partners,All Life,2028-02-01,18480
Revenue,Airtime recovery from partners,Airtime recovery from partners,Halaala,2023-03-31,
Revenue,Airtime recovery from partners,Airtime recovery from partners,Halaala,2023-04-30,
Revenue,Airtime recovery from partners,Airtime recovery from partners,Halaala,2023-05-31,
Revenue,Airtime recovery from partners,Airtime recovery from partners,Halaala,2023-06-30,
Revenue,Airtime recovery from partners,Airtime recovery from partners,Halaala,2023-07-31,
Revenue,Airtime recovery from partners,Airtime recovery from partners,Halaala,2023-08-31,
Revenue,Airtime recovery from partners,Airtime recovery from partners,Halaala,2023-09-30,
Revenue,Airtime recovery from partners,Airtime recovery from partners,Halaala,2023-10-31,2759
Revenue,Airtime recovery from partners,Airtime recovery from partners,Halaala,2023-11-30,4965
Revenue,Airtime recovery from partners,Airtime recovery from partners,Halaala,2023-12-31,6798
Revenue,Airtime recovery from partners,Airtime recovery from partners,Halaala,2024-01-31,10917
Revenue,Airtime recovery from partners,Airtime recovery from partners,Halaala,2024-02-29,13197
Revenue,Airtime recovery from partners,Airtime recovery from partners,Halaala,2024-03-31,21156
Revenue,Airtime recovery from partners,Airtime recovery from partners,Halaala,2024-04-30,39771
Revenue,Airtime recovery from partners,Airtime recovery from partners,Halaala,2024-05-31,57565
Revenue,Airtime recovery from partners,Airtime recovery from partners,Halaala,2024-06-30,65706
Revenue,Airtime recovery from partners,Airtime recovery from partners,Halaala,2024-07-31,174214
Revenue,Airtime recovery from partners,Airtime recovery from partners,Halaala,2024-08-31,189711
Revenue,Airtime recovery from partners,Airtime recovery from partners,Halaala,2024-09-30,143033
Revenue,Airtime recovery from partners,Airtime recovery from partners,Halaala,2024-10-31,132048
Revenue,Airtime recovery from partners,Airtime recovery from partners,Halaala,2024-11-30,122721
Revenue,Airtime recovery from partners,Airtime recovery from partners,Halaala,2024-12-31,130507
Revenue,Airtime recovery from partners,Airtime recovery from partners,Halaala,2025-01-31,136083
Revenue,Airtime recovery from partners,Airtime recovery from partners,Halaala,2025-02-28,106622
Revenue,Airtime recovery from partners,Airtime recovery from partners,Halaala,2025-03-31,104925
Revenue,Airtime recovery from partners,Airtime recovery from partners,Halaala,2025-04-30,108118
Revenue,Airtime recovery from partners,Airtime recovery from partners,Halaala,2025-05-31,100290
Revenue,Airtime recovery from partners,Airtime recovery from partners,Halaala,2025-06-30,89487
Revenue,Airtime recovery from partners,Airtime recovery from partners,Halaala,2025-07-01,120150
Revenue,Airtime recovery from partners,Airtime recovery from partners,Halaala,2025-08-01,104277
Revenue,Airtime recovery from partners,Airtime recovery from partners,Halaala,2025-09-01,83916
Revenue,Airtime recovery from partners,Airtime recovery from partners,Halaala,2025-10-01,96075
Revenue,Airtime recovery from partners,Airtime recovery from partners,Halaala,2025-11-01,99532
Revenue,Airtime recovery from partners,Airtime recovery from partners,Halaala,2025-12-01,28063
Revenue,Airtime recovery from partners,Airtime recovery from partners,Halaala,2026-01-01,76674.0
Revenue,Airtime recovery from partners,Airtime recovery from partners,Halaala,2026-02-01,86064.0
Revenue,Airtime recovery from partners,Airtime recovery from partners,Halaala,2026-03-01,119982
Revenue,Airtime recovery from partners,Airtime recovery from partners,Halaala,2026-04-01,121231
Revenue,Airtime recovery from partners,Airtime recovery from partners,Halaala,2026-05-31,120138
Revenue,Airtime recovery from partners,Airtime recovery from partners,Halaala,2026-06-30,120471
Revenue,Airtime recovery from partners,Airtime recovery from partners,Halaala,2026-07-01,122266
Revenue,Airtime recovery from partners,Airtime recovery from partners,Halaala,2026-08-01,119463
Revenue,Airtime recovery from partners,Airtime recovery from partners,Halaala,2026-09-01,120368
Revenue,Airtime recovery from partners,Airtime recovery from partners,Halaala,2026-10-01,122051
Revenue,Airtime recovery from partners,Airtime recovery from partners,Halaala,2026-11-01,121964
Revenue,Airtime recovery from partners,Airtime recovery from partners,Halaala,2026-12-01,117036
Revenue,Airtime recovery from partners,Airtime recovery from partners,Halaala,2027-01-01,115086
Revenue,Airtime recovery from partners,Airtime recovery from partners,Halaala,2027-02-01,111895
Revenue,Airtime recovery from partners,Airtime recovery from partners,Halaala,2027-03-01,115623
Revenue,Airtime recovery from partners,Airtime recovery from partners,Halaala,2027-04-01,111908
Revenue,Airtime recovery from partners,Airtime recovery from partners,Halaala,2027-05-31,110656
Revenue,Airtime recovery from partners,Airtime recovery from partners,Halaala,2027-06-30,112624
Revenue,Airtime recovery from partners,Airtime recovery from partners,Halaala,2027-07-01,114397
Revenue,Airtime recovery from partners,Airtime recovery from partners,Halaala,2027-08-01,112200
Revenue,Airtime recovery from partners,Airtime recovery from partners,Halaala,2027-09-01,112978
Revenue,Airtime recovery from partners,Airtime recovery from partners,Halaala,2027-10-01,114313
Revenue,Airtime recovery from partners,Airtime recovery from partners,Halaala,2027-11-01,113709
Revenue,Airtime recovery from partners,Airtime recovery from partners,Halaala,2027-12-01,109307
Revenue,Airtime recovery from partners,Airtime recovery from partners,Halaala,2028-01-01,107349
Revenue,Airtime recovery from partners,Airtime recovery from partners,Halaala,2028-02-01,103902
Revenue,Airtime recovery from partners,Airtime recovery from partners,The Unlimited airtime recovery,2023-03-31,1597001
Revenue,Airtime recovery from partners,Airtime recovery from partners,The Unlimited airtime recovery,2023-04-30,1639757
Revenue,Airtime recovery from partners,Airtime recovery from partners,The Unlimited airtime recovery,2023-05-31,1482742
Revenue,Airtime recovery from partners,Airtime recovery from partners,The Unlimited airtime recovery,2023-06-30,1958197
Revenue,Airtime recovery from partners,Airtime recovery from partners,The Unlimited airtime recovery,2023-07-31,1759315
Revenue,Airtime recovery from partners,Airtime recovery from partners,The Unlimited airtime recovery,2023-08-31,1842472
Revenue,Airtime recovery from partners,Airtime recovery from partners,The Unlimited airtime recovery,2023-09-30,1485074
Revenue,Airtime recovery from partners,Airtime recovery from partners,The Unlimited airtime recovery,2023-10-31,1781069
Revenue,Airtime recovery from partners,Airtime recovery from partners,The Unlimited airtime recovery,2023-11-30,1755956
Revenue,Airtime recovery from partners,Airtime recovery from partners,The Unlimited airtime recovery,2023-12-31,1535070
Revenue,Airtime recovery from partners,Airtime recovery from partners,The Unlimited airtime recovery,2024-01-31,1158344
Revenue,Airtime recovery from partners,Airtime recovery from partners,The Unlimited airtime recovery,2024-02-29,1140563
Revenue,Airtime recovery from partners,Airtime recovery from partners,The Unlimited airtime recovery,2024-03-31,1050361
Revenue,Airtime recovery from partners,Airtime recovery from partners,The Unlimited airtime recovery,2024-04-30,1022543
Revenue,Airtime recovery from partners,Airtime recovery from partners,The Unlimited airtime recovery,2024-05-31,978944
Revenue,Airtime recovery from partners,Airtime recovery from partners,The Unlimited airtime recovery,2024-06-30,970531
Revenue,Airtime recovery from partners,Airtime recovery from partners,The Unlimited airtime recovery,2024-07-31,958580
Revenue,Airtime recovery from partners,Airtime recovery from partners,The Unlimited airtime recovery,2024-08-31,933546
Revenue,Airtime recovery from partners,Airtime recovery from partners,The Unlimited airtime recovery,2024-09-30,897009
Revenue,Airtime recovery from partners,Airtime recovery from partners,The Unlimited airtime recovery,2024-10-31,871800
Revenue,Airtime recovery from partners,Airtime recovery from partners,The Unlimited airtime recovery,2024-11-30,841979
Revenue,Airtime recovery from partners,Airtime recovery from partners,The Unlimited airtime recovery,2024-12-31,642987
Revenue,Airtime recovery from partners,Airtime recovery from partners,The Unlimited airtime recovery,2025-01-31,290185
Revenue,Airtime recovery from partners,Airtime recovery from partners,The Unlimited airtime recovery,2025-02-28,595603
Revenue,Airtime recovery from partners,Airtime recovery from partners,The Unlimited airtime recovery,2025-03-31,587301
Revenue,Airtime recovery from partners,Airtime recovery from partners,The Unlimited airtime recovery,2025-04-30,573421
Revenue,Airtime recovery from partners,Airtime recovery from partners,The Unlimited airtime recovery,2025-05-31,549032
Revenue,Airtime recovery from partners,Airtime recovery from partners,The Unlimited airtime recovery,2025-06-30,536102
Revenue,Airtime recovery from partners,Airtime recovery from partners,The Unlimited airtime recovery,2025-07-01,526153
Revenue,Airtime recovery from partners,Airtime recovery from partners,The Unlimited airtime recovery,2025-08-01,514366
Revenue,Airtime recovery from partners,Airtime recovery from partners,The Unlimited airtime recovery,2025-09-01,499065
Revenue,Airtime recovery from partners,Airtime recovery from partners,The Unlimited airtime recovery,2025-10-01,488359
Revenue,Airtime recovery from partners,Airtime recovery from partners,The Unlimited airtime recovery,2025-11-01,508136
Revenue,Airtime recovery from partners,Airtime recovery from partners,The Unlimited airtime recovery,2025-12-01,558224
Revenue,Airtime recovery from partners,Airtime recovery from partners,The Unlimited airtime recovery,2026-01-01,540951.0
Revenue,Airtime recovery from partners,Airtime recovery from partners,The Unlimited airtime recovery,2026-02-01,543762.0
Revenue,Airtime recovery from partners,Airtime recovery from partners,The Unlimited airtime recovery,2026-03-01,446974
Revenue,Airtime recovery from partners,Airtime recovery from partners,The Unlimited airtime recovery,2026-04-01,438034
Revenue,Airtime recovery from partners,Airtime recovery from partners,The Unlimited airtime recovery,2026-05-31,429274
Revenue,Airtime recovery from partners,Airtime recovery from partners,The Unlimited airtime recovery,2026-06-30,420688
Revenue,Airtime recovery from partners,Airtime recovery from partners,The Unlimited airtime recovery,2026-07-01,412274
Revenue,Airtime recovery from partners,Airtime recovery from partners,The Unlimited airtime recovery,2026-08-01,404029
Revenue,Airtime recovery from partners,Airtime recovery from partners,The Unlimited airtime recovery,2026-09-01,395948
Revenue,Airtime recovery from partners,Airtime recovery from partners,The Unlimited airtime recovery,2026-10-01,388029
Revenue,Airtime recovery from partners,Airtime recovery from partners,The Unlimited airtime recovery,2026-11-01,380269
Revenue,Airtime recovery from partners,Airtime recovery from partners,The Unlimited airtime recovery,2026-12-01,372663
Revenue,Airtime recovery from partners,Airtime recovery from partners,The Unlimited airtime recovery,2027-01-01,365210
Revenue,Airtime recovery from partners,Airtime recovery from partners,The Unlimited airtime recovery,2027-02-01,357906
Revenue,Airtime recovery from partners,Airtime recovery from partners,The Unlimited airtime recovery,2027-03-01,350748
Revenue,Airtime recovery from partners,Airtime recovery from partners,The Unlimited airtime recovery,2027-04-01,343733
Revenue,Airtime recovery from partners,Airtime recovery from partners,The Unlimited airtime recovery,2027-05-31,336858
Revenue,Airtime recovery from partners,Airtime recovery from partners,The Unlimited airtime recovery,2027-06-30,330121
Revenue,Airtime recovery from partners,Airtime recovery from partners,The Unlimited airtime recovery,2027-07-01,323519
Revenue,Airtime recovery from partners,Airtime recovery from partners,The Unlimited airtime recovery,2027-08-01,317048
Revenue,Airtime recovery from partners,Airtime recovery from partners,The Unlimited airtime recovery,2027-09-01,310707
Revenue,Airtime recovery from partners,Airtime recovery from partners,The Unlimited airtime recovery,2027-10-01,304493
Revenue,Airtime recovery from partners,Airtime recovery from partners,The Unlimited airtime recovery,2027-11-01,298403
Revenue,Airtime recovery from partners,Airtime recovery from partners,The Unlimited airtime recovery,2027-12-01,292435
Revenue,Airtime recovery from partners,Airtime recovery from partners,The Unlimited airtime recovery,2028-01-01,286587
Revenue,Airtime recovery from partners,Airtime recovery from partners,The Unlimited airtime recovery,2028-02-01,280855
Revenue,Airtime recovery from partners,Airtime recovery from partners,The Unlimited- R10 airtime,2023-03-31,
Revenue,Airtime recovery from partners,Airtime recovery from partners,The Unlimited- R10 airtime,2023-04-30,
Revenue,Airtime recovery from partners,Airtime recovery from partners,The Unlimited- R10 airtime,2023-05-31,
Revenue,Airtime recovery from partners,Airtime recovery from partners,The Unlimited- R10 airtime,2023-06-30,
Revenue,Airtime recovery from partners,Airtime recovery from partners,The Unlimited- R10 airtime,2023-07-31,
Revenue,Airtime recovery from partners,Airtime recovery from partners,The Unlimited- R10 airtime,2023-08-31,
Revenue,Airtime recovery from partners,Airtime recovery from partners,The Unlimited- R10 airtime,2023-09-30,
Revenue,Airtime recovery from partners,Airtime recovery from partners,The Unlimited- R10 airtime,2023-10-31,
Revenue,Airtime recovery from partners,Airtime recovery from partners,The Unlimited- R10 airtime,2023-11-30,
Revenue,Airtime recovery from partners,Airtime recovery from partners,The Unlimited- R10 airtime,2023-12-31,
Revenue,Airtime recovery from partners,Airtime recovery from partners,The Unlimited- R10 airtime,2024-01-31,
Revenue,Airtime recovery from partners,Airtime recovery from partners,The Unlimited- R10 airtime,2024-02-29,
Revenue,Airtime recovery from partners,Airtime recovery from partners,The Unlimited- R10 airtime,2024-03-31,
Revenue,Airtime recovery from partners,Airtime recovery from partners,The Unlimited- R10 airtime,2024-04-30,
Revenue,Airtime recovery from partners,Airtime recovery from partners,The Unlimited- R10 airtime,2024-05-31,
Revenue,Airtime recovery from partners,Airtime recovery from partners,The Unlimited- R10 airtime,2024-06-30,
Revenue,Airtime recovery from partners,Airtime recovery from partners,The Unlimited- R10 airtime,2024-07-31,0
Revenue,Airtime recovery from partners,Airtime recovery from partners,The Unlimited- R10 airtime,2024-08-31,62757
Revenue,Airtime recovery from partners,Airtime recovery from partners,The Unlimited- R10 airtime,2024-09-30,88477
Revenue,Airtime recovery from partners,Airtime recovery from partners,The Unlimited- R10 airtime,2024-10-31,287000
Revenue,Airtime recovery from partners,Airtime recovery from partners,The Unlimited- R10 airtime,2024-11-30,314623
Revenue,Airtime recovery from partners,Airtime recovery from partners,The Unlimited- R10 airtime,2024-12-31,383991
Revenue,Airtime recovery from partners,Airtime recovery from partners,The Unlimited- R10 airtime,2025-01-31,372109
Revenue,Airtime recovery from partners,Airtime recovery from partners,The Unlimited- R10 airtime,2025-02-28,405542
Revenue,Airtime recovery from partners,Airtime recovery from partners,The Unlimited- R10 airtime,2025-03-31,416361
Revenue,Airtime recovery from partners,Airtime recovery from partners,The Unlimited- R10 airtime,2025-04-30,425644
Revenue,Airtime recovery from partners,Airtime recovery from partners,The Unlimited- R10 airtime,2025-05-31,428425
Revenue,Airtime recovery from partners,Airtime recovery from partners,The Unlimited- R10 airtime,2025-06-30,452808
Revenue,Airtime recovery from partners,Airtime recovery from partners,The Unlimited- R10 airtime,2025-07-01,452278
Revenue,Airtime recovery from partners,Airtime recovery from partners,The Unlimited- R10 airtime,2025-08-01,450438
Revenue,Airtime recovery from partners,Airtime recovery from partners,The Unlimited- R10 airtime,2025-09-01,450832
Revenue,Airtime recovery from partners,Airtime recovery from partners,The Unlimited- R10 airtime,2025-10-01,460894
Revenue,Airtime recovery from partners,Airtime recovery from partners,The Unlimited- R10 airtime,2025-11-01,514629
Revenue,Airtime recovery from partners,Airtime recovery from partners,The Unlimited- R10 airtime,2025-12-01,529923
Revenue,Airtime recovery from partners,Airtime recovery from partners,The Unlimited- R10 airtime,2026-01-01,539557.0
Revenue,Airtime recovery from partners,Airtime recovery from partners,The Unlimited- R10 airtime,2026-02-01,529449.0
Revenue,Airtime recovery from partners,Airtime recovery from partners,The Unlimited- R10 airtime,2026-03-01,519020
Revenue,Airtime recovery from partners,Airtime recovery from partners,The Unlimited- R10 airtime,2026-04-01,531877
Revenue,Airtime recovery from partners,Airtime recovery from partners,The Unlimited- R10 airtime,2026-05-31,544733
Revenue,Airtime recovery from partners,Airtime recovery from partners,The Unlimited- R10 airtime,2026-06-30,557590
Revenue,Airtime recovery from partners,Airtime recovery from partners,The Unlimited- R10 airtime,2026-07-01,570447
Revenue,Airtime recovery from partners,Airtime recovery from partners,The Unlimited- R10 airtime,2026-08-01,583304
Revenue,Airtime recovery from partners,Airtime recovery from partners,The Unlimited- R10 airtime,2026-09-01,596160
Revenue,Airtime recovery from partners,Airtime recovery from partners,The Unlimited- R10 airtime,2026-10-01,609017
Revenue,Airtime recovery from partners,Airtime recovery from partners,The Unlimited- R10 airtime,2026-11-01,621874
Revenue,Airtime recovery from partners,Airtime recovery from partners,The Unlimited- R10 airtime,2026-12-01,630568
Revenue,Airtime recovery from partners,Airtime recovery from partners,The Unlimited- R10 airtime,2027-01-01,640395
Revenue,Airtime recovery from partners,Airtime recovery from partners,The Unlimited- R10 airtime,2027-02-01,651966
Revenue,Airtime recovery from partners,Airtime recovery from partners,The Unlimited- R10 airtime,2027-03-01,664823
Revenue,Airtime recovery from partners,Airtime recovery from partners,The Unlimited- R10 airtime,2027-04-01,677680
Revenue,Airtime recovery from partners,Airtime recovery from partners,The Unlimited- R10 airtime,2027-05-31,690536
Revenue,Airtime recovery from partners,Airtime recovery from partners,The Unlimited- R10 airtime,2027-06-30,703393
Revenue,Airtime recovery from partners,Airtime recovery from partners,The Unlimited- R10 airtime,2027-07-01,716250
Revenue,Airtime recovery from partners,Airtime recovery from partners,The Unlimited- R10 airtime,2027-08-01,729107
Revenue,Airtime recovery from partners,Airtime recovery from partners,The Unlimited- R10 airtime,2027-09-01,741963
Revenue,Airtime recovery from partners,Airtime recovery from partners,The Unlimited- R10 airtime,2027-10-01,754820
Revenue,Airtime recovery from partners,Airtime recovery from partners,The Unlimited- R10 airtime,2027-11-01,767677
Revenue,Airtime recovery from partners,Airtime recovery from partners,The Unlimited- R10 airtime,2027-12-01,777534
Revenue,Airtime recovery from partners,Airtime recovery from partners,The Unlimited- R10 airtime,2028-01-01,788676
Revenue,Airtime recovery from partners,Airtime recovery from partners,The Unlimited- R10 airtime,2028-02-01,800247
Revenue,Other Revenue,Other Revenue,Retail payaway,2023-03-31,
Revenue,Other Revenue,Other Revenue,Retail payaway,2023-04-30,
Revenue,Other Revenue,Other Revenue,Retail payaway,2023-05-31,
Revenue,Other Revenue,Other Revenue,Retail payaway,2023-06-30,
Revenue,Other Revenue,Other Revenue,Retail payaway,2023-07-31,
Revenue,Other Revenue,Other Revenue,Retail payaway,2023-08-31,
Revenue,Other Revenue,Other Revenue,Retail payaway,2023-09-30,
Revenue,Other Revenue,Other Revenue,Retail payaway,2023-10-31,
Revenue,Other Revenue,Other Revenue,Retail payaway,2023-11-30,
Revenue,Other Revenue,Other Revenue,Retail payaway,2023-12-31,
Revenue,Other Revenue,Other Revenue,Retail payaway,2024-01-31,
Revenue,Other Revenue,Other Revenue,Retail payaway,2024-02-29,
Revenue,Other Revenue,Other Revenue,Retail payaway,2024-03-31,
Revenue,Other Revenue,Other Revenue,Retail payaway,2024-04-30,
Revenue,Other Revenue,Other Revenue,Retail payaway,2024-05-31,
Revenue,Other Revenue,Other Revenue,Retail payaway,2024-06-30,
Revenue,Other Revenue,Other Revenue,Retail payaway,2024-07-31,
Revenue,Other Revenue,Other Revenue,Retail payaway,2024-08-31,
Revenue,Other Revenue,Other Revenue,Retail payaway,2024-09-30,
Revenue,Other Revenue,Other Revenue,Retail payaway,2024-10-31,
Revenue,Other Revenue,Other Revenue,Retail payaway,2024-11-30,
Revenue,Other Revenue,Other Revenue,Retail payaway,2024-12-31,
Revenue,Other Revenue,Other Revenue,Retail payaway,2025-01-31,
Revenue,Other Revenue,Other Revenue,Retail payaway,2025-02-28,
Revenue,Other Revenue,Other Revenue,Retail payaway,2025-03-31,
Revenue,Other Revenue,Other Revenue,Retail payaway,2025-04-30,
Revenue,Other Revenue,Other Revenue,Retail payaway,2025-05-31,
Revenue,Other Revenue,Other Revenue,Retail payaway,2025-06-30,
Revenue,Other Revenue,Other Revenue,Retail payaway,2025-07-01,-30000
Revenue,Other Revenue,Other Revenue,Retail payaway,2025-08-01,-51792
Revenue,Other Revenue,Other Revenue,Retail payaway,2025-09-01,-51792
Revenue,Other Revenue,Other Revenue,Retail payaway,2025-10-01,
Revenue,Other Revenue,Other Revenue,Retail payaway,2025-11-01,0
Revenue,Other Revenue,Other Revenue,Retail payaway,2025-12-01,0
Revenue,Other Revenue,Other Revenue,Retail payaway,2026-01-01,0
Revenue,Other Revenue,Other Revenue,Retail payaway,2026-02-01,0
Revenue,Other Revenue,Other Revenue,Retail payaway,2026-03-01,-87234
Revenue,Other Revenue,Other Revenue,Retail payaway,2026-04-01,-90729
Revenue,Other Revenue,Other Revenue,Retail payaway,2026-05-31,-95509
Revenue,Other Revenue,Other Revenue,Retail payaway,2026-06-30,-99267
Revenue,Other Revenue,Other Revenue,Retail payaway,2026-07-01,-104312
Revenue,Other Revenue,Other Revenue,Retail payaway,2026-08-01,-108638
Revenue,Other Revenue,Other Revenue,Retail payaway,2026-09-01,-110998
Revenue,Other Revenue,Other Revenue,Retail payaway,2026-10-01,-115830
Revenue,Other Revenue,Other Revenue,Retail payaway,2026-11-01,-119021
Revenue,Other Revenue,Other Revenue,Retail payaway,2026-12-01,-121482
Revenue,Other Revenue,Other Revenue,Retail payaway,2027-01-01,-125835
Revenue,Other Revenue,Other Revenue,Retail payaway,2027-02-01,-126441
Revenue,Other Revenue,Other Revenue,Retail payaway,2027-03-01,
Revenue,Other Revenue,Other Revenue,Retail payaway,2027-04-01,
Revenue,Other Revenue,Other Revenue,Retail payaway,2027-05-31,
Revenue,Other Revenue,Other Revenue,Retail payaway,2027-06-30,
Revenue,Other Revenue,Other Revenue,Retail payaway,2027-07-01,
Revenue,Other Revenue,Other Revenue,Retail payaway,2027-08-01,
Revenue,Other Revenue,Other Revenue,Retail payaway,2027-09-01,
Revenue,Other Revenue,Other Revenue,Retail payaway,2027-10-01,
Revenue,Other Revenue,Other Revenue,Retail payaway,2027-11-01,
Revenue,Other Revenue,Other Revenue,Retail payaway,2027-12-01,
Revenue,Other Revenue,Other Revenue,Retail payaway,2028-01-01,
Revenue,Other Revenue,Other Revenue,Retail payaway,2028-02-01,
Revenue,Other Revenue,Other Revenue,Retail subscriptions payaway,2023-03-31,
Revenue,Other Revenue,Other Revenue,Retail subscriptions payaway,2023-04-30,
Revenue,Other Revenue,Other Revenue,Retail subscriptions payaway,2023-05-31,
Revenue,Other Revenue,Other Revenue,Retail subscriptions payaway,2023-06-30,
Revenue,Other Revenue,Other Revenue,Retail subscriptions payaway,2023-07-31,
Revenue,Other Revenue,Other Revenue,Retail subscriptions payaway,2023-08-31,
Revenue,Other Revenue,Other Revenue,Retail subscriptions payaway,2023-09-30,
Revenue,Other Revenue,Other Revenue,Retail subscriptions payaway,2023-10-31,
Revenue,Other Revenue,Other Revenue,Retail subscriptions payaway,2023-11-30,
Revenue,Other Revenue,Other Revenue,Retail subscriptions payaway,2023-12-31,
Revenue,Other Revenue,Other Revenue,Retail subscriptions payaway,2024-01-31,
Revenue,Other Revenue,Other Revenue,Retail subscriptions payaway,2024-02-29,
Revenue,Other Revenue,Other Revenue,Retail subscriptions payaway,2024-03-31,
Revenue,Other Revenue,Other Revenue,Retail subscriptions payaway,2024-04-30,
Revenue,Other Revenue,Other Revenue,Retail subscriptions payaway,2024-05-31,
Revenue,Other Revenue,Other Revenue,Retail subscriptions payaway,2024-06-30,
Revenue,Other Revenue,Other Revenue,Retail subscriptions payaway,2024-07-31,
Revenue,Other Revenue,Other Revenue,Retail subscriptions payaway,2024-08-31,
Revenue,Other Revenue,Other Revenue,Retail subscriptions payaway,2024-09-30,
Revenue,Other Revenue,Other Revenue,Retail subscriptions payaway,2024-10-31,
Revenue,Other Revenue,Other Revenue,Retail subscriptions payaway,2024-11-30,
Revenue,Other Revenue,Other Revenue,Retail subscriptions payaway,2024-12-31,
Revenue,Other Revenue,Other Revenue,Retail subscriptions payaway,2025-01-31,
Revenue,Other Revenue,Other Revenue,Retail subscriptions payaway,2025-02-28,
Revenue,Other Revenue,Other Revenue,Retail subscriptions payaway,2025-03-31,
Revenue,Other Revenue,Other Revenue,Retail subscriptions payaway,2025-04-30,
Revenue,Other Revenue,Other Revenue,Retail subscriptions payaway,2025-05-31,
Revenue,Other Revenue,Other Revenue,Retail subscriptions payaway,2025-06-30,
Revenue,Other Revenue,Other Revenue,Retail subscriptions payaway,2025-07-01,0
Revenue,Other Revenue,Other Revenue,Retail subscriptions payaway,2025-08-01,
Revenue,Other Revenue,Other Revenue,Retail subscriptions payaway,2025-09-01,
Revenue,Other Revenue,Other Revenue,Retail subscriptions payaway,2025-10-01,
Revenue,Other Revenue,Other Revenue,Retail subscriptions payaway,2025-11-01,0
Revenue,Other Revenue,Other Revenue,Retail subscriptions payaway,2025-12-01,0
Revenue,Other Revenue,Other Revenue,Retail subscriptions payaway,2026-01-01,0
Revenue,Other Revenue,Other Revenue,Retail subscriptions payaway,2026-02-01,0
Revenue,Other Revenue,Other Revenue,Retail subscriptions payaway,2026-03-01,-15
Revenue,Other Revenue,Other Revenue,Retail subscriptions payaway,2026-04-01,-15
Revenue,Other Revenue,Other Revenue,Retail subscriptions payaway,2026-05-31,-14
Revenue,Other Revenue,Other Revenue,Retail subscriptions payaway,2026-06-30,-14
Revenue,Other Revenue,Other Revenue,Retail subscriptions payaway,2026-07-01,-14
Revenue,Other Revenue,Other Revenue,Retail subscriptions payaway,2026-08-01,-13
Revenue,Other Revenue,Other Revenue,Retail subscriptions payaway,2026-09-01,-13
Revenue,Other Revenue,Other Revenue,Retail subscriptions payaway,2026-10-01,-13
Revenue,Other Revenue,Other Revenue,Retail subscriptions payaway,2026-11-01,-12
Revenue,Other Revenue,Other Revenue,Retail subscriptions payaway,2026-12-01,-12
Revenue,Other Revenue,Other Revenue,Retail subscriptions payaway,2027-01-01,-12
Revenue,Other Revenue,Other Revenue,Retail subscriptions payaway,2027-02-01,-11
Revenue,Other Revenue,Other Revenue,Retail subscriptions payaway,2027-03-01,
Revenue,Other Revenue,Other Revenue,Retail subscriptions payaway,2027-04-01,
Revenue,Other Revenue,Other Revenue,Retail subscriptions payaway,2027-05-31,
Revenue,Other Revenue,Other Revenue,Retail subscriptions payaway,2027-06-30,
Revenue,Other Revenue,Other Revenue,Retail subscriptions payaway,2027-07-01,
Revenue,Other Revenue,Other Revenue,Retail subscriptions payaway,2027-08-01,
Revenue,Other Revenue,Other Revenue,Retail subscriptions payaway,2027-09-01,
Revenue,Other Revenue,Other Revenue,Retail subscriptions payaway,2027-10-01,
Revenue,Other Revenue,Other Revenue,Retail subscriptions payaway,2027-11-01,
Revenue,Other Revenue,Other Revenue,Retail subscriptions payaway,2027-12-01,
Revenue,Other Revenue,Other Revenue,Retail subscriptions payaway,2028-01-01,
Revenue,Other Revenue,Other Revenue,Retail subscriptions payaway,2028-02-01,
Revenue,Other Revenue,Other Revenue,Wholesale Revenue,2023-03-31,
Revenue,Other Revenue,Other Revenue,Wholesale Revenue,2023-04-30,
Revenue,Other Revenue,Other Revenue,Wholesale Revenue,2023-05-31,
Revenue,Other Revenue,Other Revenue,Wholesale Revenue,2023-06-30,
Revenue,Other Revenue,Other Revenue,Wholesale Revenue,2023-07-31,
Revenue,Other Revenue,Other Revenue,Wholesale Revenue,2023-08-31,
Revenue,Other Revenue,Other Revenue,Wholesale Revenue,2023-09-30,
Revenue,Other Revenue,Other Revenue,Wholesale Revenue,2023-10-31,
Revenue,Other Revenue,Other Revenue,Wholesale Revenue,2023-11-30,
Revenue,Other Revenue,Other Revenue,Wholesale Revenue,2023-12-31,
Revenue,Other Revenue,Other Revenue,Wholesale Revenue,2024-01-31,
Revenue,Other Revenue,Other Revenue,Wholesale Revenue,2024-02-29,
Revenue,Other Revenue,Other Revenue,Wholesale Revenue,2024-03-31,
Revenue,Other Revenue,Other Revenue,Wholesale Revenue,2024-04-30,
Revenue,Other Revenue,Other Revenue,Wholesale Revenue,2024-05-31,
Revenue,Other Revenue,Other Revenue,Wholesale Revenue,2024-06-30,
Revenue,Other Revenue,Other Revenue,Wholesale Revenue,2024-07-31,
Revenue,Other Revenue,Other Revenue,Wholesale Revenue,2024-08-31,
Revenue,Other Revenue,Other Revenue,Wholesale Revenue,2024-09-30,
Revenue,Other Revenue,Other Revenue,Wholesale Revenue,2024-10-31,
Revenue,Other Revenue,Other Revenue,Wholesale Revenue,2024-11-30,
Revenue,Other Revenue,Other Revenue,Wholesale Revenue,2024-12-31,
Revenue,Other Revenue,Other Revenue,Wholesale Revenue,2025-01-31,
Revenue,Other Revenue,Other Revenue,Wholesale Revenue,2025-02-28,
Revenue,Other Revenue,Other Revenue,Wholesale Revenue,2025-03-31,
Revenue,Other Revenue,Other Revenue,Wholesale Revenue,2025-04-30,
Revenue,Other Revenue,Other Revenue,Wholesale Revenue,2025-05-31,
Revenue,Other Revenue,Other Revenue,Wholesale Revenue,2025-06-30,0
Revenue,Other Revenue,Other Revenue,Wholesale Revenue,2025-07-01,0
Revenue,Other Revenue,Other Revenue,Wholesale Revenue,2025-08-01,0
Revenue,Other Revenue,Other Revenue,Wholesale Revenue,2025-09-01,0
Revenue,Other Revenue,Other Revenue,Wholesale Revenue,2025-10-01,0
Revenue,Other Revenue,Other Revenue,Wholesale Revenue,2025-11-01,0
Revenue,Other Revenue,Other Revenue,Wholesale Revenue,2025-12-01,0
Revenue,Other Revenue,Other Revenue,Wholesale Revenue,2026-01-01,0
Revenue,Other Revenue,Other Revenue,Wholesale Revenue,2026-02-01,0
Revenue,Other Revenue,Other Revenue,Wholesale Revenue,2026-03-01,0
Revenue,Other Revenue,Other Revenue,Wholesale Revenue,2026-04-01,0
Revenue,Other Revenue,Other Revenue,Wholesale Revenue,2026-05-31,0
Revenue,Other Revenue,Other Revenue,Wholesale Revenue,2026-06-30,0
Revenue,Other Revenue,Other Revenue,Wholesale Revenue,2026-07-01,0
Revenue,Other Revenue,Other Revenue,Wholesale Revenue,2026-08-01,0
Revenue,Other Revenue,Other Revenue,Wholesale Revenue,2026-09-01,0
Revenue,Other Revenue,Other Revenue,Wholesale Revenue,2026-10-01,0
Revenue,Other Revenue,Other Revenue,Wholesale Revenue,2026-11-01,0
Revenue,Other Revenue,Other Revenue,Wholesale Revenue,2026-12-01,0
Revenue,Other Revenue,Other Revenue,Wholesale Revenue,2027-01-01,0
Revenue,Other Revenue,Other Revenue,Wholesale Revenue,2027-02-01,0
Revenue,Other Revenue,Other Revenue,Wholesale Revenue,2027-03-01,0
Revenue,Other Revenue,Other Revenue,Wholesale Revenue,2027-04-01,0
Revenue,Other Revenue,Other Revenue,Wholesale Revenue,2027-05-31,0
Revenue,Other Revenue,Other Revenue,Wholesale Revenue,2027-06-30,0
Revenue,Other Revenue,Other Revenue,Wholesale Revenue,2027-07-01,0
Revenue,Other Revenue,Other Revenue,Wholesale Revenue,2027-08-01,0
Revenue,Other Revenue,Other Revenue,Wholesale Revenue,2027-09-01,0
Revenue,Other Revenue,Other Revenue,Wholesale Revenue,2027-10-01,0
Revenue,Other Revenue,Other Revenue,Wholesale Revenue,2027-11-01,0
Revenue,Other Revenue,Other Revenue,Wholesale Revenue,2027-12-01,0
Revenue,Other Revenue,Other Revenue,Wholesale Revenue,2028-01-01,0
Revenue,Other Revenue,Other Revenue,Wholesale Revenue,2028-02-01,0
Revenue,Other Revenue,Other Revenue,Other income,2023-03-31,152050
Revenue,Other Revenue,Other Revenue,Other income,2023-04-30,8404
Revenue,Other Revenue,Other Revenue,Other income,2023-05-31,221641
Revenue,Other Revenue,Other Revenue,Other income,2023-06-30,225072
Revenue,Other Revenue,Other Revenue,Other income,2023-07-31,185982
Revenue,Other Revenue,Other Revenue,Other income,2023-08-31,302789
Revenue,Other Revenue,Other Revenue,Other income,2023-09-30,362456
Revenue,Other Revenue,Other Revenue,Other income,2023-10-31,301500
Revenue,Other Revenue,Other Revenue,Other income,2023-11-30,342750
Revenue,Other Revenue,Other Revenue,Other income,2023-12-31,5250
Revenue,Other Revenue,Other Revenue,Other income,2024-01-31,181510
Revenue,Other Revenue,Other Revenue,Other income,2024-02-29,297000
Revenue,Other Revenue,Other Revenue,Other income,2024-03-31,810
Revenue,Other Revenue,Other Revenue,Other income,2024-04-30,148500
Revenue,Other Revenue,Other Revenue,Other income,2024-05-31,417050
Revenue,Other Revenue,Other Revenue,Other income,2024-06-30,0
Revenue,Other Revenue,Other Revenue,Other income,2024-07-31,883233
Revenue,Other Revenue,Other Revenue,Other income,2024-08-31,0
Revenue,Other Revenue,Other Revenue,Other income,2024-09-30,0
Revenue,Other Revenue,Other Revenue,Other income,2024-10-31,1188
Revenue,Other Revenue,Other Revenue,Other income,2024-11-30,280000
Revenue,Other Revenue,Other Revenue,Other income,2024-12-31,140000
Revenue,Other Revenue,Other Revenue,Other income,2025-01-31,3400
Revenue,Other Revenue,Other Revenue,Other income,2025-02-28,280000
Revenue,Other Revenue,Other Revenue,Other income,2025-03-31,280060
Revenue,Other Revenue,Other Revenue,Other income,2025-04-30,116934
Revenue,Other Revenue,Other Revenue,Other income,2025-05-31,456035
Revenue,Other Revenue,Other Revenue,Other income,2025-06-30,230826
Revenue,Other Revenue,Other Revenue,Other income,2025-07-01,228839
Revenue,Other Revenue,Other Revenue,Other income,2025-08-01,228297
Revenue,Other Revenue,Other Revenue,Other income,2025-09-01,228026
Revenue,Other Revenue,Other Revenue,Other income,2025-10-01,121120
Revenue,Other Revenue,Other Revenue,Other income,2025-11-01,50860
Revenue,Other Revenue,Other Revenue,Other income,2025-12-01,73140
Revenue,Other Revenue,Other Revenue,Other income,2026-01-01,95200.0
Revenue,Other Revenue,Other Revenue,Other income,2026-02-01,64675.0
Revenue,Other Revenue,Other Revenue,Other income,2026-03-01,
Revenue,Other Revenue,Other Revenue,Other income,2026-04-01,
Revenue,Other Revenue,Other Revenue,Other income,2026-05-31,
Revenue,Other Revenue,Other Revenue,Other income,2026-06-30,
Revenue,Other Revenue,Other Revenue,Other income,2026-07-01,
Revenue,Other Revenue,Other Revenue,Other income,2026-08-01,
Revenue,Other Revenue,Other Revenue,Other income,2026-09-01,
Revenue,Other Revenue,Other Revenue,Other income,2026-10-01,
Revenue,Other Revenue,Other Revenue,Other income,2026-11-01,
Revenue,Other Revenue,Other Revenue,Other income,2026-12-01,
Revenue,Other Revenue,Other Revenue,Other income,2027-01-01,
Revenue,Other Revenue,Other Revenue,Other income,2027-02-01,
Revenue,Other Revenue,Other Revenue,Other income,2027-03-01,
Revenue,Other Revenue,Other Revenue,Other income,2027-04-01,
Revenue,Other Revenue,Other Revenue,Other income,2027-05-31,
Revenue,Other Revenue,Other Revenue,Other income,2027-06-30,
Revenue,Other Revenue,Other Revenue,Other income,2027-07-01,
Revenue,Other Revenue,Other Revenue,Other income,2027-08-01,
Revenue,Other Revenue,Other Revenue,Other income,2027-09-01,
Revenue,Other Revenue,Other Revenue,Other income,2027-10-01,
Revenue,Other Revenue,Other Revenue,Other income,2027-11-01,
Revenue,Other Revenue,Other Revenue,Other income,2027-12-01,
Revenue,Other Revenue,Other Revenue,Other income,2028-01-01,
Revenue,Other Revenue,Other Revenue,Other income,2028-02-01,
Revenue,Other Revenue,Other Revenue,uConnect Sim Stock - The Unlimited,2023-03-31,
Revenue,Other Revenue,Other Revenue,uConnect Sim Stock - The Unlimited,2023-04-30,
Revenue,Other Revenue,Other Revenue,uConnect Sim Stock - The Unlimited,2023-05-31,-206500
Revenue,Other Revenue,Other Revenue,uConnect Sim Stock - The Unlimited,2023-06-30,
Revenue,Other Revenue,Other Revenue,uConnect Sim Stock - The Unlimited,2023-07-31,-177000
Revenue,Other Revenue,Other Revenue,uConnect Sim Stock - The Unlimited,2023-08-31,-295000
Revenue,Other Revenue,Other Revenue,uConnect Sim Stock - The Unlimited,2023-09-30,-354000
Revenue,Other Revenue,Other Revenue,uConnect Sim Stock - The Unlimited,2023-10-31,-319840
Revenue,Other Revenue,Other Revenue,uConnect Sim Stock - The Unlimited,2023-11-30,-305800
Revenue,Other Revenue,Other Revenue,uConnect Sim Stock - The Unlimited,2023-12-31,0
Revenue,Other Revenue,Other Revenue,uConnect Sim Stock - The Unlimited,2024-01-31,-178200
Revenue,Other Revenue,Other Revenue,uConnect Sim Stock - The Unlimited,2024-02-29,-297000
Revenue,Other Revenue,Other Revenue,uConnect Sim Stock - The Unlimited,2024-03-31,0
Revenue,Other Revenue,Other Revenue,uConnect Sim Stock - The Unlimited,2024-04-30,-148500
Revenue,Other Revenue,Other Revenue,uConnect Sim Stock - The Unlimited,2024-05-31,-415800
Revenue,Other Revenue,Other Revenue,uConnect Sim Stock - The Unlimited,2024-06-30,0
Revenue,Other Revenue,Other Revenue,uConnect Sim Stock - The Unlimited,2024-07-31,-857000
Revenue,Other Revenue,Other Revenue,uConnect Sim Stock - The Unlimited,2024-08-31,0
Revenue,Other Revenue,Other Revenue,uConnect Sim Stock - The Unlimited,2024-09-30,0
Revenue,Other Revenue,Other Revenue,uConnect Sim Stock - The Unlimited,2024-10-31,0
Revenue,Other Revenue,Other Revenue,uConnect Sim Stock - The Unlimited,2024-11-30,-280000
Revenue,Other Revenue,Other Revenue,uConnect Sim Stock - The Unlimited,2024-12-31,-140000
Revenue,Other Revenue,Other Revenue,uConnect Sim Stock - The Unlimited,2025-01-31,-8400
Revenue,Other Revenue,Other Revenue,uConnect Sim Stock - The Unlimited,2025-02-28,-280000
Revenue,Other Revenue,Other Revenue,uConnect Sim Stock - The Unlimited,2025-03-31,-280000
Revenue,Other Revenue,Other Revenue,uConnect Sim Stock - The Unlimited,2025-04-30,-114000
Revenue,Other Revenue,Other Revenue,uConnect Sim Stock - The Unlimited,2025-05-31,-456000
Revenue,Other Revenue,Other Revenue,uConnect Sim Stock - The Unlimited,2025-06-30,-228000
Revenue,Other Revenue,Other Revenue,uConnect Sim Stock - The Unlimited,2025-07-01,-228000
Revenue,Other Revenue,Other Revenue,uConnect Sim Stock - The Unlimited,2025-08-01,-228000
Revenue,Other Revenue,Other Revenue,uConnect Sim Stock - The Unlimited,2025-09-01,-228000
Revenue,Other Revenue,Other Revenue,uConnect Sim Stock - The Unlimited,2025-10-01,-117500
Revenue,Other Revenue,Other Revenue,uConnect Sim Stock - The Unlimited,2025-11-01,-47000
Revenue,Other Revenue,Other Revenue,uConnect Sim Stock - The Unlimited,2025-12-01,-70500
Revenue,Other Revenue,Other Revenue,uConnect Sim Stock - The Unlimited,2026-01-01,-70500.0
Revenue,Other Revenue,Other Revenue,uConnect Sim Stock - The Unlimited,2026-02-01,-101050.0
Revenue,Other Revenue,Other Revenue,uConnect Sim Stock - The Unlimited,2026-03-01,
Revenue,Other Revenue,Other Revenue,uConnect Sim Stock - The Unlimited,2026-04-01,
Revenue,Other Revenue,Other Revenue,uConnect Sim Stock - The Unlimited,2026-05-31,
Revenue,Other Revenue,Other Revenue,uConnect Sim Stock - The Unlimited,2026-06-30,
Revenue,Other Revenue,Other Revenue,uConnect Sim Stock - The Unlimited,2026-07-01,
Revenue,Other Revenue,Other Revenue,uConnect Sim Stock - The Unlimited,2026-08-01,
Revenue,Other Revenue,Other Revenue,uConnect Sim Stock - The Unlimited,2026-09-01,
Revenue,Other Revenue,Other Revenue,uConnect Sim Stock - The Unlimited,2026-10-01,
Revenue,Other Revenue,Other Revenue,uConnect Sim Stock - The Unlimited,2026-11-01,
Revenue,Other Revenue,Other Revenue,uConnect Sim Stock - The Unlimited,2026-12-01,
Revenue,Other Revenue,Other Revenue,uConnect Sim Stock - The Unlimited,2027-01-01,
Revenue,Other Revenue,Other Revenue,uConnect Sim Stock - The Unlimited,2027-02-01,
Revenue,Other Revenue,Other Revenue,uConnect Sim Stock - The Unlimited,2027-03-01,
Revenue,Other Revenue,Other Revenue,uConnect Sim Stock - The Unlimited,2027-04-01,
Revenue,Other Revenue,Other Revenue,uConnect Sim Stock - The Unlimited,2027-05-31,
Revenue,Other Revenue,Other Revenue,uConnect Sim Stock - The Unlimited,2027-06-30,
Revenue,Other Revenue,Other Revenue,uConnect Sim Stock - The Unlimited,2027-07-01,
Revenue,Other Revenue,Other Revenue,uConnect Sim Stock - The Unlimited,2027-08-01,
Revenue,Other Revenue,Other Revenue,uConnect Sim Stock - The Unlimited,2027-09-01,
Revenue,Other Revenue,Other Revenue,uConnect Sim Stock - The Unlimited,2027-10-01,
Revenue,Other Revenue,Other Revenue,uConnect Sim Stock - The Unlimited,2027-11-01,
Revenue,Other Revenue,Other Revenue,uConnect Sim Stock - The Unlimited,2027-12-01,
Revenue,Other Revenue,Other Revenue,uConnect Sim Stock - The Unlimited,2028-01-01,
Revenue,Other Revenue,Other Revenue,uConnect Sim Stock - The Unlimited,2028-02-01,
Revenue,Other Revenue,Other Revenue,Platform fee recovery,2023-03-31,
Revenue,Other Revenue,Other Revenue,Platform fee recovery,2023-04-30,
Revenue,Other Revenue,Other Revenue,Platform fee recovery,2023-05-31,
Revenue,Other Revenue,Other Revenue,Platform fee recovery,2023-06-30,
Revenue,Other Revenue,Other Revenue,Platform fee recovery,2023-07-31,
Revenue,Other Revenue,Other Revenue,Platform fee recovery,2023-08-31,
Revenue,Other Revenue,Other Revenue,Platform fee recovery,2023-09-30,
Revenue,Other Revenue,Other Revenue,Platform fee recovery,2023-10-31,
Revenue,Other Revenue,Other Revenue,Platform fee recovery,2023-11-30,
Revenue,Other Revenue,Other Revenue,Platform fee recovery,2023-12-31,
Revenue,Other Revenue,Other Revenue,Platform fee recovery,2024-01-31,
Revenue,Other Revenue,Other Revenue,Platform fee recovery,2024-02-29,
Revenue,Other Revenue,Other Revenue,Platform fee recovery,2024-03-31,87582
Revenue,Other Revenue,Other Revenue,Platform fee recovery,2024-04-30,125468
Revenue,Other Revenue,Other Revenue,Platform fee recovery,2024-05-31,137883
Revenue,Other Revenue,Other Revenue,Platform fee recovery,2024-06-30,130249
Revenue,Other Revenue,Other Revenue,Platform fee recovery,2024-07-31,160892
Revenue,Other Revenue,Other Revenue,Platform fee recovery,2024-08-31,190904
Revenue,Other Revenue,Other Revenue,Platform fee recovery,2024-09-30,182833
Revenue,Other Revenue,Other Revenue,Platform fee recovery,2024-10-31,220123
Revenue,Other Revenue,Other Revenue,Platform fee recovery,2024-11-30,165672
Revenue,Other Revenue,Other Revenue,Platform fee recovery,2024-12-31,255934
Revenue,Other Revenue,Other Revenue,Platform fee recovery,2025-01-31,286520
Revenue,Other Revenue,Other Revenue,Platform fee recovery,2025-02-28,170685
Revenue,Other Revenue,Other Revenue,Platform fee recovery,2025-03-31,269188
Revenue,Other Revenue,Other Revenue,Platform fee recovery,2025-04-30,242949
Revenue,Other Revenue,Other Revenue,Platform fee recovery,2025-05-31,256660
Revenue,Other Revenue,Other Revenue,Platform fee recovery,2025-06-30,235136
Revenue,Other Revenue,Other Revenue,Platform fee recovery,2025-07-01,261885
Revenue,Other Revenue,Other Revenue,Platform fee recovery,2025-08-01,252423
Revenue,Other Revenue,Other Revenue,Platform fee recovery,2025-09-01,232488
Revenue,Other Revenue,Other Revenue,Platform fee recovery,2025-10-01,258123
Revenue,Other Revenue,Other Revenue,Platform fee recovery,2025-11-01,181344
Revenue,Other Revenue,Other Revenue,Platform fee recovery,2025-12-01,331285
Revenue,Other Revenue,Other Revenue,Platform fee recovery,2026-01-01,180922.0
Revenue,Other Revenue,Other Revenue,Platform fee recovery,2026-02-01,206359.0
Revenue,Other Revenue,Other Revenue,Platform fee recovery,2026-03-01,323813
Revenue,Other Revenue,Other Revenue,Platform fee recovery,2026-04-01,340914
Revenue,Other Revenue,Other Revenue,Platform fee recovery,2026-05-31,358014
Revenue,Other Revenue,Other Revenue,Platform fee recovery,2026-06-30,375114
Revenue,Other Revenue,Other Revenue,Platform fee recovery,2026-07-01,392215
Revenue,Other Revenue,Other Revenue,Platform fee recovery,2026-08-01,409315
Revenue,Other Revenue,Other Revenue,Platform fee recovery,2026-09-01,426415
Revenue,Other Revenue,Other Revenue,Platform fee recovery,2026-10-01,443516
Revenue,Other Revenue,Other Revenue,Platform fee recovery,2026-11-01,460616
Revenue,Other Revenue,Other Revenue,Platform fee recovery,2026-12-01,472179
Revenue,Other Revenue,Other Revenue,Platform fee recovery,2027-01-01,485250
Revenue,Other Revenue,Other Revenue,Platform fee recovery,2027-02-01,500641
Revenue,Other Revenue,Other Revenue,Platform fee recovery,2027-03-01,517741
Revenue,Other Revenue,Other Revenue,Platform fee recovery,2027-04-01,534841
Revenue,Other Revenue,Other Revenue,Platform fee recovery,2027-05-31,551942
Revenue,Other Revenue,Other Revenue,Platform fee recovery,2027-06-30,569042
Revenue,Other Revenue,Other Revenue,Platform fee recovery,2027-07-01,586142
Revenue,Other Revenue,Other Revenue,Platform fee recovery,2027-08-01,603243
Revenue,Other Revenue,Other Revenue,Platform fee recovery,2027-09-01,620343
Revenue,Other Revenue,Other Revenue,Platform fee recovery,2027-10-01,637443
Revenue,Other Revenue,Other Revenue,Platform fee recovery,2027-11-01,654544
Revenue,Other Revenue,Other Revenue,Platform fee recovery,2027-12-01,667654
Revenue,Other Revenue,Other Revenue,Platform fee recovery,2028-01-01,682474
Revenue,Other Revenue,Other Revenue,Platform fee recovery,2028-02-01,697865
Cost of Sales,Service Costs,Voice_uConnect,Voice_uConnect,2023-03-31,1852009
Cost of Sales,Service Costs,Voice_uConnect,Voice_uConnect,2023-04-30,1761040
Cost of Sales,Service Costs,Voice_uConnect,Voice_uConnect,2023-05-31,1782292
Cost of Sales,Service Costs,Voice_uConnect,Voice_uConnect,2023-06-30,1777924
Cost of Sales,Service Costs,Voice_uConnect,Voice_uConnect,2023-07-31,1710529
Cost of Sales,Service Costs,Voice_uConnect,Voice_uConnect,2023-08-31,1611260
Cost of Sales,Service Costs,Voice_uConnect,Voice_uConnect,2023-09-30,1444269
Cost of Sales,Service Costs,Voice_uConnect,Voice_uConnect,2023-10-31,1460097
Cost of Sales,Service Costs,Voice_uConnect,Voice_uConnect,2023-11-30,1593393
Cost of Sales,Service Costs,Voice_uConnect,Voice_uConnect,2023-12-31,1873674
Cost of Sales,Service Costs,Voice_uConnect,Voice_uConnect,2024-01-31,1532063
Cost of Sales,Service Costs,Voice_uConnect,Voice_uConnect,2024-02-29,1460112
Cost of Sales,Service Costs,Voice_uConnect,Voice_uConnect,2024-03-31,1564571
Cost of Sales,Service Costs,Voice_uConnect,Voice_uConnect,2024-04-30,1533690
Cost of Sales,Service Costs,Voice_uConnect,Voice_uConnect,2024-05-31,1677770
Cost of Sales,Service Costs,Voice_uConnect,Voice_uConnect,2024-06-30,1624884
Cost of Sales,Service Costs,Voice_uConnect,Voice_uConnect,2024-07-31,1810172
Cost of Sales,Service Costs,Voice_uConnect,Voice_uConnect,2024-08-31,1909868
Cost of Sales,Service Costs,Voice_uConnect,Voice_uConnect,2024-09-30,1920903
Cost of Sales,Service Costs,Voice_uConnect,Voice_uConnect,2024-10-31,2133128
Cost of Sales,Service Costs,Voice_uConnect,Voice_uConnect,2024-11-30,2199022
Cost of Sales,Service Costs,Voice_uConnect,Voice_uConnect,2024-12-31,2433754
Cost of Sales,Service Costs,Voice_uConnect,Voice_uConnect,2025-01-31,2063164
Cost of Sales,Service Costs,Voice_uConnect,Voice_uConnect,2025-02-28,1954932
Cost of Sales,Service Costs,Voice_uConnect,Voice_uConnect,2025-03-31,2242635
Cost of Sales,Service Costs,Voice_uConnect,Voice_uConnect,2025-04-30,1995931
Cost of Sales,Service Costs,Voice_uConnect,Voice_uConnect,2025-05-31,2004760
Cost of Sales,Service Costs,Voice_uConnect,Voice_uConnect,2025-06-30,1960490
Cost of Sales,Service Costs,Voice_uConnect,Voice_uConnect,2025-07-01,2130754
Cost of Sales,Service Costs,Voice_uConnect,Voice_uConnect,2025-08-01,2173568
Cost of Sales,Service Costs,Voice_uConnect,Voice_uConnect,2025-09-01,2072267
Cost of Sales,Service Costs,Voice_uConnect,Voice_uConnect,2025-10-01,1907814
Cost of Sales,Service Costs,Voice_uConnect,Voice_uConnect,2025-11-01,968639
Cost of Sales,Service Costs,Voice_uConnect,Voice_uConnect,2025-12-01,1742472
Cost of Sales,Service Costs,Voice_uConnect,Voice_uConnect,2026-01-01,1555577.0
Cost of Sales,Service Costs,Voice_uConnect,Voice_uConnect,2026-02-01,1458981.0
Cost of Sales,Service Costs,Voice_uConnect,Voice_uConnect,2026-03-01,
Cost of Sales,Service Costs,Voice_uConnect,Voice_uConnect,2026-04-01,
Cost of Sales,Service Costs,Voice_uConnect,Voice_uConnect,2026-05-31,
Cost of Sales,Service Costs,Voice_uConnect,Voice_uConnect,2026-06-30,
Cost of Sales,Service Costs,Voice_uConnect,Voice_uConnect,2026-07-01,
Cost of Sales,Service Costs,Voice_uConnect,Voice_uConnect,2026-08-01,
Cost of Sales,Service Costs,Voice_uConnect,Voice_uConnect,2026-09-01,
Cost of Sales,Service Costs,Voice_uConnect,Voice_uConnect,2026-10-01,
Cost of Sales,Service Costs,Voice_uConnect,Voice_uConnect,2026-11-01,
Cost of Sales,Service Costs,Voice_uConnect,Voice_uConnect,2026-12-01,
Cost of Sales,Service Costs,Voice_uConnect,Voice_uConnect,2027-01-01,
Cost of Sales,Service Costs,Voice_uConnect,Voice_uConnect,2027-02-01,
Cost of Sales,Service Costs,Voice_uConnect,Voice_uConnect,2027-03-01,
Cost of Sales,Service Costs,Voice_uConnect,Voice_uConnect,2027-04-01,
Cost of Sales,Service Costs,Voice_uConnect,Voice_uConnect,2027-05-31,
Cost of Sales,Service Costs,Voice_uConnect,Voice_uConnect,2027-06-30,
Cost of Sales,Service Costs,Voice_uConnect,Voice_uConnect,2027-07-01,
Cost of Sales,Service Costs,Voice_uConnect,Voice_uConnect,2027-08-01,
Cost of Sales,Service Costs,Voice_uConnect,Voice_uConnect,2027-09-01,
Cost of Sales,Service Costs,Voice_uConnect,Voice_uConnect,2027-10-01,
Cost of Sales,Service Costs,Voice_uConnect,Voice_uConnect,2027-11-01,
Cost of Sales,Service Costs,Voice_uConnect,Voice_uConnect,2027-12-01,
Cost of Sales,Service Costs,Voice_uConnect,Voice_uConnect,2028-01-01,
Cost of Sales,Service Costs,Voice_uConnect,Voice_uConnect,2028-02-01,
Cost of Sales,Service Costs,Data_uConnect,Data_uConnect,2023-03-31,1642838
Cost of Sales,Service Costs,Data_uConnect,Data_uConnect,2023-04-30,1582040
Cost of Sales,Service Costs,Data_uConnect,Data_uConnect,2023-05-31,1661514
Cost of Sales,Service Costs,Data_uConnect,Data_uConnect,2023-06-30,1642746
Cost of Sales,Service Costs,Data_uConnect,Data_uConnect,2023-07-31,1662303
Cost of Sales,Service Costs,Data_uConnect,Data_uConnect,2023-08-31,1190013
Cost of Sales,Service Costs,Data_uConnect,Data_uConnect,2023-09-30,1237573
Cost of Sales,Service Costs,Data_uConnect,Data_uConnect,2023-10-31,1315270
Cost of Sales,Service Costs,Data_uConnect,Data_uConnect,2023-11-30,1524525
Cost of Sales,Service Costs,Data_uConnect,Data_uConnect,2023-12-31,1830748
Cost of Sales,Service Costs,Data_uConnect,Data_uConnect,2024-01-31,1608208
Cost of Sales,Service Costs,Data_uConnect,Data_uConnect,2024-02-29,1614589
Cost of Sales,Service Costs,Data_uConnect,Data_uConnect,2024-03-31,1815488
Cost of Sales,Service Costs,Data_uConnect,Data_uConnect,2024-04-30,1821030
Cost of Sales,Service Costs,Data_uConnect,Data_uConnect,2024-05-31,2028514
Cost of Sales,Service Costs,Data_uConnect,Data_uConnect,2024-06-30,2072275
Cost of Sales,Service Costs,Data_uConnect,Data_uConnect,2024-07-31,2379431
Cost of Sales,Service Costs,Data_uConnect,Data_uConnect,2024-08-31,2431545
Cost of Sales,Service Costs,Data_uConnect,Data_uConnect,2024-09-30,2512722
Cost of Sales,Service Costs,Data_uConnect,Data_uConnect,2024-10-31,2695800
Cost of Sales,Service Costs,Data_uConnect,Data_uConnect,2024-11-30,2713517
Cost of Sales,Service Costs,Data_uConnect,Data_uConnect,2024-12-31,2907873
Cost of Sales,Service Costs,Data_uConnect,Data_uConnect,2025-01-31,2848321
Cost of Sales,Service Costs,Data_uConnect,Data_uConnect,2025-02-28,2734867
Cost of Sales,Service Costs,Data_uConnect,Data_uConnect,2025-03-31,3047961
Cost of Sales,Service Costs,Data_uConnect,Data_uConnect,2025-04-30,2634004
Cost of Sales,Service Costs,Data_uConnect,Data_uConnect,2025-05-31,3013361
Cost of Sales,Service Costs,Data_uConnect,Data_uConnect,2025-06-30,3306573
Cost of Sales,Service Costs,Data_uConnect,Data_uConnect,2025-07-01,4040128
Cost of Sales,Service Costs,Data_uConnect,Data_uConnect,2025-08-01,4198178
Cost of Sales,Service Costs,Data_uConnect,Data_uConnect,2025-09-01,4461086
Cost of Sales,Service Costs,Data_uConnect,Data_uConnect,2025-10-01,4113183
Cost of Sales,Service Costs,Data_uConnect,Data_uConnect,2025-11-01,2536671
Cost of Sales,Service Costs,Data_uConnect,Data_uConnect,2025-12-01,3716361
Cost of Sales,Service Costs,Data_uConnect,Data_uConnect,2026-01-01,3835343.0
Cost of Sales,Service Costs,Data_uConnect,Data_uConnect,2026-02-01,3503334.0
Cost of Sales,Service Costs,Data_uConnect,Data_uConnect,2026-03-01,
Cost of Sales,Service Costs,Data_uConnect,Data_uConnect,2026-04-01,
Cost of Sales,Service Costs,Data_uConnect,Data_uConnect,2026-05-31,
Cost of Sales,Service Costs,Data_uConnect,Data_uConnect,2026-06-30,
Cost of Sales,Service Costs,Data_uConnect,Data_uConnect,2026-07-01,
Cost of Sales,Service Costs,Data_uConnect,Data_uConnect,2026-08-01,
Cost of Sales,Service Costs,Data_uConnect,Data_uConnect,2026-09-01,
Cost of Sales,Service Costs,Data_uConnect,Data_uConnect,2026-10-01,
Cost of Sales,Service Costs,Data_uConnect,Data_uConnect,2026-11-01,
Cost of Sales,Service Costs,Data_uConnect,Data_uConnect,2026-12-01,
Cost of Sales,Service Costs,Data_uConnect,Data_uConnect,2027-01-01,
Cost of Sales,Service Costs,Data_uConnect,Data_uConnect,2027-02-01,
Cost of Sales,Service Costs,Data_uConnect,Data_uConnect,2027-03-01,
Cost of Sales,Service Costs,Data_uConnect,Data_uConnect,2027-04-01,
Cost of Sales,Service Costs,Data_uConnect,Data_uConnect,2027-05-31,
Cost of Sales,Service Costs,Data_uConnect,Data_uConnect,2027-06-30,
Cost of Sales,Service Costs,Data_uConnect,Data_uConnect,2027-07-01,
Cost of Sales,Service Costs,Data_uConnect,Data_uConnect,2027-08-01,
Cost of Sales,Service Costs,Data_uConnect,Data_uConnect,2027-09-01,
Cost of Sales,Service Costs,Data_uConnect,Data_uConnect,2027-10-01,
Cost of Sales,Service Costs,Data_uConnect,Data_uConnect,2027-11-01,
Cost of Sales,Service Costs,Data_uConnect,Data_uConnect,2027-12-01,
Cost of Sales,Service Costs,Data_uConnect,Data_uConnect,2028-01-01,
Cost of Sales,Service Costs,Data_uConnect,Data_uConnect,2028-02-01,
Cost of Sales,Service Costs,Voice_credits,Voice_credits,2023-03-31,0
Cost of Sales,Service Costs,Voice_credits,Voice_credits,2023-04-30,0
Cost of Sales,Service Costs,Voice_credits,Voice_credits,2023-05-31,0
Cost of Sales,Service Costs,Voice_credits,Voice_credits,2023-06-30,0
Cost of Sales,Service Costs,Voice_credits,Voice_credits,2023-07-31,0
Cost of Sales,Service Costs,Voice_credits,Voice_credits,2023-08-31,-2580541
Cost of Sales,Service Costs,Voice_credits,Voice_credits,2023-09-30,
Cost of Sales,Service Costs,Voice_credits,Voice_credits,2023-10-31,-1627522
Cost of Sales,Service Costs,Voice_credits,Voice_credits,2023-11-30,3582
Cost of Sales,Service Costs,Voice_credits,Voice_credits,2023-12-31,0
Cost of Sales,Service Costs,Voice_credits,Voice_credits,2024-01-31,0
Cost of Sales,Service Costs,Voice_credits,Voice_credits,2024-02-29,4343
Cost of Sales,Service Costs,Voice_credits,Voice_credits,2024-03-31,660
Cost of Sales,Service Costs,Voice_credits,Voice_credits,2024-04-30,574
Cost of Sales,Service Costs,Voice_credits,Voice_credits,2024-05-31,0
Cost of Sales,Service Costs,Voice_credits,Voice_credits,2024-06-30,0
Cost of Sales,Service Costs,Voice_credits,Voice_credits,2024-07-31,0
Cost of Sales,Service Costs,Voice_credits,Voice_credits,2024-08-31,0
Cost of Sales,Service Costs,Voice_credits,Voice_credits,2024-09-30,0
Cost of Sales,Service Costs,Voice_credits,Voice_credits,2024-10-31,0
Cost of Sales,Service Costs,Voice_credits,Voice_credits,2024-11-30,0
Cost of Sales,Service Costs,Voice_credits,Voice_credits,2024-12-31,0
Cost of Sales,Service Costs,Voice_credits,Voice_credits,2025-01-31,0
Cost of Sales,Service Costs,Voice_credits,Voice_credits,2025-02-28,0
Cost of Sales,Service Costs,Voice_credits,Voice_credits,2025-03-31,0
Cost of Sales,Service Costs,Voice_credits,Voice_credits,2025-04-30,0
Cost of Sales,Service Costs,Voice_credits,Voice_credits,2025-05-31,0
Cost of Sales,Service Costs,Voice_credits,Voice_credits,2025-06-30,0
Cost of Sales,Service Costs,Voice_credits,Voice_credits,2025-07-01,0
Cost of Sales,Service Costs,Voice_credits,Voice_credits,2025-08-01,0
Cost of Sales,Service Costs,Voice_credits,Voice_credits,2025-09-01,0
Cost of Sales,Service Costs,Voice_credits,Voice_credits,2025-10-01,-1248159
Cost of Sales,Service Costs,Voice_credits,Voice_credits,2025-11-01,1248159
Cost of Sales,Service Costs,Voice_credits,Voice_credits,2025-12-01,0
Cost of Sales,Service Costs,Voice_credits,Voice_credits,2026-01-01,0
Cost of Sales,Service Costs,Voice_credits,Voice_credits,2026-02-01,0
Cost of Sales,Service Costs,Voice_credits,Voice_credits,2026-03-01,0
Cost of Sales,Service Costs,Voice_credits,Voice_credits,2026-04-01,0
Cost of Sales,Service Costs,Voice_credits,Voice_credits,2026-05-31,0
Cost of Sales,Service Costs,Voice_credits,Voice_credits,2026-06-30,0
Cost of Sales,Service Costs,Voice_credits,Voice_credits,2026-07-01,0
Cost of Sales,Service Costs,Voice_credits,Voice_credits,2026-08-01,0
Cost of Sales,Service Costs,Voice_credits,Voice_credits,2026-09-01,0
Cost of Sales,Service Costs,Voice_credits,Voice_credits,2026-10-01,0
Cost of Sales,Service Costs,Voice_credits,Voice_credits,2026-11-01,0
Cost of Sales,Service Costs,Voice_credits,Voice_credits,2026-12-01,0
Cost of Sales,Service Costs,Voice_credits,Voice_credits,2027-01-01,0
Cost of Sales,Service Costs,Voice_credits,Voice_credits,2027-02-01,0
Cost of Sales,Service Costs,Voice_credits,Voice_credits,2027-03-01,
Cost of Sales,Service Costs,Voice_credits,Voice_credits,2027-04-01,
Cost of Sales,Service Costs,Voice_credits,Voice_credits,2027-05-31,
Cost of Sales,Service Costs,Voice_credits,Voice_credits,2027-06-30,
Cost of Sales,Service Costs,Voice_credits,Voice_credits,2027-07-01,
Cost of Sales,Service Costs,Voice_credits,Voice_credits,2027-08-01,
Cost of Sales,Service Costs,Voice_credits,Voice_credits,2027-09-01,
Cost of Sales,Service Costs,Voice_credits,Voice_credits,2027-10-01,
Cost of Sales,Service Costs,Voice_credits,Voice_credits,2027-11-01,
Cost of Sales,Service Costs,Voice_credits,Voice_credits,2027-12-01,
Cost of Sales,Service Costs,Voice_credits,Voice_credits,2028-01-01,
Cost of Sales,Service Costs,Voice_credits,Voice_credits,2028-02-01,
Cost of Sales,Service Costs,Data credits,Data credits,2023-03-31,0
Cost of Sales,Service Costs,Data credits,Data credits,2023-04-30,0
Cost of Sales,Service Costs,Data credits,Data credits,2023-05-31,0
Cost of Sales,Service Costs,Data credits,Data credits,2023-06-30,0
Cost of Sales,Service Costs,Data credits,Data credits,2023-07-31,0
Cost of Sales,Service Costs,Data credits,Data credits,2023-08-31,-1238867
Cost of Sales,Service Costs,Data credits,Data credits,2023-09-30,
Cost of Sales,Service Costs,Data credits,Data credits,2023-10-31,-721354
Cost of Sales,Service Costs,Data credits,Data credits,2023-11-30,0
Cost of Sales,Service Costs,Data credits,Data credits,2023-12-31,0
Cost of Sales,Service Costs,Data credits,Data credits,2024-01-31,-126543
Cost of Sales,Service Costs,Data credits,Data credits,2024-02-29,0
Cost of Sales,Service Costs,Data credits,Data credits,2024-03-31,0
Cost of Sales,Service Costs,Data credits,Data credits,2024-04-30,0
Cost of Sales,Service Costs,Data credits,Data credits,2024-05-31,0
Cost of Sales,Service Costs,Data credits,Data credits,2024-06-30,0
Cost of Sales,Service Costs,Data credits,Data credits,2024-07-31,-285075
Cost of Sales,Service Costs,Data credits,Data credits,2024-08-31,-479082
Cost of Sales,Service Costs,Data credits,Data credits,2024-09-30,-489047
Cost of Sales,Service Costs,Data credits,Data credits,2024-10-31,-557549
Cost of Sales,Service Costs,Data credits,Data credits,2024-11-30,-551455
Cost of Sales,Service Costs,Data credits,Data credits,2024-12-31,-620491
Cost of Sales,Service Costs,Data credits,Data credits,2025-01-31,-569179
Cost of Sales,Service Costs,Data credits,Data credits,2025-02-28,-555513
Cost of Sales,Service Costs,Data credits,Data credits,2025-03-31,-620514
Cost of Sales,Service Costs,Data credits,Data credits,2025-04-30,-582197
Cost of Sales,Service Costs,Data credits,Data credits,2025-05-31,-540783
Cost of Sales,Service Costs,Data credits,Data credits,2025-06-30,-491567
Cost of Sales,Service Costs,Data credits,Data credits,2025-07-01,-558377
Cost of Sales,Service Costs,Data credits,Data credits,2025-08-01,-566033
Cost of Sales,Service Costs,Data credits,Data credits,2025-09-01,-579115
Cost of Sales,Service Costs,Data credits,Data credits,2025-10-01,0
Cost of Sales,Service Costs,Data credits,Data credits,2025-11-01,0
Cost of Sales,Service Costs,Data credits,Data credits,2025-12-01,0
Cost of Sales,Service Costs,Data credits,Data credits,2026-01-01,0
Cost of Sales,Service Costs,Data credits,Data credits,2026-02-01,0
Cost of Sales,Service Costs,Data credits,Data credits,2026-03-01,0
Cost of Sales,Service Costs,Data credits,Data credits,2026-04-01,0
Cost of Sales,Service Costs,Data credits,Data credits,2026-05-31,0
Cost of Sales,Service Costs,Data credits,Data credits,2026-06-30,0
Cost of Sales,Service Costs,Data credits,Data credits,2026-07-01,0
Cost of Sales,Service Costs,Data credits,Data credits,2026-08-01,0
Cost of Sales,Service Costs,Data credits,Data credits,2026-09-01,0
Cost of Sales,Service Costs,Data credits,Data credits,2026-10-01,0
Cost of Sales,Service Costs,Data credits,Data credits,2026-11-01,0
Cost of Sales,Service Costs,Data credits,Data credits,2026-12-01,0
Cost of Sales,Service Costs,Data credits,Data credits,2027-01-01,0
Cost of Sales,Service Costs,Data credits,Data credits,2027-02-01,0
Cost of Sales,Service Costs,Data credits,Data credits,2027-03-01,
Cost of Sales,Service Costs,Data credits,Data credits,2027-04-01,
Cost of Sales,Service Costs,Data credits,Data credits,2027-05-31,
Cost of Sales,Service Costs,Data credits,Data credits,2027-06-30,
Cost of Sales,Service Costs,Data credits,Data credits,2027-07-01,
Cost of Sales,Service Costs,Data credits,Data credits,2027-08-01,
Cost of Sales,Service Costs,Data credits,Data credits,2027-09-01,
Cost of Sales,Service Costs,Data credits,Data credits,2027-10-01,
Cost of Sales,Service Costs,Data credits,Data credits,2027-11-01,
Cost of Sales,Service Costs,Data credits,Data credits,2027-12-01,
Cost of Sales,Service Costs,Data credits,Data credits,2028-01-01,
Cost of Sales,Service Costs,Data credits,Data credits,2028-02-01,
Cost of Sales,Service Costs,ut+10gB,ut+10gB,2023-03-31,0
Cost of Sales,Service Costs,ut+10gB,ut+10gB,2023-04-30,0
Cost of Sales,Service Costs,ut+10gB,ut+10gB,2023-05-31,0
Cost of Sales,Service Costs,ut+10gB,ut+10gB,2023-06-30,0
Cost of Sales,Service Costs,ut+10gB,ut+10gB,2023-07-31,0
Cost of Sales,Service Costs,ut+10gB,ut+10gB,2023-08-31,-51858
Cost of Sales,Service Costs,ut+10gB,ut+10gB,2023-09-30,
Cost of Sales,Service Costs,ut+10gB,ut+10gB,2023-10-31,0
Cost of Sales,Service Costs,ut+10gB,ut+10gB,2023-11-30,0
Cost of Sales,Service Costs,ut+10gB,ut+10gB,2023-12-31,0
Cost of Sales,Service Costs,ut+10gB,ut+10gB,2024-01-31,0
Cost of Sales,Service Costs,ut+10gB,ut+10gB,2024-02-29,0
Cost of Sales,Service Costs,ut+10gB,ut+10gB,2024-03-31,0
Cost of Sales,Service Costs,ut+10gB,ut+10gB,2024-04-30,0
Cost of Sales,Service Costs,ut+10gB,ut+10gB,2024-05-31,0
Cost of Sales,Service Costs,ut+10gB,ut+10gB,2024-06-30,0
Cost of Sales,Service Costs,ut+10gB,ut+10gB,2024-07-31,0
Cost of Sales,Service Costs,ut+10gB,ut+10gB,2024-08-31,0
Cost of Sales,Service Costs,ut+10gB,ut+10gB,2024-09-30,0
Cost of Sales,Service Costs,ut+10gB,ut+10gB,2024-10-31,0
Cost of Sales,Service Costs,ut+10gB,ut+10gB,2024-11-30,0
Cost of Sales,Service Costs,ut+10gB,ut+10gB,2024-12-31,0
Cost of Sales,Service Costs,ut+10gB,ut+10gB,2025-01-31,0
Cost of Sales,Service Costs,ut+10gB,ut+10gB,2025-02-28,0
Cost of Sales,Service Costs,ut+10gB,ut+10gB,2025-03-31,0
Cost of Sales,Service Costs,ut+10gB,ut+10gB,2025-04-30,0
Cost of Sales,Service Costs,ut+10gB,ut+10gB,2025-05-31,
Cost of Sales,Service Costs,ut+10gB,ut+10gB,2025-06-30,-127532
Cost of Sales,Service Costs,ut+10gB,ut+10gB,2025-07-01,127532
Cost of Sales,Service Costs,ut+10gB,ut+10gB,2025-08-01,0
Cost of Sales,Service Costs,ut+10gB,ut+10gB,2025-09-01,0
Cost of Sales,Service Costs,ut+10gB,ut+10gB,2025-10-01,0
Cost of Sales,Service Costs,ut+10gB,ut+10gB,2025-11-01,0
Cost of Sales,Service Costs,ut+10gB,ut+10gB,2025-12-01,0
Cost of Sales,Service Costs,ut+10gB,ut+10gB,2026-01-01,0
Cost of Sales,Service Costs,ut+10gB,ut+10gB,2026-02-01,0
Cost of Sales,Service Costs,ut+10gB,ut+10gB,2026-03-01,0
Cost of Sales,Service Costs,ut+10gB,ut+10gB,2026-04-01,0
Cost of Sales,Service Costs,ut+10gB,ut+10gB,2026-05-31,0
Cost of Sales,Service Costs,ut+10gB,ut+10gB,2026-06-30,0
Cost of Sales,Service Costs,ut+10gB,ut+10gB,2026-07-01,0
Cost of Sales,Service Costs,ut+10gB,ut+10gB,2026-08-01,0
Cost of Sales,Service Costs,ut+10gB,ut+10gB,2026-09-01,0
Cost of Sales,Service Costs,ut+10gB,ut+10gB,2026-10-01,0
Cost of Sales,Service Costs,ut+10gB,ut+10gB,2026-11-01,0
Cost of Sales,Service Costs,ut+10gB,ut+10gB,2026-12-01,0
Cost of Sales,Service Costs,ut+10gB,ut+10gB,2027-01-01,0
Cost of Sales,Service Costs,ut+10gB,ut+10gB,2027-02-01,0
Cost of Sales,Service Costs,ut+10gB,ut+10gB,2027-03-01,
Cost of Sales,Service Costs,ut+10gB,ut+10gB,2027-04-01,
Cost of Sales,Service Costs,ut+10gB,ut+10gB,2027-05-31,
Cost of Sales,Service Costs,ut+10gB,ut+10gB,2027-06-30,
Cost of Sales,Service Costs,ut+10gB,ut+10gB,2027-07-01,
Cost of Sales,Service Costs,ut+10gB,ut+10gB,2027-08-01,
Cost of Sales,Service Costs,ut+10gB,ut+10gB,2027-09-01,
Cost of Sales,Service Costs,ut+10gB,ut+10gB,2027-10-01,
Cost of Sales,Service Costs,ut+10gB,ut+10gB,2027-11-01,
Cost of Sales,Service Costs,ut+10gB,ut+10gB,2027-12-01,
Cost of Sales,Service Costs,ut+10gB,ut+10gB,2028-01-01,
Cost of Sales,Service Costs,ut+10gB,ut+10gB,2028-02-01,
Cost of Sales,Service Costs,SMS_uConnect,SMS_uConnect,2023-03-31,55862
Cost of Sales,Service Costs,SMS_uConnect,SMS_uConnect,2023-04-30,47822
Cost of Sales,Service Costs,SMS_uConnect,SMS_uConnect,2023-05-31,28604
Cost of Sales,Service Costs,SMS_uConnect,SMS_uConnect,2023-06-30,40885
Cost of Sales,Service Costs,SMS_uConnect,SMS_uConnect,2023-07-31,51858
Cost of Sales,Service Costs,SMS_uConnect,SMS_uConnect,2023-08-31,58276
Cost of Sales,Service Costs,SMS_uConnect,SMS_uConnect,2023-09-30,25632
Cost of Sales,Service Costs,SMS_uConnect,SMS_uConnect,2023-10-31,26896
Cost of Sales,Service Costs,SMS_uConnect,SMS_uConnect,2023-11-30,28233
Cost of Sales,Service Costs,SMS_uConnect,SMS_uConnect,2023-12-31,31192
Cost of Sales,Service Costs,SMS_uConnect,SMS_uConnect,2024-01-31,27112
Cost of Sales,Service Costs,SMS_uConnect,SMS_uConnect,2024-02-29,48192
Cost of Sales,Service Costs,SMS_uConnect,SMS_uConnect,2024-03-31,25929
Cost of Sales,Service Costs,SMS_uConnect,SMS_uConnect,2024-04-30,25528
Cost of Sales,Service Costs,SMS_uConnect,SMS_uConnect,2024-05-31,26548
Cost of Sales,Service Costs,SMS_uConnect,SMS_uConnect,2024-06-30,24303
Cost of Sales,Service Costs,SMS_uConnect,SMS_uConnect,2024-07-31,27227
Cost of Sales,Service Costs,SMS_uConnect,SMS_uConnect,2024-08-31,27787
Cost of Sales,Service Costs,SMS_uConnect,SMS_uConnect,2024-09-30,27636
Cost of Sales,Service Costs,SMS_uConnect,SMS_uConnect,2024-10-31,29734
Cost of Sales,Service Costs,SMS_uConnect,SMS_uConnect,2024-11-30,29722
Cost of Sales,Service Costs,SMS_uConnect,SMS_uConnect,2024-12-31,31340
Cost of Sales,Service Costs,SMS_uConnect,SMS_uConnect,2025-01-31,30160
Cost of Sales,Service Costs,SMS_uConnect,SMS_uConnect,2025-02-28,28661
Cost of Sales,Service Costs,SMS_uConnect,SMS_uConnect,2025-03-31,30793
Cost of Sales,Service Costs,SMS_uConnect,SMS_uConnect,2025-04-30,21697
Cost of Sales,Service Costs,SMS_uConnect,SMS_uConnect,2025-05-31,21260
Cost of Sales,Service Costs,SMS_uConnect,SMS_uConnect,2025-06-30,24982
Cost of Sales,Service Costs,SMS_uConnect,SMS_uConnect,2025-07-01,27363
Cost of Sales,Service Costs,SMS_uConnect,SMS_uConnect,2025-08-01,26666
Cost of Sales,Service Costs,SMS_uConnect,SMS_uConnect,2025-09-01,25981
Cost of Sales,Service Costs,SMS_uConnect,SMS_uConnect,2025-10-01,26237
Cost of Sales,Service Costs,SMS_uConnect,SMS_uConnect,2025-11-01,25128
Cost of Sales,Service Costs,SMS_uConnect,SMS_uConnect,2025-12-01,25522
Cost of Sales,Service Costs,SMS_uConnect,SMS_uConnect,2026-01-01,23273.0
Cost of Sales,Service Costs,SMS_uConnect,SMS_uConnect,2026-02-01,19508.0
Cost of Sales,Service Costs,SMS_uConnect,SMS_uConnect,2026-03-01,
Cost of Sales,Service Costs,SMS_uConnect,SMS_uConnect,2026-04-01,
Cost of Sales,Service Costs,SMS_uConnect,SMS_uConnect,2026-05-31,
Cost of Sales,Service Costs,SMS_uConnect,SMS_uConnect,2026-06-30,
Cost of Sales,Service Costs,SMS_uConnect,SMS_uConnect,2026-07-01,
Cost of Sales,Service Costs,SMS_uConnect,SMS_uConnect,2026-08-01,
Cost of Sales,Service Costs,SMS_uConnect,SMS_uConnect,2026-09-01,
Cost of Sales,Service Costs,SMS_uConnect,SMS_uConnect,2026-10-01,
Cost of Sales,Service Costs,SMS_uConnect,SMS_uConnect,2026-11-01,
Cost of Sales,Service Costs,SMS_uConnect,SMS_uConnect,2026-12-01,
Cost of Sales,Service Costs,SMS_uConnect,SMS_uConnect,2027-01-01,
Cost of Sales,Service Costs,SMS_uConnect,SMS_uConnect,2027-02-01,
Cost of Sales,Service Costs,SMS_uConnect,SMS_uConnect,2027-03-01,
Cost of Sales,Service Costs,SMS_uConnect,SMS_uConnect,2027-04-01,
Cost of Sales,Service Costs,SMS_uConnect,SMS_uConnect,2027-05-31,
Cost of Sales,Service Costs,SMS_uConnect,SMS_uConnect,2027-06-30,
Cost of Sales,Service Costs,SMS_uConnect,SMS_uConnect,2027-07-01,
Cost of Sales,Service Costs,SMS_uConnect,SMS_uConnect,2027-08-01,
Cost of Sales,Service Costs,SMS_uConnect,SMS_uConnect,2027-09-01,
Cost of Sales,Service Costs,SMS_uConnect,SMS_uConnect,2027-10-01,
Cost of Sales,Service Costs,SMS_uConnect,SMS_uConnect,2027-11-01,
Cost of Sales,Service Costs,SMS_uConnect,SMS_uConnect,2027-12-01,
Cost of Sales,Service Costs,SMS_uConnect,SMS_uConnect,2028-01-01,
Cost of Sales,Service Costs,SMS_uConnect,SMS_uConnect,2028-02-01,
Cost of Sales,Service Costs,MMS Traffic,MMS Traffic,2023-03-31,0
Cost of Sales,Service Costs,MMS Traffic,MMS Traffic,2023-04-30,0
Cost of Sales,Service Costs,MMS Traffic,MMS Traffic,2023-05-31,0
Cost of Sales,Service Costs,MMS Traffic,MMS Traffic,2023-06-30,0
Cost of Sales,Service Costs,MMS Traffic,MMS Traffic,2023-07-31,0
Cost of Sales,Service Costs,MMS Traffic,MMS Traffic,2023-08-31,772
Cost of Sales,Service Costs,MMS Traffic,MMS Traffic,2023-09-30,356
Cost of Sales,Service Costs,MMS Traffic,MMS Traffic,2023-10-31,312
Cost of Sales,Service Costs,MMS Traffic,MMS Traffic,2023-11-30,403
Cost of Sales,Service Costs,MMS Traffic,MMS Traffic,2023-12-31,279
Cost of Sales,Service Costs,MMS Traffic,MMS Traffic,2024-01-31,403
Cost of Sales,Service Costs,MMS Traffic,MMS Traffic,2024-02-29,422
Cost of Sales,Service Costs,MMS Traffic,MMS Traffic,2024-03-31,396
Cost of Sales,Service Costs,MMS Traffic,MMS Traffic,2024-04-30,464
Cost of Sales,Service Costs,MMS Traffic,MMS Traffic,2024-05-31,458
Cost of Sales,Service Costs,MMS Traffic,MMS Traffic,2024-06-30,403
Cost of Sales,Service Costs,MMS Traffic,MMS Traffic,2024-07-31,429
Cost of Sales,Service Costs,MMS Traffic,MMS Traffic,2024-08-31,494
Cost of Sales,Service Costs,MMS Traffic,MMS Traffic,2024-09-30,542
Cost of Sales,Service Costs,MMS Traffic,MMS Traffic,2024-10-31,527
Cost of Sales,Service Costs,MMS Traffic,MMS Traffic,2024-11-30,602
Cost of Sales,Service Costs,MMS Traffic,MMS Traffic,2024-12-31,598
Cost of Sales,Service Costs,MMS Traffic,MMS Traffic,2025-01-31,564
Cost of Sales,Service Costs,MMS Traffic,MMS Traffic,2025-02-28,458
Cost of Sales,Service Costs,MMS Traffic,MMS Traffic,2025-03-31,637
Cost of Sales,Service Costs,MMS Traffic,MMS Traffic,2025-04-30,604
Cost of Sales,Service Costs,MMS Traffic,MMS Traffic,2025-05-31,535
Cost of Sales,Service Costs,MMS Traffic,MMS Traffic,2025-06-30,511
Cost of Sales,Service Costs,MMS Traffic,MMS Traffic,2025-07-01,552
Cost of Sales,Service Costs,MMS Traffic,MMS Traffic,2025-08-01,594
Cost of Sales,Service Costs,MMS Traffic,MMS Traffic,2025-09-01,543
Cost of Sales,Service Costs,MMS Traffic,MMS Traffic,2025-10-01,667
Cost of Sales,Service Costs,MMS Traffic,MMS Traffic,2025-11-01,698
Cost of Sales,Service Costs,MMS Traffic,MMS Traffic,2025-12-01,13091
Cost of Sales,Service Costs,MMS Traffic,MMS Traffic,2026-01-01,650
Cost of Sales,Service Costs,MMS Traffic,MMS Traffic,2026-02-01,583
Cost of Sales,Service Costs,MMS Traffic,MMS Traffic,2026-03-01,0
Cost of Sales,Service Costs,MMS Traffic,MMS Traffic,2026-04-01,0
Cost of Sales,Service Costs,MMS Traffic,MMS Traffic,2026-05-31,0
Cost of Sales,Service Costs,MMS Traffic,MMS Traffic,2026-06-30,0
Cost of Sales,Service Costs,MMS Traffic,MMS Traffic,2026-07-01,0
Cost of Sales,Service Costs,MMS Traffic,MMS Traffic,2026-08-01,0
Cost of Sales,Service Costs,MMS Traffic,MMS Traffic,2026-09-01,0
Cost of Sales,Service Costs,MMS Traffic,MMS Traffic,2026-10-01,0
Cost of Sales,Service Costs,MMS Traffic,MMS Traffic,2026-11-01,0
Cost of Sales,Service Costs,MMS Traffic,MMS Traffic,2026-12-01,0
Cost of Sales,Service Costs,MMS Traffic,MMS Traffic,2027-01-01,0
Cost of Sales,Service Costs,MMS Traffic,MMS Traffic,2027-02-01,0
Cost of Sales,Service Costs,MMS Traffic,MMS Traffic,2027-03-01,
Cost of Sales,Service Costs,MMS Traffic,MMS Traffic,2027-04-01,
Cost of Sales,Service Costs,MMS Traffic,MMS Traffic,2027-05-31,
Cost of Sales,Service Costs,MMS Traffic,MMS Traffic,2027-06-30,
Cost of Sales,Service Costs,MMS Traffic,MMS Traffic,2027-07-01,
Cost of Sales,Service Costs,MMS Traffic,MMS Traffic,2027-08-01,
Cost of Sales,Service Costs,MMS Traffic,MMS Traffic,2027-09-01,
Cost of Sales,Service Costs,MMS Traffic,MMS Traffic,2027-10-01,
Cost of Sales,Service Costs,MMS Traffic,MMS Traffic,2027-11-01,
Cost of Sales,Service Costs,MMS Traffic,MMS Traffic,2027-12-01,
Cost of Sales,Service Costs,MMS Traffic,MMS Traffic,2028-01-01,
Cost of Sales,Service Costs,MMS Traffic,MMS Traffic,2028-02-01,
Cost of Sales,Service Costs,International Traffic,International Traffic,2023-03-31,0
Cost of Sales,Service Costs,International Traffic,International Traffic,2023-04-30,0
Cost of Sales,Service Costs,International Traffic,International Traffic,2023-05-31,0
Cost of Sales,Service Costs,International Traffic,International Traffic,2023-06-30,0
Cost of Sales,Service Costs,International Traffic,International Traffic,2023-07-31,0
Cost of Sales,Service Costs,International Traffic,International Traffic,2023-08-31,55603
Cost of Sales,Service Costs,International Traffic,International Traffic,2023-09-30,23586
Cost of Sales,Service Costs,International Traffic,International Traffic,2023-10-31,6142
Cost of Sales,Service Costs,International Traffic,International Traffic,2023-11-30,6630
Cost of Sales,Service Costs,International Traffic,International Traffic,2023-12-31,9930
Cost of Sales,Service Costs,International Traffic,International Traffic,2024-01-31,8631
Cost of Sales,Service Costs,International Traffic,International Traffic,2024-02-29,5203
Cost of Sales,Service Costs,International Traffic,International Traffic,2024-03-31,5095
Cost of Sales,Service Costs,International Traffic,International Traffic,2024-04-30,5056
Cost of Sales,Service Costs,International Traffic,International Traffic,2024-05-31,5360
Cost of Sales,Service Costs,International Traffic,International Traffic,2024-06-30,2156
Cost of Sales,Service Costs,International Traffic,International Traffic,2024-07-31,4818
Cost of Sales,Service Costs,International Traffic,International Traffic,2024-08-31,4695
Cost of Sales,Service Costs,International Traffic,International Traffic,2024-09-30,4635
Cost of Sales,Service Costs,International Traffic,International Traffic,2024-10-31,4840
Cost of Sales,Service Costs,International Traffic,International Traffic,2024-11-30,3704
Cost of Sales,Service Costs,International Traffic,International Traffic,2024-12-31,2125
Cost of Sales,Service Costs,International Traffic,International Traffic,2025-01-31,4077
Cost of Sales,Service Costs,International Traffic,International Traffic,2025-02-28,3513
Cost of Sales,Service Costs,International Traffic,International Traffic,2025-03-31,3887
Cost of Sales,Service Costs,International Traffic,International Traffic,2025-04-30,1958
Cost of Sales,Service Costs,International Traffic,International Traffic,2025-05-31,5148
Cost of Sales,Service Costs,International Traffic,International Traffic,2025-06-30,12472
Cost of Sales,Service Costs,International Traffic,International Traffic,2025-07-01,12918
Cost of Sales,Service Costs,International Traffic,International Traffic,2025-08-01,13618
Cost of Sales,Service Costs,International Traffic,International Traffic,2025-09-01,14834
Cost of Sales,Service Costs,International Traffic,International Traffic,2025-10-01,12906
Cost of Sales,Service Costs,International Traffic,International Traffic,2025-11-01,13045
Cost of Sales,Service Costs,International Traffic,International Traffic,2025-12-01,1920
Cost of Sales,Service Costs,International Traffic,International Traffic,2026-01-01,13390.0
Cost of Sales,Service Costs,International Traffic,International Traffic,2026-02-01,9893.0
Cost of Sales,Service Costs,International Traffic,International Traffic,2026-03-01,0
Cost of Sales,Service Costs,International Traffic,International Traffic,2026-04-01,0
Cost of Sales,Service Costs,International Traffic,International Traffic,2026-05-31,0
Cost of Sales,Service Costs,International Traffic,International Traffic,2026-06-30,0
Cost of Sales,Service Costs,International Traffic,International Traffic,2026-07-01,0
Cost of Sales,Service Costs,International Traffic,International Traffic,2026-08-01,0
Cost of Sales,Service Costs,International Traffic,International Traffic,2026-09-01,0
Cost of Sales,Service Costs,International Traffic,International Traffic,2026-10-01,0
Cost of Sales,Service Costs,International Traffic,International Traffic,2026-11-01,0
Cost of Sales,Service Costs,International Traffic,International Traffic,2026-12-01,0
Cost of Sales,Service Costs,International Traffic,International Traffic,2027-01-01,0
Cost of Sales,Service Costs,International Traffic,International Traffic,2027-02-01,0
Cost of Sales,Service Costs,International Traffic,International Traffic,2027-03-01,
Cost of Sales,Service Costs,International Traffic,International Traffic,2027-04-01,
Cost of Sales,Service Costs,International Traffic,International Traffic,2027-05-31,
Cost of Sales,Service Costs,International Traffic,International Traffic,2027-06-30,
Cost of Sales,Service Costs,International Traffic,International Traffic,2027-07-01,
Cost of Sales,Service Costs,International Traffic,International Traffic,2027-08-01,
Cost of Sales,Service Costs,International Traffic,International Traffic,2027-09-01,
Cost of Sales,Service Costs,International Traffic,International Traffic,2027-10-01,
Cost of Sales,Service Costs,International Traffic,International Traffic,2027-11-01,
Cost of Sales,Service Costs,International Traffic,International Traffic,2027-12-01,
Cost of Sales,Service Costs,International Traffic,International Traffic,2028-01-01,
Cost of Sales,Service Costs,International Traffic,International Traffic,2028-02-01,
Cost of Sales,Service Costs,USSD,USSD,2023-03-31,0
Cost of Sales,Service Costs,USSD,USSD,2023-04-30,0
Cost of Sales,Service Costs,USSD,USSD,2023-05-31,0
Cost of Sales,Service Costs,USSD,USSD,2023-06-30,0
Cost of Sales,Service Costs,USSD,USSD,2023-07-31,0
Cost of Sales,Service Costs,USSD,USSD,2023-08-31,15826
Cost of Sales,Service Costs,USSD,USSD,2023-09-30,7643
Cost of Sales,Service Costs,USSD,USSD,2023-10-31,8372
Cost of Sales,Service Costs,USSD,USSD,2023-11-30,7369
Cost of Sales,Service Costs,USSD,USSD,2023-12-31,7851
Cost of Sales,Service Costs,USSD,USSD,2024-01-31,7600
Cost of Sales,Service Costs,USSD,USSD,2024-02-29,7391
Cost of Sales,Service Costs,USSD,USSD,2024-03-31,7976
Cost of Sales,Service Costs,USSD,USSD,2024-04-30,8123
Cost of Sales,Service Costs,USSD,USSD,2024-05-31,8337
Cost of Sales,Service Costs,USSD,USSD,2024-06-30,8564
Cost of Sales,Service Costs,USSD,USSD,2024-07-31,8771
Cost of Sales,Service Costs,USSD,USSD,2024-08-31,9399
Cost of Sales,Service Costs,USSD,USSD,2024-09-30,10250
Cost of Sales,Service Costs,USSD,USSD,2024-10-31,10518
Cost of Sales,Service Costs,USSD,USSD,2024-11-30,10718
Cost of Sales,Service Costs,USSD,USSD,2024-12-31,11267
Cost of Sales,Service Costs,USSD,USSD,2025-01-31,10304
Cost of Sales,Service Costs,USSD,USSD,2025-02-28,9703
Cost of Sales,Service Costs,USSD,USSD,2025-03-31,10850
Cost of Sales,Service Costs,USSD,USSD,2025-04-30,10600
Cost of Sales,Service Costs,USSD,USSD,2025-05-31,11870
Cost of Sales,Service Costs,USSD,USSD,2025-06-30,11130
Cost of Sales,Service Costs,USSD,USSD,2025-07-01,12359
Cost of Sales,Service Costs,USSD,USSD,2025-08-01,13474
Cost of Sales,Service Costs,USSD,USSD,2025-09-01,13482
Cost of Sales,Service Costs,USSD,USSD,2025-10-01,14623
Cost of Sales,Service Costs,USSD,USSD,2025-11-01,16250
Cost of Sales,Service Costs,USSD,USSD,2025-12-01,16889
Cost of Sales,Service Costs,USSD,USSD,2026-01-01,16131.0
Cost of Sales,Service Costs,USSD,USSD,2026-02-01,15501.0
Cost of Sales,Service Costs,USSD,USSD,2026-03-01,0
Cost of Sales,Service Costs,USSD,USSD,2026-04-01,0
Cost of Sales,Service Costs,USSD,USSD,2026-05-31,0
Cost of Sales,Service Costs,USSD,USSD,2026-06-30,0
Cost of Sales,Service Costs,USSD,USSD,2026-07-01,0
Cost of Sales,Service Costs,USSD,USSD,2026-08-01,0
Cost of Sales,Service Costs,USSD,USSD,2026-09-01,0
Cost of Sales,Service Costs,USSD,USSD,2026-10-01,0
Cost of Sales,Service Costs,USSD,USSD,2026-11-01,0
Cost of Sales,Service Costs,USSD,USSD,2026-12-01,0
Cost of Sales,Service Costs,USSD,USSD,2027-01-01,0
Cost of Sales,Service Costs,USSD,USSD,2027-02-01,0
Cost of Sales,Service Costs,USSD,USSD,2027-03-01,
Cost of Sales,Service Costs,USSD,USSD,2027-04-01,
Cost of Sales,Service Costs,USSD,USSD,2027-05-31,
Cost of Sales,Service Costs,USSD,USSD,2027-06-30,
Cost of Sales,Service Costs,USSD,USSD,2027-07-01,
Cost of Sales,Service Costs,USSD,USSD,2027-08-01,
Cost of Sales,Service Costs,USSD,USSD,2027-09-01,
Cost of Sales,Service Costs,USSD,USSD,2027-10-01,
Cost of Sales,Service Costs,USSD,USSD,2027-11-01,
Cost of Sales,Service Costs,USSD,USSD,2027-12-01,
Cost of Sales,Service Costs,USSD,USSD,2028-01-01,
Cost of Sales,Service Costs,USSD,USSD,2028-02-01,
Cost of Sales,Service Costs,Snowflake data usage,Snowflake data usage,2023-03-31,
Cost of Sales,Service Costs,Snowflake data usage,Snowflake data usage,2023-04-30,
Cost of Sales,Service Costs,Snowflake data usage,Snowflake data usage,2023-05-31,
Cost of Sales,Service Costs,Snowflake data usage,Snowflake data usage,2023-06-30,
Cost of Sales,Service Costs,Snowflake data usage,Snowflake data usage,2023-07-31,
Cost of Sales,Service Costs,Snowflake data usage,Snowflake data usage,2023-08-31,
Cost of Sales,Service Costs,Snowflake data usage,Snowflake data usage,2023-09-30,
Cost of Sales,Service Costs,Snowflake data usage,Snowflake data usage,2023-10-31,
Cost of Sales,Service Costs,Snowflake data usage,Snowflake data usage,2023-11-30,
Cost of Sales,Service Costs,Snowflake data usage,Snowflake data usage,2023-12-31,
Cost of Sales,Service Costs,Snowflake data usage,Snowflake data usage,2024-01-31,
Cost of Sales,Service Costs,Snowflake data usage,Snowflake data usage,2024-02-29,
Cost of Sales,Service Costs,Snowflake data usage,Snowflake data usage,2024-03-31,
Cost of Sales,Service Costs,Snowflake data usage,Snowflake data usage,2024-04-30,
Cost of Sales,Service Costs,Snowflake data usage,Snowflake data usage,2024-05-31,
Cost of Sales,Service Costs,Snowflake data usage,Snowflake data usage,2024-06-30,
Cost of Sales,Service Costs,Snowflake data usage,Snowflake data usage,2024-07-31,
Cost of Sales,Service Costs,Snowflake data usage,Snowflake data usage,2024-08-31,
Cost of Sales,Service Costs,Snowflake data usage,Snowflake data usage,2024-09-30,
Cost of Sales,Service Costs,Snowflake data usage,Snowflake data usage,2024-10-31,
Cost of Sales,Service Costs,Snowflake data usage,Snowflake data usage,2024-11-30,
Cost of Sales,Service Costs,Snowflake data usage,Snowflake data usage,2024-12-31,
Cost of Sales,Service Costs,Snowflake data usage,Snowflake data usage,2025-01-31,
Cost of Sales,Service Costs,Snowflake data usage,Snowflake data usage,2025-02-28,
Cost of Sales,Service Costs,Snowflake data usage,Snowflake data usage,2025-03-31,
Cost of Sales,Service Costs,Snowflake data usage,Snowflake data usage,2025-04-30,
Cost of Sales,Service Costs,Snowflake data usage,Snowflake data usage,2025-05-31,
Cost of Sales,Service Costs,Snowflake data usage,Snowflake data usage,2025-06-30,
Cost of Sales,Service Costs,Snowflake data usage,Snowflake data usage,2025-07-01,
Cost of Sales,Service Costs,Snowflake data usage,Snowflake data usage,2025-08-01,0
Cost of Sales,Service Costs,Snowflake data usage,Snowflake data usage,2025-09-01,0
Cost of Sales,Service Costs,Snowflake data usage,Snowflake data usage,2025-10-01,0
Cost of Sales,Service Costs,Snowflake data usage,Snowflake data usage,2025-11-01,0
Cost of Sales,Service Costs,Snowflake data usage,Snowflake data usage,2025-12-01,0
Cost of Sales,Service Costs,Snowflake data usage,Snowflake data usage,2026-01-01,0
Cost of Sales,Service Costs,Snowflake data usage,Snowflake data usage,2026-02-01,0
Cost of Sales,Service Costs,Snowflake data usage,Snowflake data usage,2026-03-01,5518106
Cost of Sales,Service Costs,Snowflake data usage,Snowflake data usage,2026-04-01,5759517
Cost of Sales,Service Costs,Snowflake data usage,Snowflake data usage,2026-05-31,5889112
Cost of Sales,Service Costs,Snowflake data usage,Snowflake data usage,2026-06-30,6034667
Cost of Sales,Service Costs,Snowflake data usage,Snowflake data usage,2026-07-01,6250077
Cost of Sales,Service Costs,Snowflake data usage,Snowflake data usage,2026-08-01,6436644
Cost of Sales,Service Costs,Snowflake data usage,Snowflake data usage,2026-09-01,6547370
Cost of Sales,Service Costs,Snowflake data usage,Snowflake data usage,2026-10-01,6799362
Cost of Sales,Service Costs,Snowflake data usage,Snowflake data usage,2026-11-01,6986049
Cost of Sales,Service Costs,Snowflake data usage,Snowflake data usage,2026-12-01,7053230
Cost of Sales,Service Costs,Snowflake data usage,Snowflake data usage,2027-01-01,7098164
Cost of Sales,Service Costs,Snowflake data usage,Snowflake data usage,2027-02-01,7145155
Cost of Sales,Service Costs,Snowflake data usage,Snowflake data usage,2027-03-01,7326968
Cost of Sales,Service Costs,Snowflake data usage,Snowflake data usage,2027-04-01,7358682
Cost of Sales,Service Costs,Snowflake data usage,Snowflake data usage,2027-05-31,7387616
Cost of Sales,Service Costs,Snowflake data usage,Snowflake data usage,2027-06-30,7490280
Cost of Sales,Service Costs,Snowflake data usage,Snowflake data usage,2027-07-01,7674973
Cost of Sales,Service Costs,Snowflake data usage,Snowflake data usage,2027-08-01,7824461
Cost of Sales,Service Costs,Snowflake data usage,Snowflake data usage,2027-09-01,7905226
Cost of Sales,Service Costs,Snowflake data usage,Snowflake data usage,2027-10-01,8098556
Cost of Sales,Service Costs,Snowflake data usage,Snowflake data usage,2027-11-01,8253914
Cost of Sales,Service Costs,Snowflake data usage,Snowflake data usage,2027-12-01,8321078
Cost of Sales,Service Costs,Snowflake data usage,Snowflake data usage,2028-01-01,8319559
Cost of Sales,Service Costs,Snowflake data usage,Snowflake data usage,2028-02-01,8325246
Cost of Sales,Service Costs,GP% adjustment to 40%,GP% adjustment to 40%,2023-03-31,
Cost of Sales,Service Costs,GP% adjustment to 40%,GP% adjustment to 40%,2023-04-30,
Cost of Sales,Service Costs,GP% adjustment to 40%,GP% adjustment to 40%,2023-05-31,
Cost of Sales,Service Costs,GP% adjustment to 40%,GP% adjustment to 40%,2023-06-30,
Cost of Sales,Service Costs,GP% adjustment to 40%,GP% adjustment to 40%,2023-07-31,
Cost of Sales,Service Costs,GP% adjustment to 40%,GP% adjustment to 40%,2023-08-31,
Cost of Sales,Service Costs,GP% adjustment to 40%,GP% adjustment to 40%,2023-09-30,
Cost of Sales,Service Costs,GP% adjustment to 40%,GP% adjustment to 40%,2023-10-31,
Cost of Sales,Service Costs,GP% adjustment to 40%,GP% adjustment to 40%,2023-11-30,
Cost of Sales,Service Costs,GP% adjustment to 40%,GP% adjustment to 40%,2023-12-31,
Cost of Sales,Service Costs,GP% adjustment to 40%,GP% adjustment to 40%,2024-01-31,
Cost of Sales,Service Costs,GP% adjustment to 40%,GP% adjustment to 40%,2024-02-29,
Cost of Sales,Service Costs,GP% adjustment to 40%,GP% adjustment to 40%,2024-03-31,
Cost of Sales,Service Costs,GP% adjustment to 40%,GP% adjustment to 40%,2024-04-30,
Cost of Sales,Service Costs,GP% adjustment to 40%,GP% adjustment to 40%,2024-05-31,
Cost of Sales,Service Costs,GP% adjustment to 40%,GP% adjustment to 40%,2024-06-30,
Cost of Sales,Service Costs,GP% adjustment to 40%,GP% adjustment to 40%,2024-07-31,
Cost of Sales,Service Costs,GP% adjustment to 40%,GP% adjustment to 40%,2024-08-31,
Cost of Sales,Service Costs,GP% adjustment to 40%,GP% adjustment to 40%,2024-09-30,
Cost of Sales,Service Costs,GP% adjustment to 40%,GP% adjustment to 40%,2024-10-31,
Cost of Sales,Service Costs,GP% adjustment to 40%,GP% adjustment to 40%,2024-11-30,
Cost of Sales,Service Costs,GP% adjustment to 40%,GP% adjustment to 40%,2024-12-31,
Cost of Sales,Service Costs,GP% adjustment to 40%,GP% adjustment to 40%,2025-01-31,
Cost of Sales,Service Costs,GP% adjustment to 40%,GP% adjustment to 40%,2025-02-28,
Cost of Sales,Service Costs,GP% adjustment to 40%,GP% adjustment to 40%,2025-03-31,
Cost of Sales,Service Costs,GP% adjustment to 40%,GP% adjustment to 40%,2025-04-30,0
Cost of Sales,Service Costs,GP% adjustment to 40%,GP% adjustment to 40%,2025-05-31,0
Cost of Sales,Service Costs,GP% adjustment to 40%,GP% adjustment to 40%,2025-06-30,0
Cost of Sales,Service Costs,GP% adjustment to 40%,GP% adjustment to 40%,2025-07-01,
Cost of Sales,Service Costs,GP% adjustment to 40%,GP% adjustment to 40%,2025-08-01,0
Cost of Sales,Service Costs,GP% adjustment to 40%,GP% adjustment to 40%,2025-09-01,0
Cost of Sales,Service Costs,GP% adjustment to 40%,GP% adjustment to 40%,2025-10-01,0
Cost of Sales,Service Costs,GP% adjustment to 40%,GP% adjustment to 40%,2025-11-01,
Cost of Sales,Service Costs,GP% adjustment to 40%,GP% adjustment to 40%,2025-12-01,
Cost of Sales,Service Costs,GP% adjustment to 40%,GP% adjustment to 40%,2026-01-01,
Cost of Sales,Service Costs,GP% adjustment to 40%,GP% adjustment to 40%,2026-02-01,
Cost of Sales,Service Costs,GP% adjustment to 40%,GP% adjustment to 40%,2026-03-01,626631
Cost of Sales,Service Costs,GP% adjustment to 40%,GP% adjustment to 40%,2026-04-01,493721
Cost of Sales,Service Costs,GP% adjustment to 40%,GP% adjustment to 40%,2026-05-31,399928
Cost of Sales,Service Costs,GP% adjustment to 40%,GP% adjustment to 40%,2026-06-30,375352
Cost of Sales,Service Costs,GP% adjustment to 40%,GP% adjustment to 40%,2026-07-01,110312
Cost of Sales,Service Costs,GP% adjustment to 40%,GP% adjustment to 40%,2026-08-01,
Cost of Sales,Service Costs,GP% adjustment to 40%,GP% adjustment to 40%,2026-09-01,
Cost of Sales,Service Costs,GP% adjustment to 40%,GP% adjustment to 40%,2026-10-01,
Cost of Sales,Service Costs,GP% adjustment to 40%,GP% adjustment to 40%,2026-11-01,
Cost of Sales,Service Costs,GP% adjustment to 40%,GP% adjustment to 40%,2026-12-01,
Cost of Sales,Service Costs,GP% adjustment to 40%,GP% adjustment to 40%,2027-01-01,
Cost of Sales,Service Costs,GP% adjustment to 40%,GP% adjustment to 40%,2027-02-01,
Cost of Sales,Service Costs,GP% adjustment to 40%,GP% adjustment to 40%,2027-03-01,
Cost of Sales,Service Costs,GP% adjustment to 40%,GP% adjustment to 40%,2027-04-01,
Cost of Sales,Service Costs,GP% adjustment to 40%,GP% adjustment to 40%,2027-05-31,
Cost of Sales,Service Costs,GP% adjustment to 40%,GP% adjustment to 40%,2027-06-30,
Cost of Sales,Service Costs,GP% adjustment to 40%,GP% adjustment to 40%,2027-07-01,
Cost of Sales,Service Costs,GP% adjustment to 40%,GP% adjustment to 40%,2027-08-01,
Cost of Sales,Service Costs,GP% adjustment to 40%,GP% adjustment to 40%,2027-09-01,
Cost of Sales,Service Costs,GP% adjustment to 40%,GP% adjustment to 40%,2027-10-01,
Cost of Sales,Service Costs,GP% adjustment to 40%,GP% adjustment to 40%,2027-11-01,
Cost of Sales,Service Costs,GP% adjustment to 40%,GP% adjustment to 40%,2027-12-01,
Cost of Sales,Service Costs,GP% adjustment to 40%,GP% adjustment to 40%,2028-01-01,
Cost of Sales,Service Costs,GP% adjustment to 40%,GP% adjustment to 40%,2028-02-01,
Cost of Sales,Service Costs,Cell C Voucher collection commission,Cell C Voucher collection commission,2023-03-31,522165
Cost of Sales,Service Costs,Cell C Voucher collection commission,Cell C Voucher collection commission,2023-04-30,497207
Cost of Sales,Service Costs,Cell C Voucher collection commission,Cell C Voucher collection commission,2023-05-31,506565
Cost of Sales,Service Costs,Cell C Voucher collection commission,Cell C Voucher collection commission,2023-06-30,498835
Cost of Sales,Service Costs,Cell C Voucher collection commission,Cell C Voucher collection commission,2023-07-31,511748
Cost of Sales,Service Costs,Cell C Voucher collection commission,Cell C Voucher collection commission,2023-08-31,519201
Cost of Sales,Service Costs,Cell C Voucher collection commission,Cell C Voucher collection commission,2023-09-30,494636
Cost of Sales,Service Costs,Cell C Voucher collection commission,Cell C Voucher collection commission,2023-10-31,490053
Cost of Sales,Service Costs,Cell C Voucher collection commission,Cell C Voucher collection commission,2023-11-30,453735
Cost of Sales,Service Costs,Cell C Voucher collection commission,Cell C Voucher collection commission,2023-12-31,539438
Cost of Sales,Service Costs,Cell C Voucher collection commission,Cell C Voucher collection commission,2024-01-31,487948
Cost of Sales,Service Costs,Cell C Voucher collection commission,Cell C Voucher collection commission,2024-02-29,461920
Cost of Sales,Service Costs,Cell C Voucher collection commission,Cell C Voucher collection commission,2024-03-31,506667
Cost of Sales,Service Costs,Cell C Voucher collection commission,Cell C Voucher collection commission,2024-04-30,487649
Cost of Sales,Service Costs,Cell C Voucher collection commission,Cell C Voucher collection commission,2024-05-31,516327
Cost of Sales,Service Costs,Cell C Voucher collection commission,Cell C Voucher collection commission,2024-06-30,499791
Cost of Sales,Service Costs,Cell C Voucher collection commission,Cell C Voucher collection commission,2024-07-31,512686
Cost of Sales,Service Costs,Cell C Voucher collection commission,Cell C Voucher collection commission,2024-08-31,552691
Cost of Sales,Service Costs,Cell C Voucher collection commission,Cell C Voucher collection commission,2024-09-30,547066
Cost of Sales,Service Costs,Cell C Voucher collection commission,Cell C Voucher collection commission,2024-10-31,590592
Cost of Sales,Service Costs,Cell C Voucher collection commission,Cell C Voucher collection commission,2024-11-30,594516
Cost of Sales,Service Costs,Cell C Voucher collection commission,Cell C Voucher collection commission,2024-12-31,656490
Cost of Sales,Service Costs,Cell C Voucher collection commission,Cell C Voucher collection commission,2025-01-31,573324
Cost of Sales,Service Costs,Cell C Voucher collection commission,Cell C Voucher collection commission,2025-02-28,523158
Cost of Sales,Service Costs,Cell C Voucher collection commission,Cell C Voucher collection commission,2025-03-31,301239
Cost of Sales,Service Costs,Cell C Voucher collection commission,Cell C Voucher collection commission,2025-04-30,297642
Cost of Sales,Service Costs,Cell C Voucher collection commission,Cell C Voucher collection commission,2025-05-31,313831
Cost of Sales,Service Costs,Cell C Voucher collection commission,Cell C Voucher collection commission,2025-06-30,308753
Cost of Sales,Service Costs,Cell C Voucher collection commission,Cell C Voucher collection commission,2025-07-01,344561
Cost of Sales,Service Costs,Cell C Voucher collection commission,Cell C Voucher collection commission,2025-08-01,345177
Cost of Sales,Service Costs,Cell C Voucher collection commission,Cell C Voucher collection commission,2025-09-01,353400
Cost of Sales,Service Costs,Cell C Voucher collection commission,Cell C Voucher collection commission,2025-10-01,377606
Cost of Sales,Service Costs,Cell C Voucher collection commission,Cell C Voucher collection commission,2025-11-01,368579
Cost of Sales,Service Costs,Cell C Voucher collection commission,Cell C Voucher collection commission,2025-12-01,442323
Cost of Sales,Service Costs,Cell C Voucher collection commission,Cell C Voucher collection commission,2026-01-01,399632.0
Cost of Sales,Service Costs,Cell C Voucher collection commission,Cell C Voucher collection commission,2026-02-01,359792.0
Cost of Sales,Service Costs,Cell C Voucher collection commission,Cell C Voucher collection commission,2026-03-01,453681
Cost of Sales,Service Costs,Cell C Voucher collection commission,Cell C Voucher collection commission,2026-04-01,454272
Cost of Sales,Service Costs,Cell C Voucher collection commission,Cell C Voucher collection commission,2026-05-31,455531
Cost of Sales,Service Costs,Cell C Voucher collection commission,Cell C Voucher collection commission,2026-06-30,462317
Cost of Sales,Service Costs,Cell C Voucher collection commission,Cell C Voucher collection commission,2026-07-01,451718
Cost of Sales,Service Costs,Cell C Voucher collection commission,Cell C Voucher collection commission,2026-08-01,455142
Cost of Sales,Service Costs,Cell C Voucher collection commission,Cell C Voucher collection commission,2026-09-01,461507
Cost of Sales,Service Costs,Cell C Voucher collection commission,Cell C Voucher collection commission,2026-10-01,461178
Cost of Sales,Service Costs,Cell C Voucher collection commission,Cell C Voucher collection commission,2026-11-01,442542
Cost of Sales,Service Costs,Cell C Voucher collection commission,Cell C Voucher collection commission,2026-12-01,435170
Cost of Sales,Service Costs,Cell C Voucher collection commission,Cell C Voucher collection commission,2027-01-01,423102
Cost of Sales,Service Costs,Cell C Voucher collection commission,Cell C Voucher collection commission,2027-02-01,437200
Cost of Sales,Service Costs,Cell C Voucher collection commission,Cell C Voucher collection commission,2027-03-01,437200
Cost of Sales,Service Costs,Cell C Voucher collection commission,Cell C Voucher collection commission,2027-04-01,423154
Cost of Sales,Service Costs,Cell C Voucher collection commission,Cell C Voucher collection commission,2027-05-31,418417
Cost of Sales,Service Costs,Cell C Voucher collection commission,Cell C Voucher collection commission,2027-06-30,425859
Cost of Sales,Service Costs,Cell C Voucher collection commission,Cell C Voucher collection commission,2027-07-01,432563
Cost of Sales,Service Costs,Cell C Voucher collection commission,Cell C Voucher collection commission,2027-08-01,424257
Cost of Sales,Service Costs,Cell C Voucher collection commission,Cell C Voucher collection commission,2027-09-01,427200
Cost of Sales,Service Costs,Cell C Voucher collection commission,Cell C Voucher collection commission,2027-10-01,432248
Cost of Sales,Service Costs,Cell C Voucher collection commission,Cell C Voucher collection commission,2027-11-01,429961
Cost of Sales,Service Costs,Cell C Voucher collection commission,Cell C Voucher collection commission,2027-12-01,413318
Cost of Sales,Service Costs,Cell C Voucher collection commission,Cell C Voucher collection commission,2028-01-01,405912
Cost of Sales,Service Costs,Cell C Voucher collection commission,Cell C Voucher collection commission,2028-02-01,366687
Cost of Sales,Service Costs,CIB- Treately/IFS,CIB- Treately/IFS,2023-03-31,0
Cost of Sales,Service Costs,CIB- Treately/IFS,CIB- Treately/IFS,2023-04-30,0
Cost of Sales,Service Costs,CIB- Treately/IFS,CIB- Treately/IFS,2023-05-31,0
Cost of Sales,Service Costs,CIB- Treately/IFS,CIB- Treately/IFS,2023-06-30,0
Cost of Sales,Service Costs,CIB- Treately/IFS,CIB- Treately/IFS,2023-07-31,0
Cost of Sales,Service Costs,CIB- Treately/IFS,CIB- Treately/IFS,2023-08-31,0
Cost of Sales,Service Costs,CIB- Treately/IFS,CIB- Treately/IFS,2023-09-30,0
Cost of Sales,Service Costs,CIB- Treately/IFS,CIB- Treately/IFS,2023-10-31,0
Cost of Sales,Service Costs,CIB- Treately/IFS,CIB- Treately/IFS,2023-11-30,0
Cost of Sales,Service Costs,CIB- Treately/IFS,CIB- Treately/IFS,2023-12-31,0
Cost of Sales,Service Costs,CIB- Treately/IFS,CIB- Treately/IFS,2024-01-31,0
Cost of Sales,Service Costs,CIB- Treately/IFS,CIB- Treately/IFS,2024-02-29,0
Cost of Sales,Service Costs,CIB- Treately/IFS,CIB- Treately/IFS,2024-03-31,0
Cost of Sales,Service Costs,CIB- Treately/IFS,CIB- Treately/IFS,2024-04-30,0
Cost of Sales,Service Costs,CIB- Treately/IFS,CIB- Treately/IFS,2024-05-31,0
Cost of Sales,Service Costs,CIB- Treately/IFS,CIB- Treately/IFS,2024-06-30,0
Cost of Sales,Service Costs,CIB- Treately/IFS,CIB- Treately/IFS,2024-07-31,0
Cost of Sales,Service Costs,CIB- Treately/IFS,CIB- Treately/IFS,2024-08-31,0
Cost of Sales,Service Costs,CIB- Treately/IFS,CIB- Treately/IFS,2024-09-30,0
Cost of Sales,Service Costs,CIB- Treately/IFS,CIB- Treately/IFS,2024-10-31,0
Cost of Sales,Service Costs,CIB- Treately/IFS,CIB- Treately/IFS,2024-11-30,0
Cost of Sales,Service Costs,CIB- Treately/IFS,CIB- Treately/IFS,2024-12-31,0
Cost of Sales,Service Costs,CIB- Treately/IFS,CIB- Treately/IFS,2025-01-31,11753
Cost of Sales,Service Costs,CIB- Treately/IFS,CIB- Treately/IFS,2025-02-28,15180
Cost of Sales,Service Costs,CIB- Treately/IFS,CIB- Treately/IFS,2025-03-31,20875
Cost of Sales,Service Costs,CIB- Treately/IFS,CIB- Treately/IFS,2025-04-30,26564
Cost of Sales,Service Costs,CIB- Treately/IFS,CIB- Treately/IFS,2025-05-31,32131
Cost of Sales,Service Costs,CIB- Treately/IFS,CIB- Treately/IFS,2025-06-30,40733
Cost of Sales,Service Costs,CIB- Treately/IFS,CIB- Treately/IFS,2025-07-01,47614
Cost of Sales,Service Costs,CIB- Treately/IFS,CIB- Treately/IFS,2025-08-01,53526
Cost of Sales,Service Costs,CIB- Treately/IFS,CIB- Treately/IFS,2025-09-01,54416
Cost of Sales,Service Costs,CIB- Treately/IFS,CIB- Treately/IFS,2025-10-01,197722
Cost of Sales,Service Costs,CIB- Treately/IFS,CIB- Treately/IFS,2025-11-01,-44225
Cost of Sales,Service Costs,CIB- Treately/IFS,CIB- Treately/IFS,2025-12-01,93342
Cost of Sales,Service Costs,CIB- Treately/IFS,CIB- Treately/IFS,2026-01-01,70040.0
Cost of Sales,Service Costs,CIB- Treately/IFS,CIB- Treately/IFS,2026-02-01,71496.0
Cost of Sales,Service Costs,CIB- Treately/IFS,CIB- Treately/IFS,2026-03-01,77761
Cost of Sales,Service Costs,CIB- Treately/IFS,CIB- Treately/IFS,2026-04-01,84518
Cost of Sales,Service Costs,CIB- Treately/IFS,CIB- Treately/IFS,2026-05-31,91282
Cost of Sales,Service Costs,CIB- Treately/IFS,CIB- Treately/IFS,2026-06-30,97234
Cost of Sales,Service Costs,CIB- Treately/IFS,CIB- Treately/IFS,2026-07-01,103074
Cost of Sales,Service Costs,CIB- Treately/IFS,CIB- Treately/IFS,2026-08-01,108808
Cost of Sales,Service Costs,CIB- Treately/IFS,CIB- Treately/IFS,2026-09-01,113990
Cost of Sales,Service Costs,CIB- Treately/IFS,CIB- Treately/IFS,2026-10-01,119166
Cost of Sales,Service Costs,CIB- Treately/IFS,CIB- Treately/IFS,2026-11-01,123875
Cost of Sales,Service Costs,CIB- Treately/IFS,CIB- Treately/IFS,2026-12-01,128264
Cost of Sales,Service Costs,CIB- Treately/IFS,CIB- Treately/IFS,2027-01-01,130787
Cost of Sales,Service Costs,CIB- Treately/IFS,CIB- Treately/IFS,2027-02-01,133205
Cost of Sales,Service Costs,CIB- Treately/IFS,CIB- Treately/IFS,2027-03-01,136990
Cost of Sales,Service Costs,CIB- Treately/IFS,CIB- Treately/IFS,2027-04-01,156111
Cost of Sales,Service Costs,CIB- Treately/IFS,CIB- Treately/IFS,2027-05-31,158452
Cost of Sales,Service Costs,CIB- Treately/IFS,CIB- Treately/IFS,2027-06-30,161464
Cost of Sales,Service Costs,CIB- Treately/IFS,CIB- Treately/IFS,2027-07-01,164323
Cost of Sales,Service Costs,CIB- Treately/IFS,CIB- Treately/IFS,2027-08-01,167474
Cost of Sales,Service Costs,CIB- Treately/IFS,CIB- Treately/IFS,2027-09-01,170862
Cost of Sales,Service Costs,CIB- Treately/IFS,CIB- Treately/IFS,2027-10-01,174067
Cost of Sales,Service Costs,CIB- Treately/IFS,CIB- Treately/IFS,2027-11-01,176755
Cost of Sales,Service Costs,CIB- Treately/IFS,CIB- Treately/IFS,2027-12-01,179648
Cost of Sales,Service Costs,CIB- Treately/IFS,CIB- Treately/IFS,2028-01-01,181467
Cost of Sales,Service Costs,CIB- Treately/IFS,CIB- Treately/IFS,2028-02-01,182921
Cost of Sales,Service Costs,Virtual Voucher Costs,Virtual Voucher Costs,2023-03-31,264361
Cost of Sales,Service Costs,Virtual Voucher Costs,Virtual Voucher Costs,2023-04-30,256589
Cost of Sales,Service Costs,Virtual Voucher Costs,Virtual Voucher Costs,2023-05-31,227193
Cost of Sales,Service Costs,Virtual Voucher Costs,Virtual Voucher Costs,2023-06-30,242259
Cost of Sales,Service Costs,Virtual Voucher Costs,Virtual Voucher Costs,2023-07-31,281254
Cost of Sales,Service Costs,Virtual Voucher Costs,Virtual Voucher Costs,2023-08-31,264289
Cost of Sales,Service Costs,Virtual Voucher Costs,Virtual Voucher Costs,2023-09-30,256431
Cost of Sales,Service Costs,Virtual Voucher Costs,Virtual Voucher Costs,2023-10-31,184162
Cost of Sales,Service Costs,Virtual Voucher Costs,Virtual Voucher Costs,2023-11-30,78163
Cost of Sales,Service Costs,Virtual Voucher Costs,Virtual Voucher Costs,2023-12-31,81202
Cost of Sales,Service Costs,Virtual Voucher Costs,Virtual Voucher Costs,2024-01-31,70112
Cost of Sales,Service Costs,Virtual Voucher Costs,Virtual Voucher Costs,2024-02-29,90408
Cost of Sales,Service Costs,Virtual Voucher Costs,Virtual Voucher Costs,2024-03-31,53545
Cost of Sales,Service Costs,Virtual Voucher Costs,Virtual Voucher Costs,2024-04-30,49072
Cost of Sales,Service Costs,Virtual Voucher Costs,Virtual Voucher Costs,2024-05-31,45702
Cost of Sales,Service Costs,Virtual Voucher Costs,Virtual Voucher Costs,2024-06-30,43864
Cost of Sales,Service Costs,Virtual Voucher Costs,Virtual Voucher Costs,2024-07-31,49490
Cost of Sales,Service Costs,Virtual Voucher Costs,Virtual Voucher Costs,2024-08-31,42902
Cost of Sales,Service Costs,Virtual Voucher Costs,Virtual Voucher Costs,2024-09-30,49986
Cost of Sales,Service Costs,Virtual Voucher Costs,Virtual Voucher Costs,2024-10-31,13722
Cost of Sales,Service Costs,Virtual Voucher Costs,Virtual Voucher Costs,2024-11-30,7992
Cost of Sales,Service Costs,Virtual Voucher Costs,Virtual Voucher Costs,2024-12-31,7443
Cost of Sales,Service Costs,Virtual Voucher Costs,Virtual Voucher Costs,2025-01-31,6471
Cost of Sales,Service Costs,Virtual Voucher Costs,Virtual Voucher Costs,2025-02-28,5953
Cost of Sales,Service Costs,Virtual Voucher Costs,Virtual Voucher Costs,2025-03-31,7045
Cost of Sales,Service Costs,Virtual Voucher Costs,Virtual Voucher Costs,2025-04-30,6827
Cost of Sales,Service Costs,Virtual Voucher Costs,Virtual Voucher Costs,2025-05-31,9122
Cost of Sales,Service Costs,Virtual Voucher Costs,Virtual Voucher Costs,2025-06-30,6389
Cost of Sales,Service Costs,Virtual Voucher Costs,Virtual Voucher Costs,2025-07-01,8959
Cost of Sales,Service Costs,Virtual Voucher Costs,Virtual Voucher Costs,2025-08-01,11932
Cost of Sales,Service Costs,Virtual Voucher Costs,Virtual Voucher Costs,2025-09-01,4693
Cost of Sales,Service Costs,Virtual Voucher Costs,Virtual Voucher Costs,2025-10-01,7323
Cost of Sales,Service Costs,Virtual Voucher Costs,Virtual Voucher Costs,2025-11-01,9516
Cost of Sales,Service Costs,Virtual Voucher Costs,Virtual Voucher Costs,2025-12-01,6033
Cost of Sales,Service Costs,Virtual Voucher Costs,Virtual Voucher Costs,2026-01-01,4796.0
Cost of Sales,Service Costs,Virtual Voucher Costs,Virtual Voucher Costs,2026-02-01,7335.0
Cost of Sales,Service Costs,Virtual Voucher Costs,Virtual Voucher Costs,2026-03-01,10498
Cost of Sales,Service Costs,Virtual Voucher Costs,Virtual Voucher Costs,2026-04-01,10608
Cost of Sales,Service Costs,Virtual Voucher Costs,Virtual Voucher Costs,2026-05-31,10512
Cost of Sales,Service Costs,Virtual Voucher Costs,Virtual Voucher Costs,2026-06-30,10541
Cost of Sales,Service Costs,Virtual Voucher Costs,Virtual Voucher Costs,2026-07-01,10698
Cost of Sales,Service Costs,Virtual Voucher Costs,Virtual Voucher Costs,2026-08-01,10453
Cost of Sales,Service Costs,Virtual Voucher Costs,Virtual Voucher Costs,2026-09-01,10532
Cost of Sales,Service Costs,Virtual Voucher Costs,Virtual Voucher Costs,2026-10-01,10679
Cost of Sales,Service Costs,Virtual Voucher Costs,Virtual Voucher Costs,2026-11-01,10672
Cost of Sales,Service Costs,Virtual Voucher Costs,Virtual Voucher Costs,2026-12-01,10241
Cost of Sales,Service Costs,Virtual Voucher Costs,Virtual Voucher Costs,2027-01-01,10070
Cost of Sales,Service Costs,Virtual Voucher Costs,Virtual Voucher Costs,2027-02-01,9791
Cost of Sales,Service Costs,Virtual Voucher Costs,Virtual Voucher Costs,2027-03-01,9791
Cost of Sales,Service Costs,Virtual Voucher Costs,Virtual Voucher Costs,2027-04-01,9791
Cost of Sales,Service Costs,Virtual Voucher Costs,Virtual Voucher Costs,2027-05-31,9791
Cost of Sales,Service Costs,Virtual Voucher Costs,Virtual Voucher Costs,2027-06-30,9791
Cost of Sales,Service Costs,Virtual Voucher Costs,Virtual Voucher Costs,2027-07-01,9791
Cost of Sales,Service Costs,Virtual Voucher Costs,Virtual Voucher Costs,2027-08-01,9791
Cost of Sales,Service Costs,Virtual Voucher Costs,Virtual Voucher Costs,2027-09-01,9791
Cost of Sales,Service Costs,Virtual Voucher Costs,Virtual Voucher Costs,2027-10-01,9791
Cost of Sales,Service Costs,Virtual Voucher Costs,Virtual Voucher Costs,2027-11-01,9791
Cost of Sales,Service Costs,Virtual Voucher Costs,Virtual Voucher Costs,2027-12-01,9791
Cost of Sales,Service Costs,Virtual Voucher Costs,Virtual Voucher Costs,2028-01-01,9791
Cost of Sales,Service Costs,Virtual Voucher Costs,Virtual Voucher Costs,2028-02-01,9791
Cost of Sales,Service Costs,Retail Voucher costs,Retail Voucher costs,2023-03-31,0
Cost of Sales,Service Costs,Retail Voucher costs,Retail Voucher costs,2023-04-30,0
Cost of Sales,Service Costs,Retail Voucher costs,Retail Voucher costs,2023-05-31,16687
Cost of Sales,Service Costs,Retail Voucher costs,Retail Voucher costs,2023-06-30,88162
Cost of Sales,Service Costs,Retail Voucher costs,Retail Voucher costs,2023-07-31,113289
Cost of Sales,Service Costs,Retail Voucher costs,Retail Voucher costs,2023-08-31,55387
Cost of Sales,Service Costs,Retail Voucher costs,Retail Voucher costs,2023-09-30,25110
Cost of Sales,Service Costs,Retail Voucher costs,Retail Voucher costs,2023-10-31,45653
Cost of Sales,Service Costs,Retail Voucher costs,Retail Voucher costs,2023-11-30,43649
Cost of Sales,Service Costs,Retail Voucher costs,Retail Voucher costs,2023-12-31,103581
Cost of Sales,Service Costs,Retail Voucher costs,Retail Voucher costs,2024-01-31,38803
Cost of Sales,Service Costs,Retail Voucher costs,Retail Voucher costs,2024-02-29,29970
Cost of Sales,Service Costs,Retail Voucher costs,Retail Voucher costs,2024-03-31,49032
Cost of Sales,Service Costs,Retail Voucher costs,Retail Voucher costs,2024-04-30,38175
Cost of Sales,Service Costs,Retail Voucher costs,Retail Voucher costs,2024-05-31,50818
Cost of Sales,Service Costs,Retail Voucher costs,Retail Voucher costs,2024-06-30,48478
Cost of Sales,Service Costs,Retail Voucher costs,Retail Voucher costs,2024-07-31,51423
Cost of Sales,Service Costs,Retail Voucher costs,Retail Voucher costs,2024-08-31,38398
Cost of Sales,Service Costs,Retail Voucher costs,Retail Voucher costs,2024-09-30,76227
Cost of Sales,Service Costs,Retail Voucher costs,Retail Voucher costs,2024-10-31,53442
Cost of Sales,Service Costs,Retail Voucher costs,Retail Voucher costs,2024-11-30,194126
Cost of Sales,Service Costs,Retail Voucher costs,Retail Voucher costs,2024-12-31,101831
Cost of Sales,Service Costs,Retail Voucher costs,Retail Voucher costs,2025-01-31,31336
Cost of Sales,Service Costs,Retail Voucher costs,Retail Voucher costs,2025-02-28,43201
Cost of Sales,Service Costs,Retail Voucher costs,Retail Voucher costs,2025-03-31,49240
Cost of Sales,Service Costs,Retail Voucher costs,Retail Voucher costs,2025-04-30,18701
Cost of Sales,Service Costs,Retail Voucher costs,Retail Voucher costs,2025-05-31,25788
Cost of Sales,Service Costs,Retail Voucher costs,Retail Voucher costs,2025-06-30,20064
Cost of Sales,Service Costs,Retail Voucher costs,Retail Voucher costs,2025-07-01,40780
Cost of Sales,Service Costs,Retail Voucher costs,Retail Voucher costs,2025-08-01,37992
Cost of Sales,Service Costs,Retail Voucher costs,Retail Voucher costs,2025-09-01,35463
Cost of Sales,Service Costs,Retail Voucher costs,Retail Voucher costs,2025-10-01,136914
Cost of Sales,Service Costs,Retail Voucher costs,Retail Voucher costs,2025-11-01,56508
Cost of Sales,Service Costs,Retail Voucher costs,Retail Voucher costs,2025-12-01,48995
Cost of Sales,Service Costs,Retail Voucher costs,Retail Voucher costs,2026-01-01,17070.0
Cost of Sales,Service Costs,Retail Voucher costs,Retail Voucher costs,2026-02-01,10972.0
Cost of Sales,Service Costs,Retail Voucher costs,Retail Voucher costs,2026-03-01,54742
Cost of Sales,Service Costs,Retail Voucher costs,Retail Voucher costs,2026-04-01,54054
Cost of Sales,Service Costs,Retail Voucher costs,Retail Voucher costs,2026-05-31,56842
Cost of Sales,Service Costs,Retail Voucher costs,Retail Voucher costs,2026-06-30,55419
Cost of Sales,Service Costs,Retail Voucher costs,Retail Voucher costs,2026-07-01,58259
Cost of Sales,Service Costs,Retail Voucher costs,Retail Voucher costs,2026-08-01,58968
Cost of Sales,Service Costs,Retail Voucher costs,Retail Voucher costs,2026-09-01,57467
Cost of Sales,Service Costs,Retail Voucher costs,Retail Voucher costs,2026-10-01,60386
Cost of Sales,Service Costs,Retail Voucher costs,Retail Voucher costs,2026-11-01,58832
Cost of Sales,Service Costs,Retail Voucher costs,Retail Voucher costs,2026-12-01,57778
Cost of Sales,Service Costs,Retail Voucher costs,Retail Voucher costs,2027-01-01,60998
Cost of Sales,Service Costs,Retail Voucher costs,Retail Voucher costs,2027-02-01,54936
Cost of Sales,Service Costs,Retail Voucher costs,Retail Voucher costs,2027-03-01,58391
Cost of Sales,Service Costs,Retail Voucher costs,Retail Voucher costs,2027-04-01,58254
Cost of Sales,Service Costs,Retail Voucher costs,Retail Voucher costs,2027-05-31,61217
Cost of Sales,Service Costs,Retail Voucher costs,Retail Voucher costs,2027-06-30,61334
Cost of Sales,Service Costs,Retail Voucher costs,Retail Voucher costs,2027-07-01,63466
Cost of Sales,Service Costs,Retail Voucher costs,Retail Voucher costs,2027-08-01,64148
Cost of Sales,Service Costs,Retail Voucher costs,Retail Voucher costs,2027-09-01,63382
Cost of Sales,Service Costs,Retail Voucher costs,Retail Voucher costs,2027-10-01,66528
Cost of Sales,Service Costs,Retail Voucher costs,Retail Voucher costs,2027-11-01,64747
Cost of Sales,Service Costs,Retail Voucher costs,Retail Voucher costs,2027-12-01,62608
Cost of Sales,Service Costs,Retail Voucher costs,Retail Voucher costs,2028-01-01,66878
Cost of Sales,Service Costs,Retail Voucher costs,Retail Voucher costs,2028-02-01,61026
Cost of Sales,Direct Costs,Platform Fee / CRM,Platform Fee / CRM,2023-03-31,505962
Cost of Sales,Direct Costs,Platform Fee / CRM,Platform Fee / CRM,2023-04-30,539979
Cost of Sales,Direct Costs,Platform Fee / CRM,Platform Fee / CRM,2023-05-31,526254
Cost of Sales,Direct Costs,Platform Fee / CRM,Platform Fee / CRM,2023-06-30,569556
Cost of Sales,Direct Costs,Platform Fee / CRM,Platform Fee / CRM,2023-07-31,614985
Cost of Sales,Direct Costs,Platform Fee / CRM,Platform Fee / CRM,2023-08-31,638634
Cost of Sales,Direct Costs,Platform Fee / CRM,Platform Fee / CRM,2023-09-30,972702
Cost of Sales,Direct Costs,Platform Fee / CRM,Platform Fee / CRM,2023-10-31,866503
Cost of Sales,Direct Costs,Platform Fee / CRM,Platform Fee / CRM,2023-11-30,957190
Cost of Sales,Direct Costs,Platform Fee / CRM,Platform Fee / CRM,2023-12-31,958238
Cost of Sales,Direct Costs,Platform Fee / CRM,Platform Fee / CRM,2024-01-31,948860
Cost of Sales,Direct Costs,Platform Fee / CRM,Platform Fee / CRM,2024-02-29,809058
Cost of Sales,Direct Costs,Platform Fee / CRM,Platform Fee / CRM,2024-03-31,678531
Cost of Sales,Direct Costs,Platform Fee / CRM,Platform Fee / CRM,2024-04-30,688545
Cost of Sales,Direct Costs,Platform Fee / CRM,Platform Fee / CRM,2024-05-31,710700
Cost of Sales,Direct Costs,Platform Fee / CRM,Platform Fee / CRM,2024-06-30,742878
Cost of Sales,Direct Costs,Platform Fee / CRM,Platform Fee / CRM,2024-07-31,784206
Cost of Sales,Direct Costs,Platform Fee / CRM,Platform Fee / CRM,2024-08-31,865779
Cost of Sales,Direct Costs,Platform Fee / CRM,Platform Fee / CRM,2024-09-30,931212
Cost of Sales,Direct Costs,Platform Fee / CRM,Platform Fee / CRM,2024-10-31,954066
Cost of Sales,Direct Costs,Platform Fee / CRM,Platform Fee / CRM,2024-11-30,1017675
Cost of Sales,Direct Costs,Platform Fee / CRM,Platform Fee / CRM,2024-12-31,1027926
Cost of Sales,Direct Costs,Platform Fee / CRM,Platform Fee / CRM,2025-01-31,982914
Cost of Sales,Direct Costs,Platform Fee / CRM,Platform Fee / CRM,2025-02-28,1001949
Cost of Sales,Direct Costs,Platform Fee / CRM,Platform Fee / CRM,2025-03-31,1115299
Cost of Sales,Direct Costs,Platform Fee / CRM,Platform Fee / CRM,2025-04-30,1147760
Cost of Sales,Direct Costs,Platform Fee / CRM,Platform Fee / CRM,2025-05-31,1169742
Cost of Sales,Direct Costs,Platform Fee / CRM,Platform Fee / CRM,2025-06-30,1117596
Cost of Sales,Direct Costs,Platform Fee / CRM,Platform Fee / CRM,2025-07-01,1068775
Cost of Sales,Direct Costs,Platform Fee / CRM,Platform Fee / CRM,2025-08-01,1121131
Cost of Sales,Direct Costs,Platform Fee / CRM,Platform Fee / CRM,2025-09-01,1126432
Cost of Sales,Direct Costs,Platform Fee / CRM,Platform Fee / CRM,2025-10-01,1144108
Cost of Sales,Direct Costs,Platform Fee / CRM,Platform Fee / CRM,2025-11-01,1186637
Cost of Sales,Direct Costs,Platform Fee / CRM,Platform Fee / CRM,2025-12-01,1189926
Cost of Sales,Direct Costs,Platform Fee / CRM,Platform Fee / CRM,2026-01-01,1175154.0
Cost of Sales,Direct Costs,Platform Fee / CRM,Platform Fee / CRM,2026-02-01,1187756.0
Cost of Sales,Direct Costs,Platform Fee / CRM,Platform Fee / CRM,2026-03-01,1553949
Cost of Sales,Direct Costs,Platform Fee / CRM,Platform Fee / CRM,2026-04-01,1621691
Cost of Sales,Direct Costs,Platform Fee / CRM,Platform Fee / CRM,2026-05-31,1645480
Cost of Sales,Direct Costs,Platform Fee / CRM,Platform Fee / CRM,2026-06-30,1685755
Cost of Sales,Direct Costs,Platform Fee / CRM,Platform Fee / CRM,2026-07-01,1725333
Cost of Sales,Direct Costs,Platform Fee / CRM,Platform Fee / CRM,2026-08-01,1749107
Cost of Sales,Direct Costs,Platform Fee / CRM,Platform Fee / CRM,2026-09-01,1765146
Cost of Sales,Direct Costs,Platform Fee / CRM,Platform Fee / CRM,2026-10-01,1797427
Cost of Sales,Direct Costs,Platform Fee / CRM,Platform Fee / CRM,2026-11-01,1822103
Cost of Sales,Direct Costs,Platform Fee / CRM,Platform Fee / CRM,2026-12-01,1790408
Cost of Sales,Direct Costs,Platform Fee / CRM,Platform Fee / CRM,2027-01-01,1779654
Cost of Sales,Direct Costs,Platform Fee / CRM,Platform Fee / CRM,2027-02-01,1791543
Cost of Sales,Direct Costs,Platform Fee / CRM,Platform Fee / CRM,2027-03-01,1908875
Cost of Sales,Direct Costs,Platform Fee / CRM,Platform Fee / CRM,2027-04-01,1947002
Cost of Sales,Direct Costs,Platform Fee / CRM,Platform Fee / CRM,2027-05-31,1946713
Cost of Sales,Direct Costs,Platform Fee / CRM,Platform Fee / CRM,2027-06-30,1978882
Cost of Sales,Direct Costs,Platform Fee / CRM,Platform Fee / CRM,2027-07-01,2019030
Cost of Sales,Direct Costs,Platform Fee / CRM,Platform Fee / CRM,2027-08-01,2043970
Cost of Sales,Direct Costs,Platform Fee / CRM,Platform Fee / CRM,2027-09-01,2062579
Cost of Sales,Direct Costs,Platform Fee / CRM,Platform Fee / CRM,2027-10-01,2092636
Cost of Sales,Direct Costs,Platform Fee / CRM,Platform Fee / CRM,2027-11-01,2113679
Cost of Sales,Direct Costs,Platform Fee / CRM,Platform Fee / CRM,2027-12-01,2075741
Cost of Sales,Direct Costs,Platform Fee / CRM,Platform Fee / CRM,2028-01-01,2058152
Cost of Sales,Direct Costs,Platform Fee / CRM,Platform Fee / CRM,2028-02-01,2043052
Cost of Sales,Direct Costs,MVNX Platform fee adj,MVNX  fee adj,2023-03-31,
Cost of Sales,Direct Costs,MVNX Platform fee adj,MVNX  fee adj,2023-04-30,
Cost of Sales,Direct Costs,MVNX Platform fee adj,MVNX  fee adj,2023-05-31,
Cost of Sales,Direct Costs,MVNX Platform fee adj,MVNX  fee adj,2023-06-30,
Cost of Sales,Direct Costs,MVNX Platform fee adj,MVNX  fee adj,2023-07-31,
Cost of Sales,Direct Costs,MVNX Platform fee adj,MVNX  fee adj,2023-08-31,
Cost of Sales,Direct Costs,MVNX Platform fee adj,MVNX  fee adj,2023-09-30,
Cost of Sales,Direct Costs,MVNX Platform fee adj,MVNX  fee adj,2023-10-31,
Cost of Sales,Direct Costs,MVNX Platform fee adj,MVNX  fee adj,2023-11-30,
Cost of Sales,Direct Costs,MVNX Platform fee adj,MVNX  fee adj,2023-12-31,
Cost of Sales,Direct Costs,MVNX Platform fee adj,MVNX  fee adj,2024-01-31,
Cost of Sales,Direct Costs,MVNX Platform fee adj,MVNX  fee adj,2024-02-29,
Cost of Sales,Direct Costs,MVNX Platform fee adj,MVNX  fee adj,2024-03-31,
Cost of Sales,Direct Costs,MVNX Platform fee adj,MVNX  fee adj,2024-04-30,
Cost of Sales,Direct Costs,MVNX Platform fee adj,MVNX  fee adj,2024-05-31,
Cost of Sales,Direct Costs,MVNX Platform fee adj,MVNX  fee adj,2024-06-30,
Cost of Sales,Direct Costs,MVNX Platform fee adj,MVNX  fee adj,2024-07-31,
Cost of Sales,Direct Costs,MVNX Platform fee adj,MVNX  fee adj,2024-08-31,
Cost of Sales,Direct Costs,MVNX Platform fee adj,MVNX  fee adj,2024-09-30,
Cost of Sales,Direct Costs,MVNX Platform fee adj,MVNX  fee adj,2024-10-31,
Cost of Sales,Direct Costs,MVNX Platform fee adj,MVNX  fee adj,2024-11-30,
Cost of Sales,Direct Costs,MVNX Platform fee adj,MVNX  fee adj,2024-12-31,
Cost of Sales,Direct Costs,MVNX Platform fee adj,MVNX  fee adj,2025-01-31,
Cost of Sales,Direct Costs,MVNX Platform fee adj,MVNX  fee adj,2025-02-28,
Cost of Sales,Direct Costs,MVNX Platform fee adj,MVNX  fee adj,2025-03-31,
Cost of Sales,Direct Costs,MVNX Platform fee adj,MVNX  fee adj,2025-04-30,17491
Cost of Sales,Direct Costs,MVNX Platform fee adj,MVNX  fee adj,2025-05-31,37365
Cost of Sales,Direct Costs,MVNX Platform fee adj,MVNX  fee adj,2025-06-30,10580
Cost of Sales,Direct Costs,MVNX Platform fee adj,MVNX  fee adj,2025-07-01,18326
Cost of Sales,Direct Costs,MVNX Platform fee adj,MVNX  fee adj,2025-08-01,0
Cost of Sales,Direct Costs,MVNX Platform fee adj,MVNX  fee adj,2025-09-01,30912
Cost of Sales,Direct Costs,MVNX Platform fee adj,MVNX  fee adj,2025-10-01,
Cost of Sales,Direct Costs,MVNX Platform fee adj,MVNX  fee adj,2025-11-01,
Cost of Sales,Direct Costs,MVNX Platform fee adj,MVNX  fee adj,2025-12-01,0
Cost of Sales,Direct Costs,MVNX Platform fee adj,MVNX  fee adj,2026-01-01,0
Cost of Sales,Direct Costs,MVNX Platform fee adj,MVNX  fee adj,2026-02-01,0
Cost of Sales,Direct Costs,MVNX Platform fee adj,MVNX  fee adj,2026-03-01,101007
Cost of Sales,Direct Costs,MVNX Platform fee adj,MVNX  fee adj,2026-04-01,105410
Cost of Sales,Direct Costs,MVNX Platform fee adj,MVNX  fee adj,2026-05-31,106956
Cost of Sales,Direct Costs,MVNX Platform fee adj,MVNX  fee adj,2026-06-30,109574
Cost of Sales,Direct Costs,MVNX Platform fee adj,MVNX  fee adj,2026-07-01,112147
Cost of Sales,Direct Costs,MVNX Platform fee adj,MVNX  fee adj,2026-08-01,113692
Cost of Sales,Direct Costs,MVNX Platform fee adj,MVNX  fee adj,2026-09-01,114735
Cost of Sales,Direct Costs,MVNX Platform fee adj,MVNX  fee adj,2026-10-01,116833
Cost of Sales,Direct Costs,MVNX Platform fee adj,MVNX  fee adj,2026-11-01,118437
Cost of Sales,Direct Costs,MVNX Platform fee adj,MVNX  fee adj,2026-12-01,116377
Cost of Sales,Direct Costs,MVNX Platform fee adj,MVNX  fee adj,2027-01-01,115678
Cost of Sales,Direct Costs,MVNX Platform fee adj,MVNX  fee adj,2027-02-01,116450
Cost of Sales,Direct Costs,MVNX Platform fee adj,MVNX  fee adj,2027-03-01,124077
Cost of Sales,Direct Costs,MVNX Platform fee adj,MVNX  fee adj,2027-04-01,126555
Cost of Sales,Direct Costs,MVNX Platform fee adj,MVNX  fee adj,2027-05-31,126536
Cost of Sales,Direct Costs,MVNX Platform fee adj,MVNX  fee adj,2027-06-30,128627
Cost of Sales,Direct Costs,MVNX Platform fee adj,MVNX  fee adj,2027-07-01,131237
Cost of Sales,Direct Costs,MVNX Platform fee adj,MVNX  fee adj,2027-08-01,132858
Cost of Sales,Direct Costs,MVNX Platform fee adj,MVNX  fee adj,2027-09-01,134068
Cost of Sales,Direct Costs,MVNX Platform fee adj,MVNX  fee adj,2027-10-01,136021
Cost of Sales,Direct Costs,MVNX Platform fee adj,MVNX  fee adj,2027-11-01,137389
Cost of Sales,Direct Costs,MVNX Platform fee adj,MVNX  fee adj,2027-12-01,134923
Cost of Sales,Direct Costs,MVNX Platform fee adj,MVNX  fee adj,2028-01-01,133780
Cost of Sales,Direct Costs,MVNX Platform fee adj,MVNX  fee adj,2028-02-01,132798
Cost of Sales,Direct Costs,Cell C  Admin Fee,Cell C  Admin Fee,2023-03-31,66666
Cost of Sales,Direct Costs,Cell C  Admin Fee,Cell C  Admin Fee,2023-04-30,66666
Cost of Sales,Direct Costs,Cell C  Admin Fee,Cell C  Admin Fee,2023-05-31,66666
Cost of Sales,Direct Costs,Cell C  Admin Fee,Cell C  Admin Fee,2023-06-30,66666
Cost of Sales,Direct Costs,Cell C  Admin Fee,Cell C  Admin Fee,2023-07-31,66666
Cost of Sales,Direct Costs,Cell C  Admin Fee,Cell C  Admin Fee,2023-08-31,66666
Cost of Sales,Direct Costs,Cell C  Admin Fee,Cell C  Admin Fee,2023-09-30,22222
Cost of Sales,Direct Costs,Cell C  Admin Fee,Cell C  Admin Fee,2023-10-31,22222
Cost of Sales,Direct Costs,Cell C  Admin Fee,Cell C  Admin Fee,2023-11-30,33333
Cost of Sales,Direct Costs,Cell C  Admin Fee,Cell C  Admin Fee,2023-12-31,33333
Cost of Sales,Direct Costs,Cell C  Admin Fee,Cell C  Admin Fee,2024-01-31,33333
Cost of Sales,Direct Costs,Cell C  Admin Fee,Cell C  Admin Fee,2024-02-29,55555
Cost of Sales,Direct Costs,Cell C  Admin Fee,Cell C  Admin Fee,2024-03-31,33333
Cost of Sales,Direct Costs,Cell C  Admin Fee,Cell C  Admin Fee,2024-04-30,33333
Cost of Sales,Direct Costs,Cell C  Admin Fee,Cell C  Admin Fee,2024-05-31,33333
Cost of Sales,Direct Costs,Cell C  Admin Fee,Cell C  Admin Fee,2024-06-30,33333
Cost of Sales,Direct Costs,Cell C  Admin Fee,Cell C  Admin Fee,2024-07-31,33333
Cost of Sales,Direct Costs,Cell C  Admin Fee,Cell C  Admin Fee,2024-08-31,33333
Cost of Sales,Direct Costs,Cell C  Admin Fee,Cell C  Admin Fee,2024-09-30,33333
Cost of Sales,Direct Costs,Cell C  Admin Fee,Cell C  Admin Fee,2024-10-31,33333
Cost of Sales,Direct Costs,Cell C  Admin Fee,Cell C  Admin Fee,2024-11-30,33333
Cost of Sales,Direct Costs,Cell C  Admin Fee,Cell C  Admin Fee,2024-12-31,33333
Cost of Sales,Direct Costs,Cell C  Admin Fee,Cell C  Admin Fee,2025-01-31,33333
Cost of Sales,Direct Costs,Cell C  Admin Fee,Cell C  Admin Fee,2025-02-28,33333
Cost of Sales,Direct Costs,Cell C  Admin Fee,Cell C  Admin Fee,2025-03-31,33333
Cost of Sales,Direct Costs,Cell C  Admin Fee,Cell C  Admin Fee,2025-04-30,33333
Cost of Sales,Direct Costs,Cell C  Admin Fee,Cell C  Admin Fee,2025-05-31,33333
Cost of Sales,Direct Costs,Cell C  Admin Fee,Cell C  Admin Fee,2025-06-30,33333
Cost of Sales,Direct Costs,Cell C  Admin Fee,Cell C  Admin Fee,2025-07-01,33333
Cost of Sales,Direct Costs,Cell C  Admin Fee,Cell C  Admin Fee,2025-08-01,33333
Cost of Sales,Direct Costs,Cell C  Admin Fee,Cell C  Admin Fee,2025-09-01,33333
Cost of Sales,Direct Costs,Cell C  Admin Fee,Cell C  Admin Fee,2025-10-01,94426
Cost of Sales,Direct Costs,Cell C  Admin Fee,Cell C  Admin Fee,2025-11-01,33333
Cost of Sales,Direct Costs,Cell C  Admin Fee,Cell C  Admin Fee,2025-12-01,34726
Cost of Sales,Direct Costs,Cell C  Admin Fee,Cell C  Admin Fee,2026-01-01,33333.0
Cost of Sales,Direct Costs,Cell C  Admin Fee,Cell C  Admin Fee,2026-02-01,33333.0
Cost of Sales,Direct Costs,Cell C  Admin Fee,Cell C  Admin Fee,2026-03-01,33334
Cost of Sales,Direct Costs,Cell C  Admin Fee,Cell C  Admin Fee,2026-04-01,33335
Cost of Sales,Direct Costs,Cell C  Admin Fee,Cell C  Admin Fee,2026-05-31,33336
Cost of Sales,Direct Costs,Cell C  Admin Fee,Cell C  Admin Fee,2026-06-30,33337
Cost of Sales,Direct Costs,Cell C  Admin Fee,Cell C  Admin Fee,2026-07-01,33338
Cost of Sales,Direct Costs,Cell C  Admin Fee,Cell C  Admin Fee,2026-08-01,33339
Cost of Sales,Direct Costs,Cell C  Admin Fee,Cell C  Admin Fee,2026-09-01,33340
Cost of Sales,Direct Costs,Cell C  Admin Fee,Cell C  Admin Fee,2026-10-01,33341
Cost of Sales,Direct Costs,Cell C  Admin Fee,Cell C  Admin Fee,2026-11-01,33342
Cost of Sales,Direct Costs,Cell C  Admin Fee,Cell C  Admin Fee,2026-12-01,33343
Cost of Sales,Direct Costs,Cell C  Admin Fee,Cell C  Admin Fee,2027-01-01,33344
Cost of Sales,Direct Costs,Cell C  Admin Fee,Cell C  Admin Fee,2027-02-01,33345
Cost of Sales,Direct Costs,Cell C  Admin Fee,Cell C  Admin Fee,2027-03-01,33333
Cost of Sales,Direct Costs,Cell C  Admin Fee,Cell C  Admin Fee,2027-04-01,33333
Cost of Sales,Direct Costs,Cell C  Admin Fee,Cell C  Admin Fee,2027-05-31,33333
Cost of Sales,Direct Costs,Cell C  Admin Fee,Cell C  Admin Fee,2027-06-30,33333
Cost of Sales,Direct Costs,Cell C  Admin Fee,Cell C  Admin Fee,2027-07-01,33333
Cost of Sales,Direct Costs,Cell C  Admin Fee,Cell C  Admin Fee,2027-08-01,33333
Cost of Sales,Direct Costs,Cell C  Admin Fee,Cell C  Admin Fee,2027-09-01,33333
Cost of Sales,Direct Costs,Cell C  Admin Fee,Cell C  Admin Fee,2027-10-01,33333
Cost of Sales,Direct Costs,Cell C  Admin Fee,Cell C  Admin Fee,2027-11-01,33333
Cost of Sales,Direct Costs,Cell C  Admin Fee,Cell C  Admin Fee,2027-12-01,33333
Cost of Sales,Direct Costs,Cell C  Admin Fee,Cell C  Admin Fee,2028-01-01,33333
Cost of Sales,Direct Costs,Cell C  Admin Fee,Cell C  Admin Fee,2028-02-01,33333
Cost of Sales,Direct Costs,SMS Comms ,SMS Comms ,2023-03-31,142787
Cost of Sales,Direct Costs,SMS Comms ,SMS Comms ,2023-04-30,93339
Cost of Sales,Direct Costs,SMS Comms ,SMS Comms ,2023-05-31,86169
Cost of Sales,Direct Costs,SMS Comms ,SMS Comms ,2023-06-30,104949
Cost of Sales,Direct Costs,SMS Comms ,SMS Comms ,2023-07-31,104369
Cost of Sales,Direct Costs,SMS Comms ,SMS Comms ,2023-08-31,86459
Cost of Sales,Direct Costs,SMS Comms ,SMS Comms ,2023-09-30,48441
Cost of Sales,Direct Costs,SMS Comms ,SMS Comms ,2023-10-31,74600
Cost of Sales,Direct Costs,SMS Comms ,SMS Comms ,2023-11-30,101399
Cost of Sales,Direct Costs,SMS Comms ,SMS Comms ,2023-12-31,97172
Cost of Sales,Direct Costs,SMS Comms ,SMS Comms ,2024-01-31,87462
Cost of Sales,Direct Costs,SMS Comms ,SMS Comms ,2024-02-29,115175
Cost of Sales,Direct Costs,SMS Comms ,SMS Comms ,2024-03-31,153390
Cost of Sales,Direct Costs,SMS Comms ,SMS Comms ,2024-04-30,208664
Cost of Sales,Direct Costs,SMS Comms ,SMS Comms ,2024-05-31,170398
Cost of Sales,Direct Costs,SMS Comms ,SMS Comms ,2024-06-30,138514
Cost of Sales,Direct Costs,SMS Comms ,SMS Comms ,2024-07-31,265490
Cost of Sales,Direct Costs,SMS Comms ,SMS Comms ,2024-08-31,263429
Cost of Sales,Direct Costs,SMS Comms ,SMS Comms ,2024-09-30,1102378
Cost of Sales,Direct Costs,SMS Comms ,SMS Comms ,2024-10-31,332931
Cost of Sales,Direct Costs,SMS Comms ,SMS Comms ,2024-11-30,326781
Cost of Sales,Direct Costs,SMS Comms ,SMS Comms ,2024-12-31,347496
Cost of Sales,Direct Costs,SMS Comms ,SMS Comms ,2025-01-31,364742
Cost of Sales,Direct Costs,SMS Comms ,SMS Comms ,2025-02-28,365228
Cost of Sales,Direct Costs,SMS Comms ,SMS Comms ,2025-03-31,444048
Cost of Sales,Direct Costs,SMS Comms ,SMS Comms ,2025-04-30,440273
Cost of Sales,Direct Costs,SMS Comms ,SMS Comms ,2025-05-31,411135
Cost of Sales,Direct Costs,SMS Comms ,SMS Comms ,2025-06-30,388120
Cost of Sales,Direct Costs,SMS Comms ,SMS Comms ,2025-07-01,420401
Cost of Sales,Direct Costs,SMS Comms ,SMS Comms ,2025-08-01,437037
Cost of Sales,Direct Costs,SMS Comms ,SMS Comms ,2025-09-01,435094
Cost of Sales,Direct Costs,SMS Comms ,SMS Comms ,2025-10-01,485217
Cost of Sales,Direct Costs,SMS Comms ,SMS Comms ,2025-11-01,487213
Cost of Sales,Direct Costs,SMS Comms ,SMS Comms ,2025-12-01,598942
Cost of Sales,Direct Costs,SMS Comms ,SMS Comms ,2026-01-01,585864.0
Cost of Sales,Direct Costs,SMS Comms ,SMS Comms ,2026-02-01,450914.0
Cost of Sales,Direct Costs,SMS Comms ,SMS Comms ,2026-03-01,581478
Cost of Sales,Direct Costs,SMS Comms ,SMS Comms ,2026-04-01,606826
Cost of Sales,Direct Costs,SMS Comms ,SMS Comms ,2026-05-31,615728
Cost of Sales,Direct Costs,SMS Comms ,SMS Comms ,2026-06-30,630799
Cost of Sales,Direct Costs,SMS Comms ,SMS Comms ,2026-07-01,645608
Cost of Sales,Direct Costs,SMS Comms ,SMS Comms ,2026-08-01,654504
Cost of Sales,Direct Costs,SMS Comms ,SMS Comms ,2026-09-01,660506
Cost of Sales,Direct Costs,SMS Comms ,SMS Comms ,2026-10-01,672585
Cost of Sales,Direct Costs,SMS Comms ,SMS Comms ,2026-11-01,681819
Cost of Sales,Direct Costs,SMS Comms ,SMS Comms ,2026-12-01,669959
Cost of Sales,Direct Costs,SMS Comms ,SMS Comms ,2027-01-01,665935
Cost of Sales,Direct Costs,SMS Comms ,SMS Comms ,2027-02-01,670384
Cost of Sales,Direct Costs,SMS Comms ,SMS Comms ,2027-03-01,714289
Cost of Sales,Direct Costs,SMS Comms ,SMS Comms ,2027-04-01,728555
Cost of Sales,Direct Costs,SMS Comms ,SMS Comms ,2027-05-31,728448
Cost of Sales,Direct Costs,SMS Comms ,SMS Comms ,2027-06-30,740485
Cost of Sales,Direct Costs,SMS Comms ,SMS Comms ,2027-07-01,755508
Cost of Sales,Direct Costs,SMS Comms ,SMS Comms ,2027-08-01,764840
Cost of Sales,Direct Costs,SMS Comms ,SMS Comms ,2027-09-01,771804
Cost of Sales,Direct Costs,SMS Comms ,SMS Comms ,2027-10-01,783051
Cost of Sales,Direct Costs,SMS Comms ,SMS Comms ,2027-11-01,790925
Cost of Sales,Direct Costs,SMS Comms ,SMS Comms ,2027-12-01,776729
Cost of Sales,Direct Costs,SMS Comms ,SMS Comms ,2028-01-01,770147
Cost of Sales,Direct Costs,SMS Comms ,SMS Comms ,2028-02-01,764497
Cost of Sales,Direct Costs,Whatsapp comms,Whatsapp comms,2023-03-31,57332
Cost of Sales,Direct Costs,Whatsapp comms,Whatsapp comms,2023-04-30,54821
Cost of Sales,Direct Costs,Whatsapp comms,Whatsapp comms,2023-05-31,59764
Cost of Sales,Direct Costs,Whatsapp comms,Whatsapp comms,2023-06-30,54696
Cost of Sales,Direct Costs,Whatsapp comms,Whatsapp comms,2023-07-31,59680
Cost of Sales,Direct Costs,Whatsapp comms,Whatsapp comms,2023-08-31,198545
Cost of Sales,Direct Costs,Whatsapp comms,Whatsapp comms,2023-09-30,148348
Cost of Sales,Direct Costs,Whatsapp comms,Whatsapp comms,2023-10-31,171755
Cost of Sales,Direct Costs,Whatsapp comms,Whatsapp comms,2023-11-30,159704
Cost of Sales,Direct Costs,Whatsapp comms,Whatsapp comms,2023-12-31,184951
Cost of Sales,Direct Costs,Whatsapp comms,Whatsapp comms,2024-01-31,174006
Cost of Sales,Direct Costs,Whatsapp comms,Whatsapp comms,2024-02-29,187722
Cost of Sales,Direct Costs,Whatsapp comms,Whatsapp comms,2024-03-31,181767
Cost of Sales,Direct Costs,Whatsapp comms,Whatsapp comms,2024-04-30,167306
Cost of Sales,Direct Costs,Whatsapp comms,Whatsapp comms,2024-05-31,118583
Cost of Sales,Direct Costs,Whatsapp comms,Whatsapp comms,2024-06-30,129490
Cost of Sales,Direct Costs,Whatsapp comms,Whatsapp comms,2024-07-31,130126
Cost of Sales,Direct Costs,Whatsapp comms,Whatsapp comms,2024-08-31,150830
Cost of Sales,Direct Costs,Whatsapp comms,Whatsapp comms,2024-09-30,69300
Cost of Sales,Direct Costs,Whatsapp comms,Whatsapp comms,2024-10-31,74585
Cost of Sales,Direct Costs,Whatsapp comms,Whatsapp comms,2024-11-30,35199
Cost of Sales,Direct Costs,Whatsapp comms,Whatsapp comms,2024-12-31,65723
Cost of Sales,Direct Costs,Whatsapp comms,Whatsapp comms,2025-01-31,61838
Cost of Sales,Direct Costs,Whatsapp comms,Whatsapp comms,2025-02-28,43103
Cost of Sales,Direct Costs,Whatsapp comms,Whatsapp comms,2025-03-31,82589
Cost of Sales,Direct Costs,Whatsapp comms,Whatsapp comms,2025-04-30,125722
Cost of Sales,Direct Costs,Whatsapp comms,Whatsapp comms,2025-05-31,5017
Cost of Sales,Direct Costs,Whatsapp comms,Whatsapp comms,2025-06-30,5600
Cost of Sales,Direct Costs,Whatsapp comms,Whatsapp comms,2025-07-01,327
Cost of Sales,Direct Costs,Whatsapp comms,Whatsapp comms,2025-08-01,217
Cost of Sales,Direct Costs,Whatsapp comms,Whatsapp comms,2025-09-01,-57276
Cost of Sales,Direct Costs,Whatsapp comms,Whatsapp comms,2025-10-01,-57514
Cost of Sales,Direct Costs,Whatsapp comms,Whatsapp comms,2025-11-01,-57514
Cost of Sales,Direct Costs,Whatsapp comms,Whatsapp comms,2025-12-01,-57514
Cost of Sales,Direct Costs,Whatsapp comms,Whatsapp comms,2026-01-01,-57514.0
Cost of Sales,Direct Costs,Whatsapp comms,Whatsapp comms,2026-02-01,-57514.0
Cost of Sales,Direct Costs,Whatsapp comms,Whatsapp comms,2026-03-01,6161
Cost of Sales,Direct Costs,Whatsapp comms,Whatsapp comms,2026-04-01,6161
Cost of Sales,Direct Costs,Whatsapp comms,Whatsapp comms,2026-05-31,6161
Cost of Sales,Direct Costs,Whatsapp comms,Whatsapp comms,2026-06-30,6161
Cost of Sales,Direct Costs,Whatsapp comms,Whatsapp comms,2026-07-01,6161
Cost of Sales,Direct Costs,Whatsapp comms,Whatsapp comms,2026-08-01,6161
Cost of Sales,Direct Costs,Whatsapp comms,Whatsapp comms,2026-09-01,6161
Cost of Sales,Direct Costs,Whatsapp comms,Whatsapp comms,2026-10-01,6161
Cost of Sales,Direct Costs,Whatsapp comms,Whatsapp comms,2026-11-01,6161
Cost of Sales,Direct Costs,Whatsapp comms,Whatsapp comms,2026-12-01,6161
Cost of Sales,Direct Costs,Whatsapp comms,Whatsapp comms,2027-01-01,6161
Cost of Sales,Direct Costs,Whatsapp comms,Whatsapp comms,2027-02-01,6161
Cost of Sales,Direct Costs,Whatsapp comms,Whatsapp comms,2027-03-01,6161
Cost of Sales,Direct Costs,Whatsapp comms,Whatsapp comms,2027-04-01,73930
Cost of Sales,Direct Costs,Whatsapp comms,Whatsapp comms,2027-05-31,6161
Cost of Sales,Direct Costs,Whatsapp comms,Whatsapp comms,2027-06-30,73930
Cost of Sales,Direct Costs,Whatsapp comms,Whatsapp comms,2027-07-01,6161
Cost of Sales,Direct Costs,Whatsapp comms,Whatsapp comms,2027-08-01,73930
Cost of Sales,Direct Costs,Whatsapp comms,Whatsapp comms,2027-09-01,6161
Cost of Sales,Direct Costs,Whatsapp comms,Whatsapp comms,2027-10-01,73930
Cost of Sales,Direct Costs,Whatsapp comms,Whatsapp comms,2027-11-01,6161
Cost of Sales,Direct Costs,Whatsapp comms,Whatsapp comms,2027-12-01,73930
Cost of Sales,Direct Costs,Whatsapp comms,Whatsapp comms,2028-01-01,6161
Cost of Sales,Direct Costs,Whatsapp comms,Whatsapp comms,2028-02-01,73930
Cost of Sales,Direct Costs,Other messaging costs,Other messaging costs,2023-03-31,
Cost of Sales,Direct Costs,Other messaging costs,Other messaging costs,2023-04-30,
Cost of Sales,Direct Costs,Other messaging costs,Other messaging costs,2023-05-31,
Cost of Sales,Direct Costs,Other messaging costs,Other messaging costs,2023-06-30,
Cost of Sales,Direct Costs,Other messaging costs,Other messaging costs,2023-07-31,3225
Cost of Sales,Direct Costs,Other messaging costs,Other messaging costs,2023-08-31,3324
Cost of Sales,Direct Costs,Other messaging costs,Other messaging costs,2023-09-30,3742
Cost of Sales,Direct Costs,Other messaging costs,Other messaging costs,2023-10-31,5056
Cost of Sales,Direct Costs,Other messaging costs,Other messaging costs,2023-11-30,4284
Cost of Sales,Direct Costs,Other messaging costs,Other messaging costs,2023-12-31,5306
Cost of Sales,Direct Costs,Other messaging costs,Other messaging costs,2024-01-31,5988
Cost of Sales,Direct Costs,Other messaging costs,Other messaging costs,2024-02-29,5245
Cost of Sales,Direct Costs,Other messaging costs,Other messaging costs,2024-03-31,14414
Cost of Sales,Direct Costs,Other messaging costs,Other messaging costs,2024-04-30,25921
Cost of Sales,Direct Costs,Other messaging costs,Other messaging costs,2024-05-31,22046
Cost of Sales,Direct Costs,Other messaging costs,Other messaging costs,2024-06-30,31621
Cost of Sales,Direct Costs,Other messaging costs,Other messaging costs,2024-07-31,18508
Cost of Sales,Direct Costs,Other messaging costs,Other messaging costs,2024-08-31,17932
Cost of Sales,Direct Costs,Other messaging costs,Other messaging costs,2024-09-30,119
Cost of Sales,Direct Costs,Other messaging costs,Other messaging costs,2024-10-31,164
Cost of Sales,Direct Costs,Other messaging costs,Other messaging costs,2024-11-30,141
Cost of Sales,Direct Costs,Other messaging costs,Other messaging costs,2024-12-31,143
Cost of Sales,Direct Costs,Other messaging costs,Other messaging costs,2025-01-31,137
Cost of Sales,Direct Costs,Other messaging costs,Other messaging costs,2025-02-28,-4983
Cost of Sales,Direct Costs,Other messaging costs,Other messaging costs,2025-03-31,795
Cost of Sales,Direct Costs,Other messaging costs,Other messaging costs,2025-04-30,810
Cost of Sales,Direct Costs,Other messaging costs,Other messaging costs,2025-05-31,419
Cost of Sales,Direct Costs,Other messaging costs,Other messaging costs,2025-06-30,3921
Cost of Sales,Direct Costs,Other messaging costs,Other messaging costs,2025-07-01,2005
Cost of Sales,Direct Costs,Other messaging costs,Other messaging costs,2025-08-01,11132
Cost of Sales,Direct Costs,Other messaging costs,Other messaging costs,2025-09-01,11094
Cost of Sales,Direct Costs,Other messaging costs,Other messaging costs,2025-10-01,2576
Cost of Sales,Direct Costs,Other messaging costs,Other messaging costs,2025-11-01,4917
Cost of Sales,Direct Costs,Other messaging costs,Other messaging costs,2025-12-01,9340
Cost of Sales,Direct Costs,Other messaging costs,Other messaging costs,2026-01-01,2498.0
Cost of Sales,Direct Costs,Other messaging costs,Other messaging costs,2026-02-01,7477.0
Cost of Sales,Direct Costs,Other messaging costs,Other messaging costs,2026-03-01,14455
Cost of Sales,Direct Costs,Other messaging costs,Other messaging costs,2026-04-01,15292
Cost of Sales,Direct Costs,Other messaging costs,Other messaging costs,2026-05-31,15067
Cost of Sales,Direct Costs,Other messaging costs,Other messaging costs,2026-06-30,14938
Cost of Sales,Direct Costs,Other messaging costs,Other messaging costs,2026-07-01,15099
Cost of Sales,Direct Costs,Other messaging costs,Other messaging costs,2026-08-01,15099
Cost of Sales,Direct Costs,Other messaging costs,Other messaging costs,2026-09-01,15099
Cost of Sales,Direct Costs,Other messaging costs,Other messaging costs,2026-10-01,15099
Cost of Sales,Direct Costs,Other messaging costs,Other messaging costs,2026-11-01,15099
Cost of Sales,Direct Costs,Other messaging costs,Other messaging costs,2026-12-01,15099
Cost of Sales,Direct Costs,Other messaging costs,Other messaging costs,2027-01-01,15099
Cost of Sales,Direct Costs,Other messaging costs,Other messaging costs,2027-02-01,15099
Cost of Sales,Direct Costs,Other messaging costs,Other messaging costs,2027-03-01,15099
Cost of Sales,Direct Costs,Other messaging costs,Other messaging costs,2027-04-01,180541
Cost of Sales,Direct Costs,Other messaging costs,Other messaging costs,2027-05-31,15099
Cost of Sales,Direct Costs,Other messaging costs,Other messaging costs,2027-06-30,180541
Cost of Sales,Direct Costs,Other messaging costs,Other messaging costs,2027-07-01,15099
Cost of Sales,Direct Costs,Other messaging costs,Other messaging costs,2027-08-01,180541
Cost of Sales,Direct Costs,Other messaging costs,Other messaging costs,2027-09-01,15099
Cost of Sales,Direct Costs,Other messaging costs,Other messaging costs,2027-10-01,180541
Cost of Sales,Direct Costs,Other messaging costs,Other messaging costs,2027-11-01,15099
Cost of Sales,Direct Costs,Other messaging costs,Other messaging costs,2027-12-01,180541
Cost of Sales,Direct Costs,Other messaging costs,Other messaging costs,2028-01-01,15099
Cost of Sales,Direct Costs,Other messaging costs,Other messaging costs,2028-02-01,180541
Cost of Sales,Direct Costs,Billing Costs,Billing Costs,2023-03-31,20946
Cost of Sales,Direct Costs,Billing Costs,Billing Costs,2023-04-30,20497
Cost of Sales,Direct Costs,Billing Costs,Billing Costs,2023-05-31,22190
Cost of Sales,Direct Costs,Billing Costs,Billing Costs,2023-06-30,21947
Cost of Sales,Direct Costs,Billing Costs,Billing Costs,2023-07-31,26511
Cost of Sales,Direct Costs,Billing Costs,Billing Costs,2023-08-31,27571
Cost of Sales,Direct Costs,Billing Costs,Billing Costs,2023-09-30,28975
Cost of Sales,Direct Costs,Billing Costs,Billing Costs,2023-10-31,38329
Cost of Sales,Direct Costs,Billing Costs,Billing Costs,2023-11-30,38197
Cost of Sales,Direct Costs,Billing Costs,Billing Costs,2023-12-31,37703
Cost of Sales,Direct Costs,Billing Costs,Billing Costs,2024-01-31,36210
Cost of Sales,Direct Costs,Billing Costs,Billing Costs,2024-02-29,35117
Cost of Sales,Direct Costs,Billing Costs,Billing Costs,2024-03-31,37563
Cost of Sales,Direct Costs,Billing Costs,Billing Costs,2024-04-30,39338
Cost of Sales,Direct Costs,Billing Costs,Billing Costs,2024-05-31,43504
Cost of Sales,Direct Costs,Billing Costs,Billing Costs,2024-06-30,43020
Cost of Sales,Direct Costs,Billing Costs,Billing Costs,2024-07-31,47541
Cost of Sales,Direct Costs,Billing Costs,Billing Costs,2024-08-31,52982
Cost of Sales,Direct Costs,Billing Costs,Billing Costs,2024-09-30,55778
Cost of Sales,Direct Costs,Billing Costs,Billing Costs,2024-10-31,65337
Cost of Sales,Direct Costs,Billing Costs,Billing Costs,2024-11-30,72363
Cost of Sales,Direct Costs,Billing Costs,Billing Costs,2024-12-31,82724
Cost of Sales,Direct Costs,Billing Costs,Billing Costs,2025-01-31,100870
Cost of Sales,Direct Costs,Billing Costs,Billing Costs,2025-02-28,80435
Cost of Sales,Direct Costs,Billing Costs,Billing Costs,2025-03-31,93920
Cost of Sales,Direct Costs,Billing Costs,Billing Costs,2025-04-30,104712
Cost of Sales,Direct Costs,Billing Costs,Billing Costs,2025-05-31,115713
Cost of Sales,Direct Costs,Billing Costs,Billing Costs,2025-06-30,123593
Cost of Sales,Direct Costs,Billing Costs,Billing Costs,2025-07-01,140673
Cost of Sales,Direct Costs,Billing Costs,Billing Costs,2025-08-01,165903
Cost of Sales,Direct Costs,Billing Costs,Billing Costs,2025-09-01,189198
Cost of Sales,Direct Costs,Billing Costs,Billing Costs,2025-10-01,230246
Cost of Sales,Direct Costs,Billing Costs,Billing Costs,2025-11-01,249083
Cost of Sales,Direct Costs,Billing Costs,Billing Costs,2025-12-01,204900
Cost of Sales,Direct Costs,Billing Costs,Billing Costs,2026-01-01,405880.0
Cost of Sales,Direct Costs,Billing Costs,Billing Costs,2026-02-01,334334.0
Cost of Sales,Direct Costs,Billing Costs,Billing Costs,2026-03-01,210329
Cost of Sales,Direct Costs,Billing Costs,Billing Costs,2026-04-01,221164
Cost of Sales,Direct Costs,Billing Costs,Billing Costs,2026-05-31,232598
Cost of Sales,Direct Costs,Billing Costs,Billing Costs,2026-06-30,244089
Cost of Sales,Direct Costs,Billing Costs,Billing Costs,2026-07-01,256343
Cost of Sales,Direct Costs,Billing Costs,Billing Costs,2026-08-01,266315
Cost of Sales,Direct Costs,Billing Costs,Billing Costs,2026-09-01,276327
Cost of Sales,Direct Costs,Billing Costs,Billing Costs,2026-10-01,286824
Cost of Sales,Direct Costs,Billing Costs,Billing Costs,2026-11-01,296077
Cost of Sales,Direct Costs,Billing Costs,Billing Costs,2026-12-01,302116
Cost of Sales,Direct Costs,Billing Costs,Billing Costs,2027-01-01,309319
Cost of Sales,Direct Costs,Billing Costs,Billing Costs,2027-02-01,316293
Cost of Sales,Direct Costs,Billing Costs,Billing Costs,2027-03-01,324120
Cost of Sales,Direct Costs,Billing Costs,Billing Costs,2027-04-01,343822
Cost of Sales,Direct Costs,Billing Costs,Billing Costs,2027-05-31,350661
Cost of Sales,Direct Costs,Billing Costs,Billing Costs,2027-06-30,358888
Cost of Sales,Direct Costs,Billing Costs,Billing Costs,2027-07-01,365430
Cost of Sales,Direct Costs,Billing Costs,Billing Costs,2027-08-01,372478
Cost of Sales,Direct Costs,Billing Costs,Billing Costs,2027-09-01,380078
Cost of Sales,Direct Costs,Billing Costs,Billing Costs,2027-10-01,386886
Cost of Sales,Direct Costs,Billing Costs,Billing Costs,2027-11-01,391680
Cost of Sales,Direct Costs,Billing Costs,Billing Costs,2027-12-01,398141
Cost of Sales,Direct Costs,Billing Costs,Billing Costs,2028-01-01,403753
Cost of Sales,Direct Costs,Billing Costs,Billing Costs,2028-02-01,403251
Gross Profit,Gross Profit,Gross Profit,Gross Profit,2023-03-31,2689893
Gross Profit,Gross Profit,Gross Profit,Gross Profit,2023-04-30,2441876
Gross Profit,Gross Profit,Gross Profit,Gross Profit,2023-05-31,2432512
Gross Profit,Gross Profit,Gross Profit,Gross Profit,2023-06-30,3210425
Gross Profit,Gross Profit,Gross Profit,Gross Profit,2023-07-31,3141013
Gross Profit,Gross Profit,Gross Profit,Gross Profit,2023-08-31,7573361
Gross Profit,Gross Profit,Gross Profit,Gross Profit,2023-09-30,2953874
Gross Profit,Gross Profit,Gross Profit,Gross Profit,2023-10-31,5740487
Gross Profit,Gross Profit,Gross Profit,Gross Profit,2023-11-30,2777724
Gross Profit,Gross Profit,Gross Profit,Gross Profit,2023-12-31,2851770
Gross Profit,Gross Profit,Gross Profit,Gross Profit,2024-01-31,2243149
Gross Profit,Gross Profit,Gross Profit,Gross Profit,2024-02-29,2099007
Gross Profit,Gross Profit,Gross Profit,Gross Profit,2024-03-31,2547929
Gross Profit,Gross Profit,Gross Profit,Gross Profit,2024-04-30,2676246
Gross Profit,Gross Profit,Gross Profit,Gross Profit,2024-05-31,2860389
Gross Profit,Gross Profit,Gross Profit,Gross Profit,2024-06-30,2423557
Gross Profit,Gross Profit,Gross Profit,Gross Profit,2024-07-31,2613405
Gross Profit,Gross Profit,Gross Profit,Gross Profit,2024-08-31,3081961
Gross Profit,Gross Profit,Gross Profit,Gross Profit,2024-09-30,2210427
Gross Profit,Gross Profit,Gross Profit,Gross Profit,2024-10-31,3171665
Gross Profit,Gross Profit,Gross Profit,Gross Profit,2024-11-30,3481284
Gross Profit,Gross Profit,Gross Profit,Gross Profit,2024-12-31,3726540
Gross Profit,Gross Profit,Gross Profit,Gross Profit,2025-01-31,2190049
Gross Profit,Gross Profit,Gross Profit,Gross Profit,2025-02-28,2653817
Gross Profit,Gross Profit,Gross Profit,Gross Profit,2025-03-31,2644163
Gross Profit,Gross Profit,Gross Profit,Gross Profit,2025-04-30,3517518
Gross Profit,Gross Profit,Gross Profit,Gross Profit,2025-05-31,3305676
Gross Profit,Gross Profit,Gross Profit,Gross Profit,2025-06-30,3122192
Gross Profit,Gross Profit,Gross Profit,Gross Profit,2025-07-01,3159402
Gross Profit,Gross Profit,Gross Profit,Gross Profit,2025-08-01,3136673
Gross Profit,Gross Profit,Gross Profit,Gross Profit,2025-09-01,3282297
Gross Profit,Gross Profit,Gross Profit,Gross Profit,2025-10-01,4572645
Gross Profit,Gross Profit,Gross Profit,Gross Profit,2025-11-01,5044561
Gross Profit,Gross Profit,Gross Profit,Gross Profit,2025-12-01,5904790
Gross Profit,Gross Profit,Gross Profit,Gross Profit,2026-01-01,4292510.0
Gross Profit,Gross Profit,Gross Profit,Gross Profit,2026-02-01,4349044.0
Gross Profit,Gross Profit,Gross Profit,Gross Profit,2026-03-01,5539250
Gross Profit,Gross Profit,Gross Profit,Gross Profit,2026-04-01,5602299
Gross Profit,Gross Profit,Gross Profit,Gross Profit,2026-05-31,5665170
Gross Profit,Gross Profit,Gross Profit,Gross Profit,2026-06-30,5760015
Gross Profit,Gross Profit,Gross Profit,Gross Profit,2026-07-01,5743071
Gross Profit,Gross Profit,Gross Profit,Gross Profit,2026-08-01,5740682
Gross Profit,Gross Profit,Gross Profit,Gross Profit,2026-09-01,5862368
Gross Profit,Gross Profit,Gross Profit,Gross Profit,2026-10-01,5712105
Gross Profit,Gross Profit,Gross Profit,Gross Profit,2026-11-01,5248937
Gross Profit,Gross Profit,Gross Profit,Gross Profit,2026-12-01,5048969
Gross Profit,Gross Profit,Gross Profit,Gross Profit,2027-01-01,4843632
Gross Profit,Gross Profit,Gross Profit,Gross Profit,2027-02-01,5039096
Gross Profit,Gross Profit,Gross Profit,Gross Profit,2027-03-01,2988689
Gross Profit,Gross Profit,Gross Profit,Gross Profit,2027-04-01,2462975
Gross Profit,Gross Profit,Gross Profit,Gross Profit,2027-05-31,2629036
Gross Profit,Gross Profit,Gross Profit,Gross Profit,2027-06-30,2459167
Gross Profit,Gross Profit,Gross Profit,Gross Profit,2027-07-01,2654420
Gross Profit,Gross Profit,Gross Profit,Gross Profit,2027-08-01,2096966
Gross Profit,Gross Profit,Gross Profit,Gross Profit,2027-09-01,2338955
Gross Profit,Gross Profit,Gross Profit,Gross Profit,2027-10-01,2005752
Gross Profit,Gross Profit,Gross Profit,Gross Profit,2027-11-01,2051065
Gross Profit,Gross Profit,Gross Profit,Gross Profit,2027-12-01,1456951
Gross Profit,Gross Profit,Gross Profit,Gross Profit,2028-01-01,1482530
Gross Profit,Gross Profit,Gross Profit,Gross Profit,2028-02-01,494397
Service Cost/Revenue,Service Cost/Revenue,Service Cost/Revenue,Service GP %,2023-03-31,0.5656
Service Cost/Revenue,Service Cost/Revenue,Service Cost/Revenue,Service GP %,2023-04-30,0.5636
Service Cost/Revenue,Service Cost/Revenue,Service Cost/Revenue,Service GP %,2023-05-31,0.5706
Service Cost/Revenue,Service Cost/Revenue,Service Cost/Revenue,Service GP %,2023-06-30,0.5301
Service Cost/Revenue,Service Cost/Revenue,Service Cost/Revenue,Service GP %,2023-07-31,0.5194
Service Cost/Revenue,Service Cost/Revenue,Service Cost/Revenue,Service GP %,2023-08-31,-0.0119
Service Cost/Revenue,Service Cost/Revenue,Service Cost/Revenue,Service GP %,2023-09-30,0.4574
Service Cost/Revenue,Service Cost/Revenue,Service Cost/Revenue,Service GP %,2023-10-31,0.1462
Service Cost/Revenue,Service Cost/Revenue,Service Cost/Revenue,Service GP %,2023-11-30,0.481
Service Cost/Revenue,Service Cost/Revenue,Service Cost/Revenue,Service GP %,2023-12-31,0.5182
Service Cost/Revenue,Service Cost/Revenue,Service Cost/Revenue,Service GP %,2024-01-31,0.509
Service Cost/Revenue,Service Cost/Revenue,Service Cost/Revenue,Service GP %,2024-02-29,0.5296
Service Cost/Revenue,Service Cost/Revenue,Service Cost/Revenue,Service GP %,2024-03-31,0.531
Service Cost/Revenue,Service Cost/Revenue,Service Cost/Revenue,Service GP %,2024-04-30,0.5166
Service Cost/Revenue,Service Cost/Revenue,Service Cost/Revenue,Service GP %,2024-05-31,0.533
Service Cost/Revenue,Service Cost/Revenue,Service Cost/Revenue,Service GP %,2024-06-30,0.559
Service Cost/Revenue,Service Cost/Revenue,Service Cost/Revenue,Service GP %,2024-07-31,0.5517
Service Cost/Revenue,Service Cost/Revenue,Service Cost/Revenue,Service GP %,2024-08-31,0.5149
Service Cost/Revenue,Service Cost/Revenue,Service Cost/Revenue,Service GP %,2024-09-30,0.5248
Service Cost/Revenue,Service Cost/Revenue,Service Cost/Revenue,Service GP %,2024-10-31,0.53
Service Cost/Revenue,Service Cost/Revenue,Service Cost/Revenue,Service GP %,2024-11-30,0.5201
Service Cost/Revenue,Service Cost/Revenue,Service Cost/Revenue,Service GP %,2024-12-31,0.5239
Service Cost/Revenue,Service Cost/Revenue,Service Cost/Revenue,Service GP %,2025-01-31,0.592
Service Cost/Revenue,Service Cost/Revenue,Service Cost/Revenue,Service GP %,2025-02-28,0.5435
Service Cost/Revenue,Service Cost/Revenue,Service Cost/Revenue,Service GP %,2025-03-31,0.4486
Service Cost/Revenue,Service Cost/Revenue,Service Cost/Revenue,Service GP %,2025-04-30,0.537
Service Cost/Revenue,Service Cost/Revenue,Service Cost/Revenue,Service GP %,2025-05-31,0.4962
Service Cost/Revenue,Service Cost/Revenue,Service Cost/Revenue,Service GP %,2025-06-30,0.4736
Service Cost/Revenue,Service Cost/Revenue,Service Cost/Revenue,Service GP %,2025-07-01,0.4235
Service Cost/Revenue,Service Cost/Revenue,Service Cost/Revenue,Service GP %,2025-08-01,0.4245
Service Cost/Revenue,Service Cost/Revenue,Service Cost/Revenue,Service GP %,2025-09-01,0.4273
Service Cost/Revenue,Service Cost/Revenue,Service Cost/Revenue,Service GP %,2025-10-01,0.422
Service Cost/Revenue,Service Cost/Revenue,Service Cost/Revenue,Service GP %,2025-11-01,0.5654
Service Cost/Revenue,Service Cost/Revenue,Service Cost/Revenue,Service GP %,2025-12-01,0.5529
Service Cost/Revenue,Service Cost/Revenue,Service Cost/Revenue,Service GP %,2026-01-01,0.5122
Service Cost/Revenue,Service Cost/Revenue,Service Cost/Revenue,Service GP %,2026-02-01,0.5292
Service Cost/Revenue,Service Cost/Revenue,Service Cost/Revenue,Service GP %,2026-03-01,0.5337
Service Cost/Revenue,Service Cost/Revenue,Service Cost/Revenue,Service GP %,2026-04-01,0.5344
Service Cost/Revenue,Service Cost/Revenue,Service Cost/Revenue,Service GP %,2026-05-31,0.5356
Service Cost/Revenue,Service Cost/Revenue,Service Cost/Revenue,Service GP %,2026-06-30,0.5355
Service Cost/Revenue,Service Cost/Revenue,Service Cost/Revenue,Service GP %,2026-07-01,0.5384
Service Cost/Revenue,Service Cost/Revenue,Service Cost/Revenue,Service GP %,2026-08-01,0.5361
Service Cost/Revenue,Service Cost/Revenue,Service Cost/Revenue,Service GP %,2026-09-01,0.536
Service Cost/Revenue,Service Cost/Revenue,Service Cost/Revenue,Service GP %,2026-10-01,0.5238
Service Cost/Revenue,Service Cost/Revenue,Service Cost/Revenue,Service GP %,2026-11-01,0.5045
Service Cost/Revenue,Service Cost/Revenue,Service Cost/Revenue,Service GP %,2026-12-01,0.4943
Service Cost/Revenue,Service Cost/Revenue,Service Cost/Revenue,Service GP %,2027-01-01,0.4854
Service Cost/Revenue,Service Cost/Revenue,Service Cost/Revenue,Service GP %,2027-02-01,0.4904
Service Cost/Revenue,Service Cost/Revenue,Service Cost/Revenue,Service GP %,2027-03-01,0.3597
Service Cost/Revenue,Service Cost/Revenue,Service Cost/Revenue,Service GP %,2027-04-01,0.3478
Service Cost/Revenue,Service Cost/Revenue,Service Cost/Revenue,Service GP %,2027-05-31,0.3433
Service Cost/Revenue,Service Cost/Revenue,Service Cost/Revenue,Service GP %,2027-06-30,0.344
Service Cost/Revenue,Service Cost/Revenue,Service Cost/Revenue,Service GP %,2027-07-01,0.3395
Service Cost/Revenue,Service Cost/Revenue,Service Cost/Revenue,Service GP %,2027-08-01,0.3231
Service Cost/Revenue,Service Cost/Revenue,Service Cost/Revenue,Service GP %,2027-09-01,0.3218
Service Cost/Revenue,Service Cost/Revenue,Service Cost/Revenue,Service GP %,2027-10-01,0.3142
Service Cost/Revenue,Service Cost/Revenue,Service Cost/Revenue,Service GP %,2027-11-01,0.3037
Service Cost/Revenue,Service Cost/Revenue,Service Cost/Revenue,Service GP %,2027-12-01,0.2834
Service Cost/Revenue,Service Cost/Revenue,Service Cost/Revenue,Service GP %,2028-01-01,0.2718
Service Cost/Revenue,Service Cost/Revenue,Service Cost/Revenue,Service GP %,2028-02-01,0.234
GP %,GP %,GP %,GP %,2023-03-31,0.3439
GP %,GP %,GP %,GP %,2023-04-30,0.3317
GP %,GP %,GP %,GP %,2023-05-31,0.328
GP %,GP %,GP %,GP %,2023-06-30,0.3859
GP %,GP %,GP %,GP %,2023-07-31,0.3763
GP %,GP %,GP %,GP %,2023-08-31,0.8916
GP %,GP %,GP %,GP %,2023-09-30,0.3839
GP %,GP %,GP %,GP %,2023-10-31,0.7081
GP %,GP %,GP %,GP %,2023-11-30,0.3556
GP %,GP %,GP %,GP %,2023-12-31,0.3298
GP %,GP %,GP %,GP %,2024-01-31,0.3123
GP %,GP %,GP %,GP %,2024-02-29,0.2986
GP %,GP %,GP %,GP %,2024-03-31,0.3319
GP %,GP %,GP %,GP %,2024-04-30,0.3427
GP %,GP %,GP %,GP %,2024-05-31,0.3438
GP %,GP %,GP %,GP %,2024-06-30,0.3081
GP %,GP %,GP %,GP %,2024-07-31,0.3092
GP %,GP %,GP %,GP %,2024-08-31,0.3423
GP %,GP %,GP %,GP %,2024-09-30,0.2439
GP %,GP %,GP %,GP %,2024-10-31,0.3301
GP %,GP %,GP %,GP %,2024-11-30,0.3423
GP %,GP %,GP %,GP %,2024-12-31,0.3445
GP %,GP %,GP %,GP %,2025-01-31,0.2505
GP %,GP %,GP %,GP %,2025-02-28,0.2969
GP %,GP %,GP %,GP %,2025-03-31,0.2781
GP %,GP %,GP %,GP %,2025-04-30,0.3582
GP %,GP %,GP %,GP %,2025-05-31,0.3314
GP %,GP %,GP %,GP %,2025-06-30,0.316
GP %,GP %,GP %,GP %,2025-07-01,0.2852
GP %,GP %,GP %,GP %,2025-08-01,0.2797
GP %,GP %,GP %,GP %,2025-09-01,0.2852
GP %,GP %,GP %,GP %,2025-10-01,0.3805
GP %,GP %,GP %,GP %,2025-11-01,0.4153
GP %,GP %,GP %,GP %,2025-12-01,0.422
GP %,GP %,GP %,GP %,2026-01-01,0.3469
GP %,GP %,GP %,GP %,2026-02-01,0.3697
GP %,GP %,GP %,GP %,2026-03-01,0.3747
GP %,GP %,GP %,GP %,2026-04-01,0.3718
GP %,GP %,GP %,GP %,2026-05-31,0.3721
GP %,GP %,GP %,GP %,2026-06-30,0.3711
GP %,GP %,GP %,GP %,2026-07-01,0.37
GP %,GP %,GP %,GP %,2026-08-01,0.3668
GP %,GP %,GP %,GP %,2026-09-01,0.3681
GP %,GP %,GP %,GP %,2026-10-01,0.355
GP %,GP %,GP %,GP %,2026-11-01,0.3313
GP %,GP %,GP %,GP %,2026-12-01,0.3223
GP %,GP %,GP %,GP %,2027-01-01,0.3127
GP %,GP %,GP %,GP %,2027-02-01,0.3196
GP %,GP %,GP %,GP %,2027-03-01,0.1859
GP %,GP %,GP %,GP %,2027-04-01,0.1544
GP %,GP %,GP %,GP %,2027-05-31,0.1649
GP %,GP %,GP %,GP %,2027-06-30,0.1516
GP %,GP %,GP %,GP %,2027-07-01,0.1611
GP %,GP %,GP %,GP %,2027-08-01,0.1281
GP %,GP %,GP %,GP %,2027-09-01,0.1414
GP %,GP %,GP %,GP %,2027-10-01,0.1199
GP %,GP %,GP %,GP %,2027-11-01,0.1225
GP %,GP %,GP %,GP %,2027-12-01,0.0888
GP %,GP %,GP %,GP %,2028-01-01,0.0915
GP %,GP %,GP %,GP %,2028-02-01,0.0322
Opex,Opex,Bank Charges,Bank Charges,2023-03-31,11415
Opex,Opex,Bank Charges,Bank Charges,2023-04-30,11044
Opex,Opex,Bank Charges,Bank Charges,2023-05-31,11419
Opex,Opex,Bank Charges,Bank Charges,2023-06-30,14644
Opex,Opex,Bank Charges,Bank Charges,2023-07-31,14183
Opex,Opex,Bank Charges,Bank Charges,2023-08-31,14183
Opex,Opex,Bank Charges,Bank Charges,2023-09-30,12599
Opex,Opex,Bank Charges,Bank Charges,2023-10-31,2823
Opex,Opex,Bank Charges,Bank Charges,2023-11-30,6141
Opex,Opex,Bank Charges,Bank Charges,2023-12-31,1834
Opex,Opex,Bank Charges,Bank Charges,2024-01-31,2161
Opex,Opex,Bank Charges,Bank Charges,2024-02-29,2245
Opex,Opex,Bank Charges,Bank Charges,2024-03-31,1779
Opex,Opex,Bank Charges,Bank Charges,2024-04-30,3185
Opex,Opex,Bank Charges,Bank Charges,2024-05-31,3514
Opex,Opex,Bank Charges,Bank Charges,2024-06-30,3984
Opex,Opex,Bank Charges,Bank Charges,2024-07-31,4547
Opex,Opex,Bank Charges,Bank Charges,2024-08-31,3610
Opex,Opex,Bank Charges,Bank Charges,2024-09-30,3067
Opex,Opex,Bank Charges,Bank Charges,2024-10-31,2812
Opex,Opex,Bank Charges,Bank Charges,2024-11-30,5434
Opex,Opex,Bank Charges,Bank Charges,2024-12-31,926
Opex,Opex,Bank Charges,Bank Charges,2025-01-31,2043
Opex,Opex,Bank Charges,Bank Charges,2025-02-28,4461
Opex,Opex,Bank Charges,Bank Charges,2025-03-31,3534
Opex,Opex,Bank Charges,Bank Charges,2025-04-30,3227
Opex,Opex,Bank Charges,Bank Charges,2025-05-31,4453
Opex,Opex,Bank Charges,Bank Charges,2025-06-30,4684
Opex,Opex,Bank Charges,Bank Charges,2025-07-01,3878
Opex,Opex,Bank Charges,Bank Charges,2025-08-01,4086
Opex,Opex,Bank Charges,Bank Charges,2025-09-01,3205
Opex,Opex,Bank Charges,Bank Charges,2025-10-01,3383
Opex,Opex,Bank Charges,Bank Charges,2025-11-01,3700
Opex,Opex,Bank Charges,Bank Charges,2025-12-01,6012
Opex,Opex,Bank Charges,Bank Charges,2026-01-01,4395.0
Opex,Opex,Bank Charges,Bank Charges,2026-02-01,4832.0
Opex,Opex,Bank Charges,Bank Charges,2026-03-01,6313
Opex,Opex,Bank Charges,Bank Charges,2026-04-01,6313
Opex,Opex,Bank Charges,Bank Charges,2026-05-31,6313
Opex,Opex,Bank Charges,Bank Charges,2026-06-30,6313
Opex,Opex,Bank Charges,Bank Charges,2026-07-01,6313
Opex,Opex,Bank Charges,Bank Charges,2026-08-01,6313
Opex,Opex,Bank Charges,Bank Charges,2026-09-01,6313
Opex,Opex,Bank Charges,Bank Charges,2026-10-01,6313
Opex,Opex,Bank Charges,Bank Charges,2026-11-01,6313
Opex,Opex,Bank Charges,Bank Charges,2026-12-01,6313
Opex,Opex,Bank Charges,Bank Charges,2027-01-01,6313
Opex,Opex,Bank Charges,Bank Charges,2027-02-01,6313
Opex,Opex,Bank Charges,Bank Charges,2027-03-01,6692
Opex,Opex,Bank Charges,Bank Charges,2027-04-01,6692
Opex,Opex,Bank Charges,Bank Charges,2027-05-31,6692
Opex,Opex,Bank Charges,Bank Charges,2027-06-30,6692
Opex,Opex,Bank Charges,Bank Charges,2027-07-01,6692
Opex,Opex,Bank Charges,Bank Charges,2027-08-01,6692
Opex,Opex,Bank Charges,Bank Charges,2027-09-01,6692
Opex,Opex,Bank Charges,Bank Charges,2027-10-01,6692
Opex,Opex,Bank Charges,Bank Charges,2027-11-01,6692
Opex,Opex,Bank Charges,Bank Charges,2027-12-01,6692
Opex,Opex,Bank Charges,Bank Charges,2028-01-01,6692
Opex,Opex,Bank Charges,Bank Charges,2028-02-01,6692
Opex,Opex,Salaries,Salaries,2023-03-31,1169745
Opex,Opex,Salaries,Salaries,2023-04-30,1163253
Opex,Opex,Salaries,Salaries,2023-05-31,1217541
Opex,Opex,Salaries,Salaries,2023-06-30,1315451
Opex,Opex,Salaries,Salaries,2023-07-31,1292675
Opex,Opex,Salaries,Salaries,2023-08-31,1301882
Opex,Opex,Salaries,Salaries,2023-09-30,1338803
Opex,Opex,Salaries,Salaries,2023-10-31,1320465
Opex,Opex,Salaries,Salaries,2023-11-30,1327012
Opex,Opex,Salaries,Salaries,2023-12-31,2389581
Opex,Opex,Salaries,Salaries,2024-01-31,1341182
Opex,Opex,Salaries,Salaries,2024-02-29,1346808
Opex,Opex,Salaries,Salaries,2024-03-31,1434612
Opex,Opex,Salaries,Salaries,2024-04-30,1444356
Opex,Opex,Salaries,Salaries,2024-05-31,1445577
Opex,Opex,Salaries,Salaries,2024-06-30,1415752
Opex,Opex,Salaries,Salaries,2024-07-31,1377928
Opex,Opex,Salaries,Salaries,2024-08-31,1391818
Opex,Opex,Salaries,Salaries,2024-09-30,1393774
Opex,Opex,Salaries,Salaries,2024-10-31,1390796
Opex,Opex,Salaries,Salaries,2024-11-30,1384932
Opex,Opex,Salaries,Salaries,2024-12-31,1316736
Opex,Opex,Salaries,Salaries,2025-01-31,1316246
Opex,Opex,Salaries,Salaries,2025-02-28,1322424
Opex,Opex,Salaries,Salaries,2025-03-31,1370712
Opex,Opex,Salaries,Salaries,2025-04-30,1381465
Opex,Opex,Salaries,Salaries,2025-05-31,1360202
Opex,Opex,Salaries,Salaries,2025-06-30,1294286
Opex,Opex,Salaries,Salaries,2025-07-01,1317855
Opex,Opex,Salaries,Salaries,2025-08-01,1317705
Opex,Opex,Salaries,Salaries,2025-09-01,1331353
Opex,Opex,Salaries,Salaries,2025-10-01,1319234
Opex,Opex,Salaries,Salaries,2025-11-01,1336736
Opex,Opex,Salaries,Salaries,2025-12-01,1320123
Opex,Opex,Salaries,Salaries,2026-01-01,1065681.0
Opex,Opex,Salaries,Salaries,2026-02-01,1046609.0
Opex,Opex,Salaries,Salaries,2026-03-01,1443871
Opex,Opex,Salaries,Salaries,2026-04-01,1443871
Opex,Opex,Salaries,Salaries,2026-05-31,1443871
Opex,Opex,Salaries,Salaries,2026-06-30,1443871
Opex,Opex,Salaries,Salaries,2026-07-01,1443871
Opex,Opex,Salaries,Salaries,2026-08-01,1443871
Opex,Opex,Salaries,Salaries,2026-09-01,1443871
Opex,Opex,Salaries,Salaries,2026-10-01,1443871
Opex,Opex,Salaries,Salaries,2026-11-01,1443871
Opex,Opex,Salaries,Salaries,2026-12-01,1443871
Opex,Opex,Salaries,Salaries,2027-01-01,1443871
Opex,Opex,Salaries,Salaries,2027-02-01,1443871
Opex,Opex,Salaries,Salaries,2027-03-01,1530504
Opex,Opex,Salaries,Salaries,2027-04-01,1530504
Opex,Opex,Salaries,Salaries,2027-05-31,1530504
Opex,Opex,Salaries,Salaries,2027-06-30,1530504
Opex,Opex,Salaries,Salaries,2027-07-01,1530504
Opex,Opex,Salaries,Salaries,2027-08-01,1530504
Opex,Opex,Salaries,Salaries,2027-09-01,1530504
Opex,Opex,Salaries,Salaries,2027-10-01,1530504
Opex,Opex,Salaries,Salaries,2027-11-01,1530504
Opex,Opex,Salaries,Salaries,2027-12-01,1530504
Opex,Opex,Salaries,Salaries,2028-01-01,1530504
Opex,Opex,Salaries,Salaries,2028-02-01,1530504
Opex,Opex,Provision for Bonus,Provision for Bonus,2023-03-31,
Opex,Opex,Provision for Bonus,Provision for Bonus,2023-04-30,
Opex,Opex,Provision for Bonus,Provision for Bonus,2023-05-31,
Opex,Opex,Provision for Bonus,Provision for Bonus,2023-06-30,
Opex,Opex,Provision for Bonus,Provision for Bonus,2023-07-31,
Opex,Opex,Provision for Bonus,Provision for Bonus,2023-08-31,
Opex,Opex,Provision for Bonus,Provision for Bonus,2023-09-30,
Opex,Opex,Provision for Bonus,Provision for Bonus,2023-10-31,
Opex,Opex,Provision for Bonus,Provision for Bonus,2023-11-30,
Opex,Opex,Provision for Bonus,Provision for Bonus,2023-12-31,
Opex,Opex,Provision for Bonus,Provision for Bonus,2024-01-31,
Opex,Opex,Provision for Bonus,Provision for Bonus,2024-02-29,
Opex,Opex,Provision for Bonus,Provision for Bonus,2024-03-31,141667
Opex,Opex,Provision for Bonus,Provision for Bonus,2024-04-30,141667
Opex,Opex,Provision for Bonus,Provision for Bonus,2024-05-31,141667
Opex,Opex,Provision for Bonus,Provision for Bonus,2024-06-30,141667
Opex,Opex,Provision for Bonus,Provision for Bonus,2024-07-31,141667
Opex,Opex,Provision for Bonus,Provision for Bonus,2024-08-31,141667
Opex,Opex,Provision for Bonus,Provision for Bonus,2024-09-30,141667
Opex,Opex,Provision for Bonus,Provision for Bonus,2024-10-31,141667
Opex,Opex,Provision for Bonus,Provision for Bonus,2024-11-30,141667
Opex,Opex,Provision for Bonus,Provision for Bonus,2024-12-31,141667
Opex,Opex,Provision for Bonus,Provision for Bonus,2025-01-31,141667
Opex,Opex,Provision for Bonus,Provision for Bonus,2025-02-28,141667
Opex,Opex,Provision for Bonus,Provision for Bonus,2025-03-31,141667
Opex,Opex,Provision for Bonus,Provision for Bonus,2025-04-30,116667
Opex,Opex,Provision for Bonus,Provision for Bonus,2025-05-31,116667
Opex,Opex,Provision for Bonus,Provision for Bonus,2025-06-30,0
Opex,Opex,Provision for Bonus,Provision for Bonus,2025-07-01,0
Opex,Opex,Provision for Bonus,Provision for Bonus,2025-08-01,0
Opex,Opex,Provision for Bonus,Provision for Bonus,2025-09-01,0
Opex,Opex,Provision for Bonus,Provision for Bonus,2025-10-01,0
Opex,Opex,Provision for Bonus,Provision for Bonus,2025-11-01,0
Opex,Opex,Provision for Bonus,Provision for Bonus,2025-12-01,0
Opex,Opex,Provision for Bonus,Provision for Bonus,2026-01-01,0
Opex,Opex,Provision for Bonus,Provision for Bonus,2026-02-01,0
Opex,Opex,Provision for Bonus,Provision for Bonus,2026-03-01,116667
Opex,Opex,Provision for Bonus,Provision for Bonus,2026-04-01,116667
Opex,Opex,Provision for Bonus,Provision for Bonus,2026-05-31,116667
Opex,Opex,Provision for Bonus,Provision for Bonus,2026-06-30,116667
Opex,Opex,Provision for Bonus,Provision for Bonus,2026-07-01,116667
Opex,Opex,Provision for Bonus,Provision for Bonus,2026-08-01,116667
Opex,Opex,Provision for Bonus,Provision for Bonus,2026-09-01,116667
Opex,Opex,Provision for Bonus,Provision for Bonus,2026-10-01,116667
Opex,Opex,Provision for Bonus,Provision for Bonus,2026-11-01,116667
Opex,Opex,Provision for Bonus,Provision for Bonus,2026-12-01,116667
Opex,Opex,Provision for Bonus,Provision for Bonus,2027-01-01,116667
Opex,Opex,Provision for Bonus,Provision for Bonus,2027-02-01,116667
Opex,Opex,Provision for Bonus,Provision for Bonus,2027-03-01,123667
Opex,Opex,Provision for Bonus,Provision for Bonus,2027-04-01,123667
Opex,Opex,Provision for Bonus,Provision for Bonus,2027-05-31,123667
Opex,Opex,Provision for Bonus,Provision for Bonus,2027-06-30,123667
Opex,Opex,Provision for Bonus,Provision for Bonus,2027-07-01,123667
Opex,Opex,Provision for Bonus,Provision for Bonus,2027-08-01,123667
Opex,Opex,Provision for Bonus,Provision for Bonus,2027-09-01,123667
Opex,Opex,Provision for Bonus,Provision for Bonus,2027-10-01,123667
Opex,Opex,Provision for Bonus,Provision for Bonus,2027-11-01,123667
Opex,Opex,Provision for Bonus,Provision for Bonus,2027-12-01,123667
Opex,Opex,Provision for Bonus,Provision for Bonus,2028-01-01,123667
Opex,Opex,Provision for Bonus,Provision for Bonus,2028-02-01,123667
Opex,Opex,Core System Netgen - Monthly support,Core System Netgen - Monthly support,2023-03-31,81800
Opex,Opex,Core System Netgen - Monthly support,Core System Netgen - Monthly support,2023-04-30,81800
Opex,Opex,Core System Netgen - Monthly support,Core System Netgen - Monthly support,2023-05-31,89100
Opex,Opex,Core System Netgen - Monthly support,Core System Netgen - Monthly support,2023-06-30,106386
Opex,Opex,Core System Netgen - Monthly support,Core System Netgen - Monthly support,2023-07-31,89100
Opex,Opex,Core System Netgen - Monthly support,Core System Netgen - Monthly support,2023-08-31,89100
Opex,Opex,Core System Netgen - Monthly support,Core System Netgen - Monthly support,2023-09-30,102688
Opex,Opex,Core System Netgen - Monthly support,Core System Netgen - Monthly support,2023-10-31,110600
Opex,Opex,Core System Netgen - Monthly support,Core System Netgen - Monthly support,2023-11-30,149300
Opex,Opex,Core System Netgen - Monthly support,Core System Netgen - Monthly support,2023-12-31,89100
Opex,Opex,Core System Netgen - Monthly support,Core System Netgen - Monthly support,2024-01-31,93350
Opex,Opex,Core System Netgen - Monthly support,Core System Netgen - Monthly support,2024-02-29,17072
Opex,Opex,Core System Netgen - Monthly support,Core System Netgen - Monthly support,2024-03-31,92150
Opex,Opex,Core System Netgen - Monthly support,Core System Netgen - Monthly support,2024-04-30,105610
Opex,Opex,Core System Netgen - Monthly support,Core System Netgen - Monthly support,2024-05-31,122030
Opex,Opex,Core System Netgen - Monthly support,Core System Netgen - Monthly support,2024-06-30,124935
Opex,Opex,Core System Netgen - Monthly support,Core System Netgen - Monthly support,2024-07-31,172097
Opex,Opex,Core System Netgen - Monthly support,Core System Netgen - Monthly support,2024-08-31,125350
Opex,Opex,Core System Netgen - Monthly support,Core System Netgen - Monthly support,2024-09-30,106550
Opex,Opex,Core System Netgen - Monthly support,Core System Netgen - Monthly support,2024-10-31,106730
Opex,Opex,Core System Netgen - Monthly support,Core System Netgen - Monthly support,2024-11-30,101850
Opex,Opex,Core System Netgen - Monthly support,Core System Netgen - Monthly support,2024-12-31,101850
Opex,Opex,Core System Netgen - Monthly support,Core System Netgen - Monthly support,2025-01-31,101850
Opex,Opex,Core System Netgen - Monthly support,Core System Netgen - Monthly support,2025-02-28,101850
Opex,Opex,Core System Netgen - Monthly support,Core System Netgen - Monthly support,2025-03-31,101850
Opex,Opex,Core System Netgen - Monthly support,Core System Netgen - Monthly support,2025-04-30,106945
Opex,Opex,Core System Netgen - Monthly support,Core System Netgen - Monthly support,2025-05-31,106945
Opex,Opex,Core System Netgen - Monthly support,Core System Netgen - Monthly support,2025-06-30,106945
Opex,Opex,Core System Netgen - Monthly support,Core System Netgen - Monthly support,2025-07-01,106945
Opex,Opex,Core System Netgen - Monthly support,Core System Netgen - Monthly support,2025-08-01,106945
Opex,Opex,Core System Netgen - Monthly support,Core System Netgen - Monthly support,2025-09-01,106945
Opex,Opex,Core System Netgen - Monthly support,Core System Netgen - Monthly support,2025-10-01,106945
Opex,Opex,Core System Netgen - Monthly support,Core System Netgen - Monthly support,2025-11-01,106945
Opex,Opex,Core System Netgen - Monthly support,Core System Netgen - Monthly support,2025-12-01,106945
Opex,Opex,Core System Netgen - Monthly support,Core System Netgen - Monthly support,2026-01-01,106945.0
Opex,Opex,Core System Netgen - Monthly support,Core System Netgen - Monthly support,2026-02-01,106945.0
Opex,Opex,Core System Netgen - Monthly support,Core System Netgen - Monthly support,2026-03-01,106943
Opex,Opex,Core System Netgen - Monthly support,Core System Netgen - Monthly support,2026-04-01,106943
Opex,Opex,Core System Netgen - Monthly support,Core System Netgen - Monthly support,2026-05-31,114428
Opex,Opex,Core System Netgen - Monthly support,Core System Netgen - Monthly support,2026-06-30,114428
Opex,Opex,Core System Netgen - Monthly support,Core System Netgen - Monthly support,2026-07-01,114428
Opex,Opex,Core System Netgen - Monthly support,Core System Netgen - Monthly support,2026-08-01,114428
Opex,Opex,Core System Netgen - Monthly support,Core System Netgen - Monthly support,2026-09-01,114428
Opex,Opex,Core System Netgen - Monthly support,Core System Netgen - Monthly support,2026-10-01,114428
Opex,Opex,Core System Netgen - Monthly support,Core System Netgen - Monthly support,2026-11-01,114428
Opex,Opex,Core System Netgen - Monthly support,Core System Netgen - Monthly support,2026-12-01,114428
Opex,Opex,Core System Netgen - Monthly support,Core System Netgen - Monthly support,2027-01-01,114428
Opex,Opex,Core System Netgen - Monthly support,Core System Netgen - Monthly support,2027-02-01,114428
Opex,Opex,Core System Netgen - Monthly support,Core System Netgen - Monthly support,2027-03-01,114428
Opex,Opex,Core System Netgen - Monthly support,Core System Netgen - Monthly support,2027-04-01,114428
Opex,Opex,Core System Netgen - Monthly support,Core System Netgen - Monthly support,2027-05-31,121294
Opex,Opex,Core System Netgen - Monthly support,Core System Netgen - Monthly support,2027-06-30,121294
Opex,Opex,Core System Netgen - Monthly support,Core System Netgen - Monthly support,2027-07-01,121294
Opex,Opex,Core System Netgen - Monthly support,Core System Netgen - Monthly support,2027-08-01,121294
Opex,Opex,Core System Netgen - Monthly support,Core System Netgen - Monthly support,2027-09-01,121294
Opex,Opex,Core System Netgen - Monthly support,Core System Netgen - Monthly support,2027-10-01,121294
Opex,Opex,Core System Netgen - Monthly support,Core System Netgen - Monthly support,2027-11-01,121294
Opex,Opex,Core System Netgen - Monthly support,Core System Netgen - Monthly support,2027-12-01,121294
Opex,Opex,Core System Netgen - Monthly support,Core System Netgen - Monthly support,2028-01-01,121294
Opex,Opex,Core System Netgen - Monthly support,Core System Netgen - Monthly support,2028-02-01,121294
Opex,Opex,Management fee recovery- Halaala,Management fee recovery- Halaala,2023-03-31,
Opex,Opex,Management fee recovery- Halaala,Management fee recovery- Halaala,2023-04-30,0
Opex,Opex,Management fee recovery- Halaala,Management fee recovery- Halaala,2023-05-31,0
Opex,Opex,Management fee recovery- Halaala,Management fee recovery- Halaala,2023-06-30,0
Opex,Opex,Management fee recovery- Halaala,Management fee recovery- Halaala,2023-07-31,0
Opex,Opex,Management fee recovery- Halaala,Management fee recovery- Halaala,2023-08-31,0
Opex,Opex,Management fee recovery- Halaala,Management fee recovery- Halaala,2023-09-30,0
Opex,Opex,Management fee recovery- Halaala,Management fee recovery- Halaala,2023-10-31,0
Opex,Opex,Management fee recovery- Halaala,Management fee recovery- Halaala,2023-11-30,0
Opex,Opex,Management fee recovery- Halaala,Management fee recovery- Halaala,2023-12-31,0
Opex,Opex,Management fee recovery- Halaala,Management fee recovery- Halaala,2024-01-31,0
Opex,Opex,Management fee recovery- Halaala,Management fee recovery- Halaala,2024-02-29,
Opex,Opex,Management fee recovery- Halaala,Management fee recovery- Halaala,2024-03-31,0
Opex,Opex,Management fee recovery- Halaala,Management fee recovery- Halaala,2024-04-30,0
Opex,Opex,Management fee recovery- Halaala,Management fee recovery- Halaala,2024-05-31,0
Opex,Opex,Management fee recovery- Halaala,Management fee recovery- Halaala,2024-06-30,0
Opex,Opex,Management fee recovery- Halaala,Management fee recovery- Halaala,2024-07-31,0
Opex,Opex,Management fee recovery- Halaala,Management fee recovery- Halaala,2024-08-31,-7500
Opex,Opex,Management fee recovery- Halaala,Management fee recovery- Halaala,2024-09-30,-7500
Opex,Opex,Management fee recovery- Halaala,Management fee recovery- Halaala,2024-10-31,-7500
Opex,Opex,Management fee recovery- Halaala,Management fee recovery- Halaala,2024-11-30,-7500
Opex,Opex,Management fee recovery- Halaala,Management fee recovery- Halaala,2024-12-31,-7500
Opex,Opex,Management fee recovery- Halaala,Management fee recovery- Halaala,2025-01-31,-7500
Opex,Opex,Management fee recovery- Halaala,Management fee recovery- Halaala,2025-02-28,-7500
Opex,Opex,Management fee recovery- Halaala,Management fee recovery- Halaala,2025-03-31,-7500
Opex,Opex,Management fee recovery- Halaala,Management fee recovery- Halaala,2025-04-30,-7500
Opex,Opex,Management fee recovery- Halaala,Management fee recovery- Halaala,2025-05-31,-7500
Opex,Opex,Management fee recovery- Halaala,Management fee recovery- Halaala,2025-06-30,-7500
Opex,Opex,Management fee recovery- Halaala,Management fee recovery- Halaala,2025-07-01,-7500
Opex,Opex,Management fee recovery- Halaala,Management fee recovery- Halaala,2025-08-01,-7500
Opex,Opex,Management fee recovery- Halaala,Management fee recovery- Halaala,2025-09-01,-7500
Opex,Opex,Management fee recovery- Halaala,Management fee recovery- Halaala,2025-10-01,-7500
Opex,Opex,Management fee recovery- Halaala,Management fee recovery- Halaala,2025-11-01,-7500
Opex,Opex,Management fee recovery- Halaala,Management fee recovery- Halaala,2025-12-01,-7500
Opex,Opex,Management fee recovery- Halaala,Management fee recovery- Halaala,2026-01-01,-7500.0
Opex,Opex,Management fee recovery- Halaala,Management fee recovery- Halaala,2026-02-01,-7500.0
Opex,Opex,Management fee recovery- Halaala,Management fee recovery- Halaala,2026-03-01,-8348
Opex,Opex,Management fee recovery- Halaala,Management fee recovery- Halaala,2026-04-01,-8348
Opex,Opex,Management fee recovery- Halaala,Management fee recovery- Halaala,2026-05-31,-8348
Opex,Opex,Management fee recovery- Halaala,Management fee recovery- Halaala,2026-06-30,-8348
Opex,Opex,Management fee recovery- Halaala,Management fee recovery- Halaala,2026-07-01,-8348
Opex,Opex,Management fee recovery- Halaala,Management fee recovery- Halaala,2026-08-01,-8348
Opex,Opex,Management fee recovery- Halaala,Management fee recovery- Halaala,2026-09-01,-8348
Opex,Opex,Management fee recovery- Halaala,Management fee recovery- Halaala,2026-10-01,-8348
Opex,Opex,Management fee recovery- Halaala,Management fee recovery- Halaala,2026-11-01,-8348
Opex,Opex,Management fee recovery- Halaala,Management fee recovery- Halaala,2026-12-01,-8348
Opex,Opex,Management fee recovery- Halaala,Management fee recovery- Halaala,2027-01-01,-8348
Opex,Opex,Management fee recovery- Halaala,Management fee recovery- Halaala,2027-02-01,-8348
Opex,Opex,Management fee recovery- Halaala,Management fee recovery- Halaala,2027-03-01,-8848
Opex,Opex,Management fee recovery- Halaala,Management fee recovery- Halaala,2027-04-01,-8848
Opex,Opex,Management fee recovery- Halaala,Management fee recovery- Halaala,2027-05-31,-8848
Opex,Opex,Management fee recovery- Halaala,Management fee recovery- Halaala,2027-06-30,-8848
Opex,Opex,Management fee recovery- Halaala,Management fee recovery- Halaala,2027-07-01,-8848
Opex,Opex,Management fee recovery- Halaala,Management fee recovery- Halaala,2027-08-01,-8848
Opex,Opex,Management fee recovery- Halaala,Management fee recovery- Halaala,2027-09-01,-8848
Opex,Opex,Management fee recovery- Halaala,Management fee recovery- Halaala,2027-10-01,-8848
Opex,Opex,Management fee recovery- Halaala,Management fee recovery- Halaala,2027-11-01,-8848
Opex,Opex,Management fee recovery- Halaala,Management fee recovery- Halaala,2027-12-01,-8848
Opex,Opex,Management fee recovery- Halaala,Management fee recovery- Halaala,2028-01-01,-8848
Opex,Opex,Management fee recovery- Halaala,Management fee recovery- Halaala,2028-02-01,-8848
Opex,Opex,Management fee recovery- M&Y,Management fee recovery- M&Y,2023-03-31,
Opex,Opex,Management fee recovery- M&Y,Management fee recovery- M&Y,2023-04-30,
Opex,Opex,Management fee recovery- M&Y,Management fee recovery- M&Y,2023-05-31,
Opex,Opex,Management fee recovery- M&Y,Management fee recovery- M&Y,2023-06-30,
Opex,Opex,Management fee recovery- M&Y,Management fee recovery- M&Y,2023-07-31,
Opex,Opex,Management fee recovery- M&Y,Management fee recovery- M&Y,2023-08-31,
Opex,Opex,Management fee recovery- M&Y,Management fee recovery- M&Y,2023-09-30,
Opex,Opex,Management fee recovery- M&Y,Management fee recovery- M&Y,2023-10-31,
Opex,Opex,Management fee recovery- M&Y,Management fee recovery- M&Y,2023-11-30,
Opex,Opex,Management fee recovery- M&Y,Management fee recovery- M&Y,2023-12-31,
Opex,Opex,Management fee recovery- M&Y,Management fee recovery- M&Y,2024-01-31,
Opex,Opex,Management fee recovery- M&Y,Management fee recovery- M&Y,2024-02-29,
Opex,Opex,Management fee recovery- M&Y,Management fee recovery- M&Y,2024-03-31,
Opex,Opex,Management fee recovery- M&Y,Management fee recovery- M&Y,2024-04-30,
Opex,Opex,Management fee recovery- M&Y,Management fee recovery- M&Y,2024-05-31,
Opex,Opex,Management fee recovery- M&Y,Management fee recovery- M&Y,2024-06-30,
Opex,Opex,Management fee recovery- M&Y,Management fee recovery- M&Y,2024-07-31,
Opex,Opex,Management fee recovery- M&Y,Management fee recovery- M&Y,2024-08-31,-15000
Opex,Opex,Management fee recovery- M&Y,Management fee recovery- M&Y,2024-09-30,-15000
Opex,Opex,Management fee recovery- M&Y,Management fee recovery- M&Y,2024-10-31,-15000
Opex,Opex,Management fee recovery- M&Y,Management fee recovery- M&Y,2024-11-30,-15000
Opex,Opex,Management fee recovery- M&Y,Management fee recovery- M&Y,2024-12-31,-15000
Opex,Opex,Management fee recovery- M&Y,Management fee recovery- M&Y,2025-01-31,-15000
Opex,Opex,Management fee recovery- M&Y,Management fee recovery- M&Y,2025-02-28,-15000
Opex,Opex,Management fee recovery- M&Y,Management fee recovery- M&Y,2025-03-31,-15000
Opex,Opex,Management fee recovery- M&Y,Management fee recovery- M&Y,2025-04-30,-15000
Opex,Opex,Management fee recovery- M&Y,Management fee recovery- M&Y,2025-05-31,-15000
Opex,Opex,Management fee recovery- M&Y,Management fee recovery- M&Y,2025-06-30,-15000
Opex,Opex,Management fee recovery- M&Y,Management fee recovery- M&Y,2025-07-01,-15000
Opex,Opex,Management fee recovery- M&Y,Management fee recovery- M&Y,2025-08-01,-15000
Opex,Opex,Management fee recovery- M&Y,Management fee recovery- M&Y,2025-09-01,-15000
Opex,Opex,Management fee recovery- M&Y,Management fee recovery- M&Y,2025-10-01,-15000
Opex,Opex,Management fee recovery- M&Y,Management fee recovery- M&Y,2025-11-01,-15000
Opex,Opex,Management fee recovery- M&Y,Management fee recovery- M&Y,2025-12-01,-15000
Opex,Opex,Management fee recovery- M&Y,Management fee recovery- M&Y,2026-01-01,-15000.0
Opex,Opex,Management fee recovery- M&Y,Management fee recovery- M&Y,2026-02-01,-15000.0
Opex,Opex,Management fee recovery- M&Y,Management fee recovery- M&Y,2026-03-01,-16695
Opex,Opex,Management fee recovery- M&Y,Management fee recovery- M&Y,2026-04-01,-16695
Opex,Opex,Management fee recovery- M&Y,Management fee recovery- M&Y,2026-05-31,-16695
Opex,Opex,Management fee recovery- M&Y,Management fee recovery- M&Y,2026-06-30,-16695
Opex,Opex,Management fee recovery- M&Y,Management fee recovery- M&Y,2026-07-01,-16695
Opex,Opex,Management fee recovery- M&Y,Management fee recovery- M&Y,2026-08-01,-16695
Opex,Opex,Management fee recovery- M&Y,Management fee recovery- M&Y,2026-09-01,-16695
Opex,Opex,Management fee recovery- M&Y,Management fee recovery- M&Y,2026-10-01,-16695
Opex,Opex,Management fee recovery- M&Y,Management fee recovery- M&Y,2026-11-01,-16695
Opex,Opex,Management fee recovery- M&Y,Management fee recovery- M&Y,2026-12-01,-16695
Opex,Opex,Management fee recovery- M&Y,Management fee recovery- M&Y,2027-01-01,-16695
Opex,Opex,Management fee recovery- M&Y,Management fee recovery- M&Y,2027-02-01,-16695
Opex,Opex,Management fee recovery- M&Y,Management fee recovery- M&Y,2027-03-01,-17697
Opex,Opex,Management fee recovery- M&Y,Management fee recovery- M&Y,2027-04-01,-17697
Opex,Opex,Management fee recovery- M&Y,Management fee recovery- M&Y,2027-05-31,-17697
Opex,Opex,Management fee recovery- M&Y,Management fee recovery- M&Y,2027-06-30,-17697
Opex,Opex,Management fee recovery- M&Y,Management fee recovery- M&Y,2027-07-01,-17697
Opex,Opex,Management fee recovery- M&Y,Management fee recovery- M&Y,2027-08-01,-17697
Opex,Opex,Management fee recovery- M&Y,Management fee recovery- M&Y,2027-09-01,-17697
Opex,Opex,Management fee recovery- M&Y,Management fee recovery- M&Y,2027-10-01,-17697
Opex,Opex,Management fee recovery- M&Y,Management fee recovery- M&Y,2027-11-01,-17697
Opex,Opex,Management fee recovery- M&Y,Management fee recovery- M&Y,2027-12-01,-17697
Opex,Opex,Management fee recovery- M&Y,Management fee recovery- M&Y,2028-01-01,-17697
Opex,Opex,Management fee recovery- M&Y,Management fee recovery- M&Y,2028-02-01,-17697
Opex,Opex,2931_HO Manangement Fee - Comit,2931_HO Manangement Fee - Comit,2023-03-31,
Opex,Opex,2931_HO Manangement Fee - Comit,2931_HO Manangement Fee - Comit,2023-04-30,
Opex,Opex,2931_HO Manangement Fee - Comit,2931_HO Manangement Fee - Comit,2023-05-31,
Opex,Opex,2931_HO Manangement Fee - Comit,2931_HO Manangement Fee - Comit,2023-06-30,140626
Opex,Opex,2931_HO Manangement Fee - Comit,2931_HO Manangement Fee - Comit,2023-07-31,140631
Opex,Opex,2931_HO Manangement Fee - Comit,2931_HO Manangement Fee - Comit,2023-08-31,140631
Opex,Opex,2931_HO Manangement Fee - Comit,2931_HO Manangement Fee - Comit,2023-09-30,140631
Opex,Opex,2931_HO Manangement Fee - Comit,2931_HO Manangement Fee - Comit,2023-10-31,140631
Opex,Opex,2931_HO Manangement Fee - Comit,2931_HO Manangement Fee - Comit,2023-11-30,140631
Opex,Opex,2931_HO Manangement Fee - Comit,2931_HO Manangement Fee - Comit,2023-12-31,140631
Opex,Opex,2931_HO Manangement Fee - Comit,2931_HO Manangement Fee - Comit,2024-01-31,140631
Opex,Opex,2931_HO Manangement Fee - Comit,2931_HO Manangement Fee - Comit,2024-02-29,140631
Opex,Opex,2931_HO Manangement Fee - Comit,2931_HO Manangement Fee - Comit,2024-03-31,40000
Opex,Opex,2931_HO Manangement Fee - Comit,2931_HO Manangement Fee - Comit,2024-04-30,115712
Opex,Opex,2931_HO Manangement Fee - Comit,2931_HO Manangement Fee - Comit,2024-05-31,76185
Opex,Opex,2931_HO Manangement Fee - Comit,2931_HO Manangement Fee - Comit,2024-06-30,76185
Opex,Opex,2931_HO Manangement Fee - Comit,2931_HO Manangement Fee - Comit,2024-07-31,76185
Opex,Opex,2931_HO Manangement Fee - Comit,2931_HO Manangement Fee - Comit,2024-08-31,76185
Opex,Opex,2931_HO Manangement Fee - Comit,2931_HO Manangement Fee - Comit,2024-09-30,76185
Opex,Opex,2931_HO Manangement Fee - Comit,2931_HO Manangement Fee - Comit,2024-10-31,76185
Opex,Opex,2931_HO Manangement Fee - Comit,2931_HO Manangement Fee - Comit,2024-11-30,76185
Opex,Opex,2931_HO Manangement Fee - Comit,2931_HO Manangement Fee - Comit,2024-12-31,76185
Opex,Opex,2931_HO Manangement Fee - Comit,2931_HO Manangement Fee - Comit,2025-01-31,76185
Opex,Opex,2931_HO Manangement Fee - Comit,2931_HO Manangement Fee - Comit,2025-02-28,76185
Opex,Opex,2931_HO Manangement Fee - Comit,2931_HO Manangement Fee - Comit,2025-03-31,80756
Opex,Opex,2931_HO Manangement Fee - Comit,2931_HO Manangement Fee - Comit,2025-04-30,80756
Opex,Opex,2931_HO Manangement Fee - Comit,2931_HO Manangement Fee - Comit,2025-05-31,80756
Opex,Opex,2931_HO Manangement Fee - Comit,2931_HO Manangement Fee - Comit,2025-06-30,80756
Opex,Opex,2931_HO Manangement Fee - Comit,2931_HO Manangement Fee - Comit,2025-07-01,80756
Opex,Opex,2931_HO Manangement Fee - Comit,2931_HO Manangement Fee - Comit,2025-08-01,80756
Opex,Opex,2931_HO Manangement Fee - Comit,2931_HO Manangement Fee - Comit,2025-09-01,80756
Opex,Opex,2931_HO Manangement Fee - Comit,2931_HO Manangement Fee - Comit,2025-10-01,80756
Opex,Opex,2931_HO Manangement Fee - Comit,2931_HO Manangement Fee - Comit,2025-11-01,80756
Opex,Opex,2931_HO Manangement Fee - Comit,2931_HO Manangement Fee - Comit,2025-12-01,80756
Opex,Opex,2931_HO Manangement Fee - Comit,2931_HO Manangement Fee - Comit,2026-01-01,80756.0
Opex,Opex,2931_HO Manangement Fee - Comit,2931_HO Manangement Fee - Comit,2026-02-01,80756.0
Opex,Opex,2931_HO Manangement Fee - Comit,2931_HO Manangement Fee - Comit,2026-03-01,84793
Opex,Opex,2931_HO Manangement Fee - Comit,2931_HO Manangement Fee - Comit,2026-04-01,84793
Opex,Opex,2931_HO Manangement Fee - Comit,2931_HO Manangement Fee - Comit,2026-05-31,84793
Opex,Opex,2931_HO Manangement Fee - Comit,2931_HO Manangement Fee - Comit,2026-06-30,84793
Opex,Opex,2931_HO Manangement Fee - Comit,2931_HO Manangement Fee - Comit,2026-07-01,84793
Opex,Opex,2931_HO Manangement Fee - Comit,2931_HO Manangement Fee - Comit,2026-08-01,84793
Opex,Opex,2931_HO Manangement Fee - Comit,2931_HO Manangement Fee - Comit,2026-09-01,84793
Opex,Opex,2931_HO Manangement Fee - Comit,2931_HO Manangement Fee - Comit,2026-10-01,84793
Opex,Opex,2931_HO Manangement Fee - Comit,2931_HO Manangement Fee - Comit,2026-11-01,84793
Opex,Opex,2931_HO Manangement Fee - Comit,2931_HO Manangement Fee - Comit,2026-12-01,84793
Opex,Opex,2931_HO Manangement Fee - Comit,2931_HO Manangement Fee - Comit,2027-01-01,84793
Opex,Opex,2931_HO Manangement Fee - Comit,2931_HO Manangement Fee - Comit,2027-02-01,84793
Opex,Opex,2931_HO Manangement Fee - Comit,2931_HO Manangement Fee - Comit,2027-03-01,89880
Opex,Opex,2931_HO Manangement Fee - Comit,2931_HO Manangement Fee - Comit,2027-04-01,89880
Opex,Opex,2931_HO Manangement Fee - Comit,2931_HO Manangement Fee - Comit,2027-05-31,89880
Opex,Opex,2931_HO Manangement Fee - Comit,2931_HO Manangement Fee - Comit,2027-06-30,89880
Opex,Opex,2931_HO Manangement Fee - Comit,2931_HO Manangement Fee - Comit,2027-07-01,89880
Opex,Opex,2931_HO Manangement Fee - Comit,2931_HO Manangement Fee - Comit,2027-08-01,89880
Opex,Opex,2931_HO Manangement Fee - Comit,2931_HO Manangement Fee - Comit,2027-09-01,89880
Opex,Opex,2931_HO Manangement Fee - Comit,2931_HO Manangement Fee - Comit,2027-10-01,89880
Opex,Opex,2931_HO Manangement Fee - Comit,2931_HO Manangement Fee - Comit,2027-11-01,89880
Opex,Opex,2931_HO Manangement Fee - Comit,2931_HO Manangement Fee - Comit,2027-12-01,89880
Opex,Opex,2931_HO Manangement Fee - Comit,2931_HO Manangement Fee - Comit,2028-01-01,89880
Opex,Opex,2931_HO Manangement Fee - Comit,2931_HO Manangement Fee - Comit,2028-02-01,89880
Opex,Opex,2933_HO Management Fee - Ignition Telecoms,2933_HO Management Fee - Ignition Telecoms,2023-03-31,75014
Opex,Opex,2933_HO Management Fee - Ignition Telecoms,2933_HO Management Fee - Ignition Telecoms,2023-04-30,75014
Opex,Opex,2933_HO Management Fee - Ignition Telecoms,2933_HO Management Fee - Ignition Telecoms,2023-05-31,75014
Opex,Opex,2933_HO Management Fee - Ignition Telecoms,2933_HO Management Fee - Ignition Telecoms,2023-06-30,190717
Opex,Opex,2933_HO Management Fee - Ignition Telecoms,2933_HO Management Fee - Ignition Telecoms,2023-07-31,190717
Opex,Opex,2933_HO Management Fee - Ignition Telecoms,2933_HO Management Fee - Ignition Telecoms,2023-08-31,190717
Opex,Opex,2933_HO Management Fee - Ignition Telecoms,2933_HO Management Fee - Ignition Telecoms,2023-09-30,190717
Opex,Opex,2933_HO Management Fee - Ignition Telecoms,2933_HO Management Fee - Ignition Telecoms,2023-10-31,190717
Opex,Opex,2933_HO Management Fee - Ignition Telecoms,2933_HO Management Fee - Ignition Telecoms,2023-11-30,190717
Opex,Opex,2933_HO Management Fee - Ignition Telecoms,2933_HO Management Fee - Ignition Telecoms,2023-12-31,190717
Opex,Opex,2933_HO Management Fee - Ignition Telecoms,2933_HO Management Fee - Ignition Telecoms,2024-01-31,190717
Opex,Opex,2933_HO Management Fee - Ignition Telecoms,2933_HO Management Fee - Ignition Telecoms,2024-02-29,190717
Opex,Opex,2933_HO Management Fee - Ignition Telecoms,2933_HO Management Fee - Ignition Telecoms,2024-03-31,202140
Opex,Opex,2933_HO Management Fee - Ignition Telecoms,2933_HO Management Fee - Ignition Telecoms,2024-04-30,202160
Opex,Opex,2933_HO Management Fee - Ignition Telecoms,2933_HO Management Fee - Ignition Telecoms,2024-05-31,202160
Opex,Opex,2933_HO Management Fee - Ignition Telecoms,2933_HO Management Fee - Ignition Telecoms,2024-06-30,202160
Opex,Opex,2933_HO Management Fee - Ignition Telecoms,2933_HO Management Fee - Ignition Telecoms,2024-07-31,202160
Opex,Opex,2933_HO Management Fee - Ignition Telecoms,2933_HO Management Fee - Ignition Telecoms,2024-08-31,202160
Opex,Opex,2933_HO Management Fee - Ignition Telecoms,2933_HO Management Fee - Ignition Telecoms,2024-09-30,202160
Opex,Opex,2933_HO Management Fee - Ignition Telecoms,2933_HO Management Fee - Ignition Telecoms,2024-10-31,202160
Opex,Opex,2933_HO Management Fee - Ignition Telecoms,2933_HO Management Fee - Ignition Telecoms,2024-11-30,202160
Opex,Opex,2933_HO Management Fee - Ignition Telecoms,2933_HO Management Fee - Ignition Telecoms,2024-12-31,202160
Opex,Opex,2933_HO Management Fee - Ignition Telecoms,2933_HO Management Fee - Ignition Telecoms,2025-01-31,202160
Opex,Opex,2933_HO Management Fee - Ignition Telecoms,2933_HO Management Fee - Ignition Telecoms,2025-02-28,202160
Opex,Opex,2933_HO Management Fee - Ignition Telecoms,2933_HO Management Fee - Ignition Telecoms,2025-03-31,212268
Opex,Opex,2933_HO Management Fee - Ignition Telecoms,2933_HO Management Fee - Ignition Telecoms,2025-04-30,212268
Opex,Opex,2933_HO Management Fee - Ignition Telecoms,2933_HO Management Fee - Ignition Telecoms,2025-05-31,212268
Opex,Opex,2933_HO Management Fee - Ignition Telecoms,2933_HO Management Fee - Ignition Telecoms,2025-06-30,212268
Opex,Opex,2933_HO Management Fee - Ignition Telecoms,2933_HO Management Fee - Ignition Telecoms,2025-07-01,212268
Opex,Opex,2933_HO Management Fee - Ignition Telecoms,2933_HO Management Fee - Ignition Telecoms,2025-08-01,212268
Opex,Opex,2933_HO Management Fee - Ignition Telecoms,2933_HO Management Fee - Ignition Telecoms,2025-09-01,212268
Opex,Opex,2933_HO Management Fee - Ignition Telecoms,2933_HO Management Fee - Ignition Telecoms,2025-10-01,212268
Opex,Opex,2933_HO Management Fee - Ignition Telecoms,2933_HO Management Fee - Ignition Telecoms,2025-11-01,563031
Opex,Opex,2933_HO Management Fee - Ignition Telecoms,2933_HO Management Fee - Ignition Telecoms,2025-12-01,563031
Opex,Opex,2933_HO Management Fee - Ignition Telecoms,2933_HO Management Fee - Ignition Telecoms,2026-01-01,563031.0
Opex,Opex,2933_HO Management Fee - Ignition Telecoms,2933_HO Management Fee - Ignition Telecoms,2026-02-01,563031.0
Opex,Opex,2933_HO Management Fee - Ignition Telecoms,2933_HO Management Fee - Ignition Telecoms,2026-03-01,219061
Opex,Opex,2933_HO Management Fee - Ignition Telecoms,2933_HO Management Fee - Ignition Telecoms,2026-04-01,219061
Opex,Opex,2933_HO Management Fee - Ignition Telecoms,2933_HO Management Fee - Ignition Telecoms,2026-05-31,219061
Opex,Opex,2933_HO Management Fee - Ignition Telecoms,2933_HO Management Fee - Ignition Telecoms,2026-06-30,219061
Opex,Opex,2933_HO Management Fee - Ignition Telecoms,2933_HO Management Fee - Ignition Telecoms,2026-07-01,219061
Opex,Opex,2933_HO Management Fee - Ignition Telecoms,2933_HO Management Fee - Ignition Telecoms,2026-08-01,219061
Opex,Opex,2933_HO Management Fee - Ignition Telecoms,2933_HO Management Fee - Ignition Telecoms,2026-09-01,219061
Opex,Opex,2933_HO Management Fee - Ignition Telecoms,2933_HO Management Fee - Ignition Telecoms,2026-10-01,219061
Opex,Opex,2933_HO Management Fee - Ignition Telecoms,2933_HO Management Fee - Ignition Telecoms,2026-11-01,219061
Opex,Opex,2933_HO Management Fee - Ignition Telecoms,2933_HO Management Fee - Ignition Telecoms,2026-12-01,219061
Opex,Opex,2933_HO Management Fee - Ignition Telecoms,2933_HO Management Fee - Ignition Telecoms,2027-01-01,219061
Opex,Opex,2933_HO Management Fee - Ignition Telecoms,2933_HO Management Fee - Ignition Telecoms,2027-02-01,219061
Opex,Opex,2933_HO Management Fee - Ignition Telecoms,2933_HO Management Fee - Ignition Telecoms,2027-03-01,232204
Opex,Opex,2933_HO Management Fee - Ignition Telecoms,2933_HO Management Fee - Ignition Telecoms,2027-04-01,232204
Opex,Opex,2933_HO Management Fee - Ignition Telecoms,2933_HO Management Fee - Ignition Telecoms,2027-05-31,232204
Opex,Opex,2933_HO Management Fee - Ignition Telecoms,2933_HO Management Fee - Ignition Telecoms,2027-06-30,232204
Opex,Opex,2933_HO Management Fee - Ignition Telecoms,2933_HO Management Fee - Ignition Telecoms,2027-07-01,232204
Opex,Opex,2933_HO Management Fee - Ignition Telecoms,2933_HO Management Fee - Ignition Telecoms,2027-08-01,232204
Opex,Opex,2933_HO Management Fee - Ignition Telecoms,2933_HO Management Fee - Ignition Telecoms,2027-09-01,232204
Opex,Opex,2933_HO Management Fee - Ignition Telecoms,2933_HO Management Fee - Ignition Telecoms,2027-10-01,232204
Opex,Opex,2933_HO Management Fee - Ignition Telecoms,2933_HO Management Fee - Ignition Telecoms,2027-11-01,232204
Opex,Opex,2933_HO Management Fee - Ignition Telecoms,2933_HO Management Fee - Ignition Telecoms,2027-12-01,232204
Opex,Opex,2933_HO Management Fee - Ignition Telecoms,2933_HO Management Fee - Ignition Telecoms,2028-01-01,232204
Opex,Opex,2933_HO Management Fee - Ignition Telecoms,2933_HO Management Fee - Ignition Telecoms,2028-02-01,232204
Opex,Opex,VLT Management fee,VLT Management fee,2023-03-31,
Opex,Opex,VLT Management fee,VLT Management fee,2023-04-30,
Opex,Opex,VLT Management fee,VLT Management fee,2023-05-31,
Opex,Opex,VLT Management fee,VLT Management fee,2023-06-30,
Opex,Opex,VLT Management fee,VLT Management fee,2023-07-31,
Opex,Opex,VLT Management fee,VLT Management fee,2023-08-31,
Opex,Opex,VLT Management fee,VLT Management fee,2023-09-30,
Opex,Opex,VLT Management fee,VLT Management fee,2023-10-31,
Opex,Opex,VLT Management fee,VLT Management fee,2023-11-30,
Opex,Opex,VLT Management fee,VLT Management fee,2023-12-31,
Opex,Opex,VLT Management fee,VLT Management fee,2024-01-31,
Opex,Opex,VLT Management fee,VLT Management fee,2024-02-29,
Opex,Opex,VLT Management fee,VLT Management fee,2024-03-31,
Opex,Opex,VLT Management fee,VLT Management fee,2024-04-30,0
Opex,Opex,VLT Management fee,VLT Management fee,2024-05-31,23000
Opex,Opex,VLT Management fee,VLT Management fee,2024-06-30,23234
Opex,Opex,VLT Management fee,VLT Management fee,2024-07-31,26734
Opex,Opex,VLT Management fee,VLT Management fee,2024-08-31,26734
Opex,Opex,VLT Management fee,VLT Management fee,2024-09-30,26500
Opex,Opex,VLT Management fee,VLT Management fee,2024-10-31,26730
Opex,Opex,VLT Management fee,VLT Management fee,2024-11-30,27091
Opex,Opex,VLT Management fee,VLT Management fee,2024-12-31,26730
Opex,Opex,VLT Management fee,VLT Management fee,2025-01-31,26730
Opex,Opex,VLT Management fee,VLT Management fee,2025-02-28,26730
Opex,Opex,VLT Management fee,VLT Management fee,2025-03-31,26730
Opex,Opex,VLT Management fee,VLT Management fee,2025-04-30,26730
Opex,Opex,VLT Management fee,VLT Management fee,2025-05-31,26730
Opex,Opex,VLT Management fee,VLT Management fee,2025-06-30,26500
Opex,Opex,VLT Management fee,VLT Management fee,2025-07-01,26500
Opex,Opex,VLT Management fee,VLT Management fee,2025-08-01,26500
Opex,Opex,VLT Management fee,VLT Management fee,2025-09-01,26500
Opex,Opex,VLT Management fee,VLT Management fee,2025-10-01,28250
Opex,Opex,VLT Management fee,VLT Management fee,2025-11-01,26500
Opex,Opex,VLT Management fee,VLT Management fee,2025-12-01,28850
Opex,Opex,VLT Management fee,VLT Management fee,2026-01-01,26500.0
Opex,Opex,VLT Management fee,VLT Management fee,2026-02-01,26500.0
Opex,Opex,VLT Management fee,VLT Management fee,2026-03-01,30293
Opex,Opex,VLT Management fee,VLT Management fee,2026-04-01,30293
Opex,Opex,VLT Management fee,VLT Management fee,2026-05-31,30293
Opex,Opex,VLT Management fee,VLT Management fee,2026-06-30,30293
Opex,Opex,VLT Management fee,VLT Management fee,2026-07-01,30293
Opex,Opex,VLT Management fee,VLT Management fee,2026-08-01,30293
Opex,Opex,VLT Management fee,VLT Management fee,2026-09-01,30293
Opex,Opex,VLT Management fee,VLT Management fee,2026-10-01,30293
Opex,Opex,VLT Management fee,VLT Management fee,2026-11-01,30293
Opex,Opex,VLT Management fee,VLT Management fee,2026-12-01,30293
Opex,Opex,VLT Management fee,VLT Management fee,2027-01-01,30293
Opex,Opex,VLT Management fee,VLT Management fee,2027-02-01,30293
Opex,Opex,VLT Management fee,VLT Management fee,2027-03-01,32110
Opex,Opex,VLT Management fee,VLT Management fee,2027-04-01,32110
Opex,Opex,VLT Management fee,VLT Management fee,2027-05-31,32110
Opex,Opex,VLT Management fee,VLT Management fee,2027-06-30,32110
Opex,Opex,VLT Management fee,VLT Management fee,2027-07-01,32110
Opex,Opex,VLT Management fee,VLT Management fee,2027-08-01,32110
Opex,Opex,VLT Management fee,VLT Management fee,2027-09-01,32110
Opex,Opex,VLT Management fee,VLT Management fee,2027-10-01,32110
Opex,Opex,VLT Management fee,VLT Management fee,2027-11-01,32110
Opex,Opex,VLT Management fee,VLT Management fee,2027-12-01,32110
Opex,Opex,VLT Management fee,VLT Management fee,2028-01-01,32110
Opex,Opex,VLT Management fee,VLT Management fee,2028-02-01,32110
Opex,Opex,LAN Support - Netsurit,LAN Support - Netsurit,2023-03-31,29973
Opex,Opex,LAN Support - Netsurit,LAN Support - Netsurit,2023-04-30,29973
Opex,Opex,LAN Support - Netsurit,LAN Support - Netsurit,2023-05-31,
Opex,Opex,LAN Support - Netsurit,LAN Support - Netsurit,2023-06-30,29973
Opex,Opex,LAN Support - Netsurit,LAN Support - Netsurit,2023-07-31,29973
Opex,Opex,LAN Support - Netsurit,LAN Support - Netsurit,2023-08-31,44800
Opex,Opex,LAN Support - Netsurit,LAN Support - Netsurit,2023-09-30,44800
Opex,Opex,LAN Support - Netsurit,LAN Support - Netsurit,2023-10-31,44800
Opex,Opex,LAN Support - Netsurit,LAN Support - Netsurit,2023-11-30,44800
Opex,Opex,LAN Support - Netsurit,LAN Support - Netsurit,2023-12-31,44800
Opex,Opex,LAN Support - Netsurit,LAN Support - Netsurit,2024-01-31,44800
Opex,Opex,LAN Support - Netsurit,LAN Support - Netsurit,2024-02-29,29973
Opex,Opex,LAN Support - Netsurit,LAN Support - Netsurit,2024-03-31,46712
Opex,Opex,LAN Support - Netsurit,LAN Support - Netsurit,2024-04-30,48833
Opex,Opex,LAN Support - Netsurit,LAN Support - Netsurit,2024-05-31,48396
Opex,Opex,LAN Support - Netsurit,LAN Support - Netsurit,2024-06-30,49100
Opex,Opex,LAN Support - Netsurit,LAN Support - Netsurit,2024-07-31,50145
Opex,Opex,LAN Support - Netsurit,LAN Support - Netsurit,2024-08-31,49445
Opex,Opex,LAN Support - Netsurit,LAN Support - Netsurit,2024-09-30,51107
Opex,Opex,LAN Support - Netsurit,LAN Support - Netsurit,2024-10-31,54573
Opex,Opex,LAN Support - Netsurit,LAN Support - Netsurit,2024-11-30,58571
Opex,Opex,LAN Support - Netsurit,LAN Support - Netsurit,2024-12-31,65102
Opex,Opex,LAN Support - Netsurit,LAN Support - Netsurit,2025-01-31,72379
Opex,Opex,LAN Support - Netsurit,LAN Support - Netsurit,2025-02-28,78780
Opex,Opex,LAN Support - Netsurit,LAN Support - Netsurit,2025-03-31,47699
Opex,Opex,LAN Support - Netsurit,LAN Support - Netsurit,2025-04-30,47699
Opex,Opex,LAN Support - Netsurit,LAN Support - Netsurit,2025-05-31,47699
Opex,Opex,LAN Support - Netsurit,LAN Support - Netsurit,2025-06-30,47699
Opex,Opex,LAN Support - Netsurit,LAN Support - Netsurit,2025-07-01,47699
Opex,Opex,LAN Support - Netsurit,LAN Support - Netsurit,2025-08-01,47699
Opex,Opex,LAN Support - Netsurit,LAN Support - Netsurit,2025-09-01,47699
Opex,Opex,LAN Support - Netsurit,LAN Support - Netsurit,2025-10-01,47699
Opex,Opex,LAN Support - Netsurit,LAN Support - Netsurit,2025-11-01,47699
Opex,Opex,LAN Support - Netsurit,LAN Support - Netsurit,2025-12-01,47699
Opex,Opex,LAN Support - Netsurit,LAN Support - Netsurit,2026-01-01,47699.0
Opex,Opex,LAN Support - Netsurit,LAN Support - Netsurit,2026-02-01,47699.0
Opex,Opex,LAN Support - Netsurit,LAN Support - Netsurit,2026-03-01,50084
Opex,Opex,LAN Support - Netsurit,LAN Support - Netsurit,2026-04-01,50084
Opex,Opex,LAN Support - Netsurit,LAN Support - Netsurit,2026-05-31,50084
Opex,Opex,LAN Support - Netsurit,LAN Support - Netsurit,2026-06-30,50084
Opex,Opex,LAN Support - Netsurit,LAN Support - Netsurit,2026-07-01,50084
Opex,Opex,LAN Support - Netsurit,LAN Support - Netsurit,2026-08-01,50084
Opex,Opex,LAN Support - Netsurit,LAN Support - Netsurit,2026-09-01,50084
Opex,Opex,LAN Support - Netsurit,LAN Support - Netsurit,2026-10-01,50084
Opex,Opex,LAN Support - Netsurit,LAN Support - Netsurit,2026-11-01,50084
Opex,Opex,LAN Support - Netsurit,LAN Support - Netsurit,2026-12-01,50084
Opex,Opex,LAN Support - Netsurit,LAN Support - Netsurit,2027-01-01,50084
Opex,Opex,LAN Support - Netsurit,LAN Support - Netsurit,2027-02-01,50084
Opex,Opex,LAN Support - Netsurit,LAN Support - Netsurit,2027-03-01,53089
Opex,Opex,LAN Support - Netsurit,LAN Support - Netsurit,2027-04-01,53089
Opex,Opex,LAN Support - Netsurit,LAN Support - Netsurit,2027-05-31,53089
Opex,Opex,LAN Support - Netsurit,LAN Support - Netsurit,2027-06-30,53089
Opex,Opex,LAN Support - Netsurit,LAN Support - Netsurit,2027-07-01,53089
Opex,Opex,LAN Support - Netsurit,LAN Support - Netsurit,2027-08-01,53089
Opex,Opex,LAN Support - Netsurit,LAN Support - Netsurit,2027-09-01,53089
Opex,Opex,LAN Support - Netsurit,LAN Support - Netsurit,2027-10-01,53089
Opex,Opex,LAN Support - Netsurit,LAN Support - Netsurit,2027-11-01,53089
Opex,Opex,LAN Support - Netsurit,LAN Support - Netsurit,2027-12-01,53089
Opex,Opex,LAN Support - Netsurit,LAN Support - Netsurit,2028-01-01,53089
Opex,Opex,LAN Support - Netsurit,LAN Support - Netsurit,2028-02-01,53089
Opex,Opex,Cloud Hosting - Azure,Cloud Hosting - Azure,2023-03-31,179155
Opex,Opex,Cloud Hosting - Azure,Cloud Hosting - Azure,2023-04-30,170303
Opex,Opex,Cloud Hosting - Azure,Cloud Hosting - Azure,2023-05-31,183456
Opex,Opex,Cloud Hosting - Azure,Cloud Hosting - Azure,2023-06-30,158226
Opex,Opex,Cloud Hosting - Azure,Cloud Hosting - Azure,2023-07-31,144314
Opex,Opex,Cloud Hosting - Azure,Cloud Hosting - Azure,2023-08-31,152139
Opex,Opex,Cloud Hosting - Azure,Cloud Hosting - Azure,2023-09-30,147504
Opex,Opex,Cloud Hosting - Azure,Cloud Hosting - Azure,2023-10-31,135693
Opex,Opex,Cloud Hosting - Azure,Cloud Hosting - Azure,2023-11-30,130393
Opex,Opex,Cloud Hosting - Azure,Cloud Hosting - Azure,2023-12-31,167194
Opex,Opex,Cloud Hosting - Azure,Cloud Hosting - Azure,2024-01-31,154970
Opex,Opex,Cloud Hosting - Azure,Cloud Hosting - Azure,2024-02-29,132724
Opex,Opex,Cloud Hosting - Azure,Cloud Hosting - Azure,2024-03-31,132232
Opex,Opex,Cloud Hosting - Azure,Cloud Hosting - Azure,2024-04-30,136482
Opex,Opex,Cloud Hosting - Azure,Cloud Hosting - Azure,2024-05-31,157846
Opex,Opex,Cloud Hosting - Azure,Cloud Hosting - Azure,2024-06-30,214736
Opex,Opex,Cloud Hosting - Azure,Cloud Hosting - Azure,2024-07-31,141605
Opex,Opex,Cloud Hosting - Azure,Cloud Hosting - Azure,2024-08-31,135365
Opex,Opex,Cloud Hosting - Azure,Cloud Hosting - Azure,2024-09-30,131833
Opex,Opex,Cloud Hosting - Azure,Cloud Hosting - Azure,2024-10-31,147966
Opex,Opex,Cloud Hosting - Azure,Cloud Hosting - Azure,2024-11-30,140433
Opex,Opex,Cloud Hosting - Azure,Cloud Hosting - Azure,2024-12-31,138018
Opex,Opex,Cloud Hosting - Azure,Cloud Hosting - Azure,2025-01-31,131195
Opex,Opex,Cloud Hosting - Azure,Cloud Hosting - Azure,2025-02-28,127032
Opex,Opex,Cloud Hosting - Azure,Cloud Hosting - Azure,2025-03-31,145131
Opex,Opex,Cloud Hosting - Azure,Cloud Hosting - Azure,2025-04-30,155002
Opex,Opex,Cloud Hosting - Azure,Cloud Hosting - Azure,2025-05-31,144140
Opex,Opex,Cloud Hosting - Azure,Cloud Hosting - Azure,2025-06-30,138410
Opex,Opex,Cloud Hosting - Azure,Cloud Hosting - Azure,2025-07-01,136963
Opex,Opex,Cloud Hosting - Azure,Cloud Hosting - Azure,2025-08-01,132426
Opex,Opex,Cloud Hosting - Azure,Cloud Hosting - Azure,2025-09-01,128740
Opex,Opex,Cloud Hosting - Azure,Cloud Hosting - Azure,2025-10-01,131062
Opex,Opex,Cloud Hosting - Azure,Cloud Hosting - Azure,2025-11-01,125624
Opex,Opex,Cloud Hosting - Azure,Cloud Hosting - Azure,2025-12-01,120786
Opex,Opex,Cloud Hosting - Azure,Cloud Hosting - Azure,2026-01-01,112807.0
Opex,Opex,Cloud Hosting - Azure,Cloud Hosting - Azure,2026-02-01,104109.0
Opex,Opex,Cloud Hosting - Azure,Cloud Hosting - Azure,2026-03-01,132620
Opex,Opex,Cloud Hosting - Azure,Cloud Hosting - Azure,2026-04-01,132620
Opex,Opex,Cloud Hosting - Azure,Cloud Hosting - Azure,2026-05-31,132620
Opex,Opex,Cloud Hosting - Azure,Cloud Hosting - Azure,2026-06-30,132620
Opex,Opex,Cloud Hosting - Azure,Cloud Hosting - Azure,2026-07-01,132620
Opex,Opex,Cloud Hosting - Azure,Cloud Hosting - Azure,2026-08-01,132620
Opex,Opex,Cloud Hosting - Azure,Cloud Hosting - Azure,2026-09-01,132620
Opex,Opex,Cloud Hosting - Azure,Cloud Hosting - Azure,2026-10-01,132620
Opex,Opex,Cloud Hosting - Azure,Cloud Hosting - Azure,2026-11-01,132620
Opex,Opex,Cloud Hosting - Azure,Cloud Hosting - Azure,2026-12-01,132620
Opex,Opex,Cloud Hosting - Azure,Cloud Hosting - Azure,2027-01-01,132620
Opex,Opex,Cloud Hosting - Azure,Cloud Hosting - Azure,2027-02-01,132620
Opex,Opex,Cloud Hosting - Azure,Cloud Hosting - Azure,2027-03-01,140577
Opex,Opex,Cloud Hosting - Azure,Cloud Hosting - Azure,2027-04-01,140577
Opex,Opex,Cloud Hosting - Azure,Cloud Hosting - Azure,2027-05-31,140577
Opex,Opex,Cloud Hosting - Azure,Cloud Hosting - Azure,2027-06-30,140577
Opex,Opex,Cloud Hosting - Azure,Cloud Hosting - Azure,2027-07-01,140577
Opex,Opex,Cloud Hosting - Azure,Cloud Hosting - Azure,2027-08-01,140577
Opex,Opex,Cloud Hosting - Azure,Cloud Hosting - Azure,2027-09-01,140577
Opex,Opex,Cloud Hosting - Azure,Cloud Hosting - Azure,2027-10-01,140577
Opex,Opex,Cloud Hosting - Azure,Cloud Hosting - Azure,2027-11-01,140577
Opex,Opex,Cloud Hosting - Azure,Cloud Hosting - Azure,2027-12-01,140577
Opex,Opex,Cloud Hosting - Azure,Cloud Hosting - Azure,2028-01-01,140577
Opex,Opex,Cloud Hosting - Azure,Cloud Hosting - Azure,2028-02-01,140577
Opex,Opex,Fortigate ,Fortigate ,2023-03-31,
Opex,Opex,Fortigate ,Fortigate ,2023-04-30,0
Opex,Opex,Fortigate ,Fortigate ,2023-05-31,
Opex,Opex,Fortigate ,Fortigate ,2023-06-30,0
Opex,Opex,Fortigate ,Fortigate ,2023-07-31,
Opex,Opex,Fortigate ,Fortigate ,2023-08-31,15000
Opex,Opex,Fortigate ,Fortigate ,2023-09-30,15000
Opex,Opex,Fortigate ,Fortigate ,2023-10-31,15000
Opex,Opex,Fortigate ,Fortigate ,2023-11-30,15000
Opex,Opex,Fortigate ,Fortigate ,2023-12-31,15000
Opex,Opex,Fortigate ,Fortigate ,2024-01-31,15000
Opex,Opex,Fortigate ,Fortigate ,2024-02-29,-70167
Opex,Opex,Fortigate ,Fortigate ,2024-03-31,15000
Opex,Opex,Fortigate ,Fortigate ,2024-04-30,15000
Opex,Opex,Fortigate ,Fortigate ,2024-05-31,66810
Opex,Opex,Fortigate ,Fortigate ,2024-06-30,54126
Opex,Opex,Fortigate ,Fortigate ,2024-07-31,15000
Opex,Opex,Fortigate ,Fortigate ,2024-08-31,0
Opex,Opex,Fortigate ,Fortigate ,2024-09-30,0
Opex,Opex,Fortigate ,Fortigate ,2024-10-31,0
Opex,Opex,Fortigate ,Fortigate ,2024-11-30,0
Opex,Opex,Fortigate ,Fortigate ,2024-12-31,0
Opex,Opex,Fortigate ,Fortigate ,2025-01-31,0
Opex,Opex,Fortigate ,Fortigate ,2025-02-28,0
Opex,Opex,Fortigate ,Fortigate ,2025-03-31,0
Opex,Opex,Fortigate ,Fortigate ,2025-04-30,0
Opex,Opex,Fortigate ,Fortigate ,2025-05-31,0
Opex,Opex,Fortigate ,Fortigate ,2025-06-30,0
Opex,Opex,Fortigate ,Fortigate ,2025-07-01,0
Opex,Opex,Fortigate ,Fortigate ,2025-08-01,12000
Opex,Opex,Fortigate ,Fortigate ,2025-09-01,12000
Opex,Opex,Fortigate ,Fortigate ,2025-10-01,12000
Opex,Opex,Fortigate ,Fortigate ,2025-11-01,12000
Opex,Opex,Fortigate ,Fortigate ,2025-12-01,12000
Opex,Opex,Fortigate ,Fortigate ,2026-01-01,12000.0
Opex,Opex,Fortigate ,Fortigate ,2026-02-01,12000.0
Opex,Opex,Fortigate ,Fortigate ,2026-03-01,12000
Opex,Opex,Fortigate ,Fortigate ,2026-04-01,12000
Opex,Opex,Fortigate ,Fortigate ,2026-05-31,12000
Opex,Opex,Fortigate ,Fortigate ,2026-06-30,12000
Opex,Opex,Fortigate ,Fortigate ,2026-07-01,12000
Opex,Opex,Fortigate ,Fortigate ,2026-08-01,12000
Opex,Opex,Fortigate ,Fortigate ,2026-09-01,12000
Opex,Opex,Fortigate ,Fortigate ,2026-10-01,12000
Opex,Opex,Fortigate ,Fortigate ,2026-11-01,12000
Opex,Opex,Fortigate ,Fortigate ,2026-12-01,12000
Opex,Opex,Fortigate ,Fortigate ,2027-01-01,12000
Opex,Opex,Fortigate ,Fortigate ,2027-02-01,12000
Opex,Opex,Fortigate ,Fortigate ,2027-03-01,12000
Opex,Opex,Fortigate ,Fortigate ,2027-04-01,12000
Opex,Opex,Fortigate ,Fortigate ,2027-05-31,12000
Opex,Opex,Fortigate ,Fortigate ,2027-06-30,12000
Opex,Opex,Fortigate ,Fortigate ,2027-07-01,12000
Opex,Opex,Fortigate ,Fortigate ,2027-08-01,12000
Opex,Opex,Fortigate ,Fortigate ,2027-09-01,12000
Opex,Opex,Fortigate ,Fortigate ,2027-10-01,12000
Opex,Opex,Fortigate ,Fortigate ,2027-11-01,12000
Opex,Opex,Fortigate ,Fortigate ,2027-12-01,12000
Opex,Opex,Fortigate ,Fortigate ,2028-01-01,12000
Opex,Opex,Fortigate ,Fortigate ,2028-02-01,12000
Opex,Opex,Collections- pAIment ,Collections- pAIment ,2023-03-31,
Opex,Opex,Collections- pAIment ,Collections- pAIment ,2023-04-30,0
Opex,Opex,Collections- pAIment ,Collections- pAIment ,2023-05-31,0
Opex,Opex,Collections- pAIment ,Collections- pAIment ,2023-06-30,0
Opex,Opex,Collections- pAIment ,Collections- pAIment ,2023-07-31,0
Opex,Opex,Collections- pAIment ,Collections- pAIment ,2023-08-31,0
Opex,Opex,Collections- pAIment ,Collections- pAIment ,2023-09-30,0
Opex,Opex,Collections- pAIment ,Collections- pAIment ,2023-10-31,0
Opex,Opex,Collections- pAIment ,Collections- pAIment ,2023-11-30,0
Opex,Opex,Collections- pAIment ,Collections- pAIment ,2023-12-31,0
Opex,Opex,Collections- pAIment ,Collections- pAIment ,2024-01-31,0
Opex,Opex,Collections- pAIment ,Collections- pAIment ,2024-02-29,0
Opex,Opex,Collections- pAIment ,Collections- pAIment ,2024-03-31,0
Opex,Opex,Collections- pAIment ,Collections- pAIment ,2024-04-30,0
Opex,Opex,Collections- pAIment ,Collections- pAIment ,2024-05-31,0
Opex,Opex,Collections- pAIment ,Collections- pAIment ,2024-06-30,0
Opex,Opex,Collections- pAIment ,Collections- pAIment ,2024-07-31,0
Opex,Opex,Collections- pAIment ,Collections- pAIment ,2024-08-31,0
Opex,Opex,Collections- pAIment ,Collections- pAIment ,2024-09-30,680
Opex,Opex,Collections- pAIment ,Collections- pAIment ,2024-10-31,29140
Opex,Opex,Collections- pAIment ,Collections- pAIment ,2024-11-30,29328
Opex,Opex,Collections- pAIment ,Collections- pAIment ,2024-12-31,48256
Opex,Opex,Collections- pAIment ,Collections- pAIment ,2025-01-31,29523
Opex,Opex,Collections- pAIment ,Collections- pAIment ,2025-02-28,23459
Opex,Opex,Collections- pAIment ,Collections- pAIment ,2025-03-31,23856
Opex,Opex,Collections- pAIment ,Collections- pAIment ,2025-04-30,17614
Opex,Opex,Collections- pAIment ,Collections- pAIment ,2025-05-31,18340
Opex,Opex,Collections- pAIment ,Collections- pAIment ,2025-06-30,18802
Opex,Opex,Collections- pAIment ,Collections- pAIment ,2025-07-01,19763
Opex,Opex,Collections- pAIment ,Collections- pAIment ,2025-08-01,20786
Opex,Opex,Collections- pAIment ,Collections- pAIment ,2025-09-01,21876
Opex,Opex,Collections- pAIment ,Collections- pAIment ,2025-10-01,24127
Opex,Opex,Collections- pAIment ,Collections- pAIment ,2025-11-01,24682
Opex,Opex,Collections- pAIment ,Collections- pAIment ,2025-12-01,29412
Opex,Opex,Collections- pAIment ,Collections- pAIment ,2026-01-01,24674.0
Opex,Opex,Collections- pAIment ,Collections- pAIment ,2026-02-01,41241.0
Opex,Opex,Collections- pAIment ,Collections- pAIment ,2026-03-01,22581
Opex,Opex,Collections- pAIment ,Collections- pAIment ,2026-04-01,23187
Opex,Opex,Collections- pAIment ,Collections- pAIment ,2026-05-31,23842
Opex,Opex,Collections- pAIment ,Collections- pAIment ,2026-06-30,24550
Opex,Opex,Collections- pAIment ,Collections- pAIment ,2026-07-01,25314
Opex,Opex,Collections- pAIment ,Collections- pAIment ,2026-08-01,26139
Opex,Opex,Collections- pAIment ,Collections- pAIment ,2026-09-01,27030
Opex,Opex,Collections- pAIment ,Collections- pAIment ,2026-10-01,27993
Opex,Opex,Collections- pAIment ,Collections- pAIment ,2026-11-01,29032
Opex,Opex,Collections- pAIment ,Collections- pAIment ,2026-12-01,30154
Opex,Opex,Collections- pAIment ,Collections- pAIment ,2027-01-01,31367
Opex,Opex,Collections- pAIment ,Collections- pAIment ,2027-02-01,32676
Opex,Opex,Collections- pAIment ,Collections- pAIment ,2027-03-01,34637
Opex,Opex,Collections- pAIment ,Collections- pAIment ,2027-04-01,34637
Opex,Opex,Collections- pAIment ,Collections- pAIment ,2027-05-31,34637
Opex,Opex,Collections- pAIment ,Collections- pAIment ,2027-06-30,34637
Opex,Opex,Collections- pAIment ,Collections- pAIment ,2027-07-01,34637
Opex,Opex,Collections- pAIment ,Collections- pAIment ,2027-08-01,34637
Opex,Opex,Collections- pAIment ,Collections- pAIment ,2027-09-01,34637
Opex,Opex,Collections- pAIment ,Collections- pAIment ,2027-10-01,34637
Opex,Opex,Collections- pAIment ,Collections- pAIment ,2027-11-01,34637
Opex,Opex,Collections- pAIment ,Collections- pAIment ,2027-12-01,34637
Opex,Opex,Collections- pAIment ,Collections- pAIment ,2028-01-01,34637
Opex,Opex,Collections- pAIment ,Collections- pAIment ,2028-02-01,34637
Opex,Opex,Monday.com,Monday.com,2023-03-31,
Opex,Opex,Monday.com,Monday.com,2023-04-30,0
Opex,Opex,Monday.com,Monday.com,2023-05-31,0
Opex,Opex,Monday.com,Monday.com,2023-06-30,0
Opex,Opex,Monday.com,Monday.com,2023-07-31,0
Opex,Opex,Monday.com,Monday.com,2023-08-31,0
Opex,Opex,Monday.com,Monday.com,2023-09-30,0
Opex,Opex,Monday.com,Monday.com,2023-10-31,0
Opex,Opex,Monday.com,Monday.com,2023-11-30,0
Opex,Opex,Monday.com,Monday.com,2023-12-31,0
Opex,Opex,Monday.com,Monday.com,2024-01-31,0
Opex,Opex,Monday.com,Monday.com,2024-02-29,29282
Opex,Opex,Monday.com,Monday.com,2024-03-31,0
Opex,Opex,Monday.com,Monday.com,2024-04-30,0
Opex,Opex,Monday.com,Monday.com,2024-05-31,0
Opex,Opex,Monday.com,Monday.com,2024-06-30,0
Opex,Opex,Monday.com,Monday.com,2024-07-31,0
Opex,Opex,Monday.com,Monday.com,2024-08-31,0
Opex,Opex,Monday.com,Monday.com,2024-09-30,0
Opex,Opex,Monday.com,Monday.com,2024-10-31,0
Opex,Opex,Monday.com,Monday.com,2024-11-30,0
Opex,Opex,Monday.com,Monday.com,2024-12-31,0
Opex,Opex,Monday.com,Monday.com,2025-01-31,0
Opex,Opex,Monday.com,Monday.com,2025-02-28,4998
Opex,Opex,Monday.com,Monday.com,2025-03-31,5978
Opex,Opex,Monday.com,Monday.com,2025-04-30,5874
Opex,Opex,Monday.com,Monday.com,2025-05-31,7865
Opex,Opex,Monday.com,Monday.com,2025-06-30,5874
Opex,Opex,Monday.com,Monday.com,2025-07-01,5874
Opex,Opex,Monday.com,Monday.com,2025-08-01,5874
Opex,Opex,Monday.com,Monday.com,2025-09-01,5874
Opex,Opex,Monday.com,Monday.com,2025-10-01,5874
Opex,Opex,Monday.com,Monday.com,2025-11-01,5874
Opex,Opex,Monday.com,Monday.com,2025-12-01,5874
Opex,Opex,Monday.com,Monday.com,2026-01-01,5874.0
Opex,Opex,Monday.com,Monday.com,2026-02-01,1285.0
Opex,Opex,Monday.com,Monday.com,2026-03-01,4998
Opex,Opex,Monday.com,Monday.com,2026-04-01,4998
Opex,Opex,Monday.com,Monday.com,2026-05-31,4998
Opex,Opex,Monday.com,Monday.com,2026-06-30,4998
Opex,Opex,Monday.com,Monday.com,2026-07-01,4998
Opex,Opex,Monday.com,Monday.com,2026-08-01,4998
Opex,Opex,Monday.com,Monday.com,2026-09-01,4998
Opex,Opex,Monday.com,Monday.com,2026-10-01,4998
Opex,Opex,Monday.com,Monday.com,2026-11-01,4998
Opex,Opex,Monday.com,Monday.com,2026-12-01,4998
Opex,Opex,Monday.com,Monday.com,2027-01-01,4998
Opex,Opex,Monday.com,Monday.com,2027-02-01,4998
Opex,Opex,Monday.com,Monday.com,2027-03-01,4998
Opex,Opex,Monday.com,Monday.com,2027-04-01,4998
Opex,Opex,Monday.com,Monday.com,2027-05-31,4998
Opex,Opex,Monday.com,Monday.com,2027-06-30,4998
Opex,Opex,Monday.com,Monday.com,2027-07-01,4998
Opex,Opex,Monday.com,Monday.com,2027-08-01,4998
Opex,Opex,Monday.com,Monday.com,2027-09-01,4998
Opex,Opex,Monday.com,Monday.com,2027-10-01,4998
Opex,Opex,Monday.com,Monday.com,2027-11-01,4998
Opex,Opex,Monday.com,Monday.com,2027-12-01,4998
Opex,Opex,Monday.com,Monday.com,2028-01-01,4998
Opex,Opex,Monday.com,Monday.com,2028-02-01,4998
Opex,Opex,Licensing - Freshworks,Licensing - Freshworks,2023-03-31,
Opex,Opex,Licensing - Freshworks,Licensing - Freshworks,2023-04-30,0
Opex,Opex,Licensing - Freshworks,Licensing - Freshworks,2023-05-31,0
Opex,Opex,Licensing - Freshworks,Licensing - Freshworks,2023-06-30,0
Opex,Opex,Licensing - Freshworks,Licensing - Freshworks,2023-07-31,6216
Opex,Opex,Licensing - Freshworks,Licensing - Freshworks,2023-08-31,6216
Opex,Opex,Licensing - Freshworks,Licensing - Freshworks,2023-09-30,6216
Opex,Opex,Licensing - Freshworks,Licensing - Freshworks,2023-10-31,6216
Opex,Opex,Licensing - Freshworks,Licensing - Freshworks,2023-11-30,6216
Opex,Opex,Licensing - Freshworks,Licensing - Freshworks,2023-12-31,6216
Opex,Opex,Licensing - Freshworks,Licensing - Freshworks,2024-01-31,7149
Opex,Opex,Licensing - Freshworks,Licensing - Freshworks,2024-02-29,7149
Opex,Opex,Licensing - Freshworks,Licensing - Freshworks,2024-03-31,14299
Opex,Opex,Licensing - Freshworks,Licensing - Freshworks,2024-04-30,14299
Opex,Opex,Licensing - Freshworks,Licensing - Freshworks,2024-05-31,14299
Opex,Opex,Licensing - Freshworks,Licensing - Freshworks,2024-06-30,14929
Opex,Opex,Licensing - Freshworks,Licensing - Freshworks,2024-07-31,14929
Opex,Opex,Licensing - Freshworks,Licensing - Freshworks,2024-08-31,14299
Opex,Opex,Licensing - Freshworks,Licensing - Freshworks,2024-09-30,14299
Opex,Opex,Licensing - Freshworks,Licensing - Freshworks,2024-10-31,14299
Opex,Opex,Licensing - Freshworks,Licensing - Freshworks,2024-11-30,14299
Opex,Opex,Licensing - Freshworks,Licensing - Freshworks,2024-12-31,23565
Opex,Opex,Licensing - Freshworks,Licensing - Freshworks,2025-01-31,33734
Opex,Opex,Licensing - Freshworks,Licensing - Freshworks,2025-02-28,28219
Opex,Opex,Licensing - Freshworks,Licensing - Freshworks,2025-03-31,33748
Opex,Opex,Licensing - Freshworks,Licensing - Freshworks,2025-04-30,33748
Opex,Opex,Licensing - Freshworks,Licensing - Freshworks,2025-05-31,28219
Opex,Opex,Licensing - Freshworks,Licensing - Freshworks,2025-06-30,33642
Opex,Opex,Licensing - Freshworks,Licensing - Freshworks,2025-07-01,28219
Opex,Opex,Licensing - Freshworks,Licensing - Freshworks,2025-08-01,28219
Opex,Opex,Licensing - Freshworks,Licensing - Freshworks,2025-09-01,33549
Opex,Opex,Licensing - Freshworks,Licensing - Freshworks,2025-10-01,15633
Opex,Opex,Licensing - Freshworks,Licensing - Freshworks,2025-11-01,61643
Opex,Opex,Licensing - Freshworks,Licensing - Freshworks,2025-12-01,28219
Opex,Opex,Licensing - Freshworks,Licensing - Freshworks,2026-01-01,24541.0
Opex,Opex,Licensing - Freshworks,Licensing - Freshworks,2026-02-01,29346.0
Opex,Opex,Licensing - Freshworks,Licensing - Freshworks,2026-03-01,35434
Opex,Opex,Licensing - Freshworks,Licensing - Freshworks,2026-04-01,35434
Opex,Opex,Licensing - Freshworks,Licensing - Freshworks,2026-05-31,35434
Opex,Opex,Licensing - Freshworks,Licensing - Freshworks,2026-06-30,35434
Opex,Opex,Licensing - Freshworks,Licensing - Freshworks,2026-07-01,35434
Opex,Opex,Licensing - Freshworks,Licensing - Freshworks,2026-08-01,35434
Opex,Opex,Licensing - Freshworks,Licensing - Freshworks,2026-09-01,35434
Opex,Opex,Licensing - Freshworks,Licensing - Freshworks,2026-10-01,35434
Opex,Opex,Licensing - Freshworks,Licensing - Freshworks,2026-11-01,35434
Opex,Opex,Licensing - Freshworks,Licensing - Freshworks,2026-12-01,35434
Opex,Opex,Licensing - Freshworks,Licensing - Freshworks,2027-01-01,35434
Opex,Opex,Licensing - Freshworks,Licensing - Freshworks,2027-02-01,35434
Opex,Opex,Licensing - Freshworks,Licensing - Freshworks,2027-03-01,37560
Opex,Opex,Licensing - Freshworks,Licensing - Freshworks,2027-04-01,37560
Opex,Opex,Licensing - Freshworks,Licensing - Freshworks,2027-05-31,37560
Opex,Opex,Licensing - Freshworks,Licensing - Freshworks,2027-06-30,37560
Opex,Opex,Licensing - Freshworks,Licensing - Freshworks,2027-07-01,37560
Opex,Opex,Licensing - Freshworks,Licensing - Freshworks,2027-08-01,37560
Opex,Opex,Licensing - Freshworks,Licensing - Freshworks,2027-09-01,37560
Opex,Opex,Licensing - Freshworks,Licensing - Freshworks,2027-10-01,37560
Opex,Opex,Licensing - Freshworks,Licensing - Freshworks,2027-11-01,37560
Opex,Opex,Licensing - Freshworks,Licensing - Freshworks,2027-12-01,37560
Opex,Opex,Licensing - Freshworks,Licensing - Freshworks,2028-01-01,37560
Opex,Opex,Licensing - Freshworks,Licensing - Freshworks,2028-02-01,37560
Opex,Opex,Licensing - Nineteen58,Licensing - Nineteen58,2023-03-31,
Opex,Opex,Licensing - Nineteen58,Licensing - Nineteen58,2023-04-30,
Opex,Opex,Licensing - Nineteen58,Licensing - Nineteen58,2023-05-31,
Opex,Opex,Licensing - Nineteen58,Licensing - Nineteen58,2023-06-30,
Opex,Opex,Licensing - Nineteen58,Licensing - Nineteen58,2023-07-31,
Opex,Opex,Licensing - Nineteen58,Licensing - Nineteen58,2023-08-31,
Opex,Opex,Licensing - Nineteen58,Licensing - Nineteen58,2023-09-30,
Opex,Opex,Licensing - Nineteen58,Licensing - Nineteen58,2023-10-31,
Opex,Opex,Licensing - Nineteen58,Licensing - Nineteen58,2023-11-30,
Opex,Opex,Licensing - Nineteen58,Licensing - Nineteen58,2023-12-31,0
Opex,Opex,Licensing - Nineteen58,Licensing - Nineteen58,2024-01-31,0
Opex,Opex,Licensing - Nineteen58,Licensing - Nineteen58,2024-02-29,0
Opex,Opex,Licensing - Nineteen58,Licensing - Nineteen58,2024-03-31,0
Opex,Opex,Licensing - Nineteen58,Licensing - Nineteen58,2024-04-30,0
Opex,Opex,Licensing - Nineteen58,Licensing - Nineteen58,2024-05-31,0
Opex,Opex,Licensing - Nineteen58,Licensing - Nineteen58,2024-06-30,0
Opex,Opex,Licensing - Nineteen58,Licensing - Nineteen58,2024-07-31,0
Opex,Opex,Licensing - Nineteen58,Licensing - Nineteen58,2024-08-31,0
Opex,Opex,Licensing - Nineteen58,Licensing - Nineteen58,2024-09-30,0
Opex,Opex,Licensing - Nineteen58,Licensing - Nineteen58,2024-10-31,0
Opex,Opex,Licensing - Nineteen58,Licensing - Nineteen58,2024-11-30,0
Opex,Opex,Licensing - Nineteen58,Licensing - Nineteen58,2024-12-31,0
Opex,Opex,Licensing - Nineteen58,Licensing - Nineteen58,2025-01-31,0
Opex,Opex,Licensing - Nineteen58,Licensing - Nineteen58,2025-02-28,0
Opex,Opex,Licensing - Nineteen58,Licensing - Nineteen58,2025-03-31,0
Opex,Opex,Licensing - Nineteen58,Licensing - Nineteen58,2025-04-30,0
Opex,Opex,Licensing - Nineteen58,Licensing - Nineteen58,2025-05-31,0
Opex,Opex,Licensing - Nineteen58,Licensing - Nineteen58,2025-06-30,14675
Opex,Opex,Licensing - Nineteen58,Licensing - Nineteen58,2025-07-01,18276
Opex,Opex,Licensing - Nineteen58,Licensing - Nineteen58,2025-08-01,19324
Opex,Opex,Licensing - Nineteen58,Licensing - Nineteen58,2025-09-01,31340
Opex,Opex,Licensing - Nineteen58,Licensing - Nineteen58,2025-10-01,37798
Opex,Opex,Licensing - Nineteen58,Licensing - Nineteen58,2025-11-01,37660
Opex,Opex,Licensing - Nineteen58,Licensing - Nineteen58,2025-12-01,37932
Opex,Opex,Licensing - Nineteen58,Licensing - Nineteen58,2026-01-01,20461.0
Opex,Opex,Licensing - Nineteen58,Licensing - Nineteen58,2026-02-01,40233.0
Opex,Opex,Licensing - Nineteen58,Licensing - Nineteen58,2026-03-01,37932
Opex,Opex,Licensing - Nineteen58,Licensing - Nineteen58,2026-04-01,37932
Opex,Opex,Licensing - Nineteen58,Licensing - Nineteen58,2026-05-31,37932
Opex,Opex,Licensing - Nineteen58,Licensing - Nineteen58,2026-06-30,37932
Opex,Opex,Licensing - Nineteen58,Licensing - Nineteen58,2026-07-01,37932
Opex,Opex,Licensing - Nineteen58,Licensing - Nineteen58,2026-08-01,37932
Opex,Opex,Licensing - Nineteen58,Licensing - Nineteen58,2026-09-01,37932
Opex,Opex,Licensing - Nineteen58,Licensing - Nineteen58,2026-10-01,37932
Opex,Opex,Licensing - Nineteen58,Licensing - Nineteen58,2026-11-01,37932
Opex,Opex,Licensing - Nineteen58,Licensing - Nineteen58,2026-12-01,37932
Opex,Opex,Licensing - Nineteen58,Licensing - Nineteen58,2027-01-01,37932
Opex,Opex,Licensing - Nineteen58,Licensing - Nineteen58,2027-02-01,37932
Opex,Opex,Licensing - Nineteen58,Licensing - Nineteen58,2027-03-01,37932
Opex,Opex,Licensing - Nineteen58,Licensing - Nineteen58,2027-04-01,37932
Opex,Opex,Licensing - Nineteen58,Licensing - Nineteen58,2027-05-31,37932
Opex,Opex,Licensing - Nineteen58,Licensing - Nineteen58,2027-06-30,37932
Opex,Opex,Licensing - Nineteen58,Licensing - Nineteen58,2027-07-01,37932
Opex,Opex,Licensing - Nineteen58,Licensing - Nineteen58,2027-08-01,37932
Opex,Opex,Licensing - Nineteen58,Licensing - Nineteen58,2027-09-01,37932
Opex,Opex,Licensing - Nineteen58,Licensing - Nineteen58,2027-10-01,37932
Opex,Opex,Licensing - Nineteen58,Licensing - Nineteen58,2027-11-01,37932
Opex,Opex,Licensing - Nineteen58,Licensing - Nineteen58,2027-12-01,37932
Opex,Opex,Licensing - Nineteen58,Licensing - Nineteen58,2028-01-01,37932
Opex,Opex,Licensing - Nineteen58,Licensing - Nineteen58,2028-02-01,37932
Opex,Opex,Licensing WI Group- Campign fees,Licensing WI Group- Campign fees,2023-03-31,41226
Opex,Opex,Licensing WI Group- Campign fees,Licensing WI Group- Campign fees,2023-04-30,41459
Opex,Opex,Licensing WI Group- Campign fees,Licensing WI Group- Campign fees,2023-05-31,41472
Opex,Opex,Licensing WI Group- Campign fees,Licensing WI Group- Campign fees,2023-06-30,42038
Opex,Opex,Licensing WI Group- Campign fees,Licensing WI Group- Campign fees,2023-07-31,41829
Opex,Opex,Licensing WI Group- Campign fees,Licensing WI Group- Campign fees,2023-08-31,41917
Opex,Opex,Licensing WI Group- Campign fees,Licensing WI Group- Campign fees,2023-09-30,41742
Opex,Opex,Licensing WI Group- Campign fees,Licensing WI Group- Campign fees,2023-10-31,41150
Opex,Opex,Licensing WI Group- Campign fees,Licensing WI Group- Campign fees,2023-11-30,43480
Opex,Opex,Licensing WI Group- Campign fees,Licensing WI Group- Campign fees,2023-12-31,43348
Opex,Opex,Licensing WI Group- Campign fees,Licensing WI Group- Campign fees,2024-01-31,43563
Opex,Opex,Licensing WI Group- Campign fees,Licensing WI Group- Campign fees,2024-02-29,43691
Opex,Opex,Licensing WI Group- Campign fees,Licensing WI Group- Campign fees,2024-03-31,43724
Opex,Opex,Licensing WI Group- Campign fees,Licensing WI Group- Campign fees,2024-04-30,43831
Opex,Opex,Licensing WI Group- Campign fees,Licensing WI Group- Campign fees,2024-05-31,43668
Opex,Opex,Licensing WI Group- Campign fees,Licensing WI Group- Campign fees,2024-06-30,44038
Opex,Opex,Licensing WI Group- Campign fees,Licensing WI Group- Campign fees,2024-07-31,44437
Opex,Opex,Licensing WI Group- Campign fees,Licensing WI Group- Campign fees,2024-08-31,44330
Opex,Opex,Licensing WI Group- Campign fees,Licensing WI Group- Campign fees,2024-09-30,44499
Opex,Opex,Licensing WI Group- Campign fees,Licensing WI Group- Campign fees,2024-10-31,44615
Opex,Opex,Licensing WI Group- Campign fees,Licensing WI Group- Campign fees,2024-11-30,44735
Opex,Opex,Licensing WI Group- Campign fees,Licensing WI Group- Campign fees,2024-12-31,15000
Opex,Opex,Licensing WI Group- Campign fees,Licensing WI Group- Campign fees,2025-01-31,15000
Opex,Opex,Licensing WI Group- Campign fees,Licensing WI Group- Campign fees,2025-02-28,18607
Opex,Opex,Licensing WI Group- Campign fees,Licensing WI Group- Campign fees,2025-03-31,16832
Opex,Opex,Licensing WI Group- Campign fees,Licensing WI Group- Campign fees,2025-04-30,16907
Opex,Opex,Licensing WI Group- Campign fees,Licensing WI Group- Campign fees,2025-05-31,16511
Opex,Opex,Licensing WI Group- Campign fees,Licensing WI Group- Campign fees,2025-06-30,16807
Opex,Opex,Licensing WI Group- Campign fees,Licensing WI Group- Campign fees,2025-07-01,16898
Opex,Opex,Licensing WI Group- Campign fees,Licensing WI Group- Campign fees,2025-08-01,16921
Opex,Opex,Licensing WI Group- Campign fees,Licensing WI Group- Campign fees,2025-09-01,16320
Opex,Opex,Licensing WI Group- Campign fees,Licensing WI Group- Campign fees,2025-10-01,16845
Opex,Opex,Licensing WI Group- Campign fees,Licensing WI Group- Campign fees,2025-11-01,16883
Opex,Opex,Licensing WI Group- Campign fees,Licensing WI Group- Campign fees,2025-12-01,16905
Opex,Opex,Licensing WI Group- Campign fees,Licensing WI Group- Campign fees,2026-01-01,16980.0
Opex,Opex,Licensing WI Group- Campign fees,Licensing WI Group- Campign fees,2026-02-01,17488.0
Opex,Opex,Licensing WI Group- Campign fees,Licensing WI Group- Campign fees,2026-03-01,17750
Opex,Opex,Licensing WI Group- Campign fees,Licensing WI Group- Campign fees,2026-04-01,17750
Opex,Opex,Licensing WI Group- Campign fees,Licensing WI Group- Campign fees,2026-05-31,17750
Opex,Opex,Licensing WI Group- Campign fees,Licensing WI Group- Campign fees,2026-06-30,17750
Opex,Opex,Licensing WI Group- Campign fees,Licensing WI Group- Campign fees,2026-07-01,17750
Opex,Opex,Licensing WI Group- Campign fees,Licensing WI Group- Campign fees,2026-08-01,17750
Opex,Opex,Licensing WI Group- Campign fees,Licensing WI Group- Campign fees,2026-09-01,17750
Opex,Opex,Licensing WI Group- Campign fees,Licensing WI Group- Campign fees,2026-10-01,17750
Opex,Opex,Licensing WI Group- Campign fees,Licensing WI Group- Campign fees,2026-11-01,17750
Opex,Opex,Licensing WI Group- Campign fees,Licensing WI Group- Campign fees,2026-12-01,17750
Opex,Opex,Licensing WI Group- Campign fees,Licensing WI Group- Campign fees,2027-01-01,17750
Opex,Opex,Licensing WI Group- Campign fees,Licensing WI Group- Campign fees,2027-02-01,17750
Opex,Opex,Licensing WI Group- Campign fees,Licensing WI Group- Campign fees,2027-03-01,18815
Opex,Opex,Licensing WI Group- Campign fees,Licensing WI Group- Campign fees,2027-04-01,18815
Opex,Opex,Licensing WI Group- Campign fees,Licensing WI Group- Campign fees,2027-05-31,18815
Opex,Opex,Licensing WI Group- Campign fees,Licensing WI Group- Campign fees,2027-06-30,18815
Opex,Opex,Licensing WI Group- Campign fees,Licensing WI Group- Campign fees,2027-07-01,18815
Opex,Opex,Licensing WI Group- Campign fees,Licensing WI Group- Campign fees,2027-08-01,18815
Opex,Opex,Licensing WI Group- Campign fees,Licensing WI Group- Campign fees,2027-09-01,18815
Opex,Opex,Licensing WI Group- Campign fees,Licensing WI Group- Campign fees,2027-10-01,18815
Opex,Opex,Licensing WI Group- Campign fees,Licensing WI Group- Campign fees,2027-11-01,18815
Opex,Opex,Licensing WI Group- Campign fees,Licensing WI Group- Campign fees,2027-12-01,18815
Opex,Opex,Licensing WI Group- Campign fees,Licensing WI Group- Campign fees,2028-01-01,18815
Opex,Opex,Licensing WI Group- Campign fees,Licensing WI Group- Campign fees,2028-02-01,18815
Opex,Opex,Licensing - other,Licensing - other,2023-03-31,
Opex,Opex,Licensing - other,Licensing - other,2023-04-30,0
Opex,Opex,Licensing - other,Licensing - other,2023-05-31,8709
Opex,Opex,Licensing - other,Licensing - other,2023-06-30,9502
Opex,Opex,Licensing - other,Licensing - other,2023-07-31,0
Opex,Opex,Licensing - other,Licensing - other,2023-08-31,7761
Opex,Opex,Licensing - other,Licensing - other,2023-09-30,81564
Opex,Opex,Licensing - other,Licensing - other,2023-10-31,0
Opex,Opex,Licensing - other,Licensing - other,2023-11-30,
Opex,Opex,Licensing - other,Licensing - other,2023-12-31,0
Opex,Opex,Licensing - other,Licensing - other,2024-01-31,0
Opex,Opex,Licensing - other,Licensing - other,2024-02-29,0
Opex,Opex,Licensing - other,Licensing - other,2024-03-31,0
Opex,Opex,Licensing - other,Licensing - other,2024-04-30,0
Opex,Opex,Licensing - other,Licensing - other,2024-05-31,0
Opex,Opex,Licensing - other,Licensing - other,2024-06-30,0
Opex,Opex,Licensing - other,Licensing - other,2024-07-31,0
Opex,Opex,Licensing - other,Licensing - other,2024-08-31,0
Opex,Opex,Licensing - other,Licensing - other,2024-09-30,0
Opex,Opex,Licensing - other,Licensing - other,2024-10-31,735
Opex,Opex,Licensing - other,Licensing - other,2024-11-30,0
Opex,Opex,Licensing - other,Licensing - other,2024-12-31,4466
Opex,Opex,Licensing - other,Licensing - other,2025-01-31,0
Opex,Opex,Licensing - other,Licensing - other,2025-02-28,0
Opex,Opex,Licensing - other,Licensing - other,2025-03-31,0
Opex,Opex,Licensing - other,Licensing - other,2025-04-30,0
Opex,Opex,Licensing - other,Licensing - other,2025-05-31,0
Opex,Opex,Licensing - other,Licensing - other,2025-06-30,0
Opex,Opex,Licensing - other,Licensing - other,2025-07-01,0
Opex,Opex,Licensing - other,Licensing - other,2025-08-01,0
Opex,Opex,Licensing - other,Licensing - other,2025-09-01,0
Opex,Opex,Licensing - other,Licensing - other,2025-10-01,0
Opex,Opex,Licensing - other,Licensing - other,2025-11-01,0
Opex,Opex,Licensing - other,Licensing - other,2025-12-01,0
Opex,Opex,Licensing - other,Licensing - other,2026-01-01,0
Opex,Opex,Licensing - other,Licensing - other,2026-02-01,0
Opex,Opex,Licensing - other,Licensing - other,2026-03-01,
Opex,Opex,Licensing - other,Licensing - other,2026-04-01,
Opex,Opex,Licensing - other,Licensing - other,2026-05-31,
Opex,Opex,Licensing - other,Licensing - other,2026-06-30,
Opex,Opex,Licensing - other,Licensing - other,2026-07-01,
Opex,Opex,Licensing - other,Licensing - other,2026-08-01,
Opex,Opex,Licensing - other,Licensing - other,2026-09-01,
Opex,Opex,Licensing - other,Licensing - other,2026-10-01,
Opex,Opex,Licensing - other,Licensing - other,2026-11-01,
Opex,Opex,Licensing - other,Licensing - other,2026-12-01,
Opex,Opex,Licensing - other,Licensing - other,2027-01-01,
Opex,Opex,Licensing - other,Licensing - other,2027-02-01,
Opex,Opex,Licensing - other,Licensing - other,2027-03-01,0
Opex,Opex,Licensing - other,Licensing - other,2027-04-01,0
Opex,Opex,Licensing - other,Licensing - other,2027-05-31,0
Opex,Opex,Licensing - other,Licensing - other,2027-06-30,0
Opex,Opex,Licensing - other,Licensing - other,2027-07-01,0
Opex,Opex,Licensing - other,Licensing - other,2027-08-01,0
Opex,Opex,Licensing - other,Licensing - other,2027-09-01,0
Opex,Opex,Licensing - other,Licensing - other,2027-10-01,0
Opex,Opex,Licensing - other,Licensing - other,2027-11-01,0
Opex,Opex,Licensing - other,Licensing - other,2027-12-01,0
Opex,Opex,Licensing - other,Licensing - other,2028-01-01,0
Opex,Opex,Licensing - other,Licensing - other,2028-02-01,0
Opex,Opex,Licensing - Engaige Platform,Licensing - Engaige Platform,2023-03-31,
Opex,Opex,Licensing - Engaige Platform,Licensing - Engaige Platform,2023-04-30,0
Opex,Opex,Licensing - Engaige Platform,Licensing - Engaige Platform,2023-05-31,
Opex,Opex,Licensing - Engaige Platform,Licensing - Engaige Platform,2023-06-30,0
Opex,Opex,Licensing - Engaige Platform,Licensing - Engaige Platform,2023-07-31,0
Opex,Opex,Licensing - Engaige Platform,Licensing - Engaige Platform,2023-08-31,0
Opex,Opex,Licensing - Engaige Platform,Licensing - Engaige Platform,2023-09-30,0
Opex,Opex,Licensing - Engaige Platform,Licensing - Engaige Platform,2023-10-31,0
Opex,Opex,Licensing - Engaige Platform,Licensing - Engaige Platform,2023-11-30,0
Opex,Opex,Licensing - Engaige Platform,Licensing - Engaige Platform,2023-12-31,0
Opex,Opex,Licensing - Engaige Platform,Licensing - Engaige Platform,2024-01-31,0
Opex,Opex,Licensing - Engaige Platform,Licensing - Engaige Platform,2024-02-29,0
Opex,Opex,Licensing - Engaige Platform,Licensing - Engaige Platform,2024-03-31,0
Opex,Opex,Licensing - Engaige Platform,Licensing - Engaige Platform,2024-04-30,0
Opex,Opex,Licensing - Engaige Platform,Licensing - Engaige Platform,2024-05-31,0
Opex,Opex,Licensing - Engaige Platform,Licensing - Engaige Platform,2024-06-30,0
Opex,Opex,Licensing - Engaige Platform,Licensing - Engaige Platform,2024-07-31,0
Opex,Opex,Licensing - Engaige Platform,Licensing - Engaige Platform,2024-08-31,0
Opex,Opex,Licensing - Engaige Platform,Licensing - Engaige Platform,2024-09-30,0
Opex,Opex,Licensing - Engaige Platform,Licensing - Engaige Platform,2024-10-31,0
Opex,Opex,Licensing - Engaige Platform,Licensing - Engaige Platform,2024-11-30,0
Opex,Opex,Licensing - Engaige Platform,Licensing - Engaige Platform,2024-12-31,0
Opex,Opex,Licensing - Engaige Platform,Licensing - Engaige Platform,2025-01-31,0
Opex,Opex,Licensing - Engaige Platform,Licensing - Engaige Platform,2025-02-28,0
Opex,Opex,Licensing - Engaige Platform,Licensing - Engaige Platform,2025-03-31,30000
Opex,Opex,Licensing - Engaige Platform,Licensing - Engaige Platform,2025-04-30,30000
Opex,Opex,Licensing - Engaige Platform,Licensing - Engaige Platform,2025-05-31,30000
Opex,Opex,Licensing - Engaige Platform,Licensing - Engaige Platform,2025-06-30,10000
Opex,Opex,Licensing - Engaige Platform,Licensing - Engaige Platform,2025-07-01,11966
Opex,Opex,Licensing - Engaige Platform,Licensing - Engaige Platform,2025-08-01,20000
Opex,Opex,Licensing - Engaige Platform,Licensing - Engaige Platform,2025-09-01,20000
Opex,Opex,Licensing - Engaige Platform,Licensing - Engaige Platform,2025-10-01,29929
Opex,Opex,Licensing - Engaige Platform,Licensing - Engaige Platform,2025-11-01,39156
Opex,Opex,Licensing - Engaige Platform,Licensing - Engaige Platform,2025-12-01,56176
Opex,Opex,Licensing - Engaige Platform,Licensing - Engaige Platform,2026-01-01,59811.0
Opex,Opex,Licensing - Engaige Platform,Licensing - Engaige Platform,2026-02-01,56567.0
Opex,Opex,Licensing - Engaige Platform,Licensing - Engaige Platform,2026-03-01,58985
Opex,Opex,Licensing - Engaige Platform,Licensing - Engaige Platform,2026-04-01,58985
Opex,Opex,Licensing - Engaige Platform,Licensing - Engaige Platform,2026-05-31,58985
Opex,Opex,Licensing - Engaige Platform,Licensing - Engaige Platform,2026-06-30,58985
Opex,Opex,Licensing - Engaige Platform,Licensing - Engaige Platform,2026-07-01,58985
Opex,Opex,Licensing - Engaige Platform,Licensing - Engaige Platform,2026-08-01,58985
Opex,Opex,Licensing - Engaige Platform,Licensing - Engaige Platform,2026-09-01,58985
Opex,Opex,Licensing - Engaige Platform,Licensing - Engaige Platform,2026-10-01,58985
Opex,Opex,Licensing - Engaige Platform,Licensing - Engaige Platform,2026-11-01,58985
Opex,Opex,Licensing - Engaige Platform,Licensing - Engaige Platform,2026-12-01,58985
Opex,Opex,Licensing - Engaige Platform,Licensing - Engaige Platform,2027-01-01,58985
Opex,Opex,Licensing - Engaige Platform,Licensing - Engaige Platform,2027-02-01,58985
Opex,Opex,Licensing - Engaige Platform,Licensing - Engaige Platform,2027-03-01,62524
Opex,Opex,Licensing - Engaige Platform,Licensing - Engaige Platform,2027-04-01,62524
Opex,Opex,Licensing - Engaige Platform,Licensing - Engaige Platform,2027-05-31,62524
Opex,Opex,Licensing - Engaige Platform,Licensing - Engaige Platform,2027-06-30,62524
Opex,Opex,Licensing - Engaige Platform,Licensing - Engaige Platform,2027-07-01,62524
Opex,Opex,Licensing - Engaige Platform,Licensing - Engaige Platform,2027-08-01,62524
Opex,Opex,Licensing - Engaige Platform,Licensing - Engaige Platform,2027-09-01,62524
Opex,Opex,Licensing - Engaige Platform,Licensing - Engaige Platform,2027-10-01,62524
Opex,Opex,Licensing - Engaige Platform,Licensing - Engaige Platform,2027-11-01,62524
Opex,Opex,Licensing - Engaige Platform,Licensing - Engaige Platform,2027-12-01,62524
Opex,Opex,Licensing - Engaige Platform,Licensing - Engaige Platform,2028-01-01,62524
Opex,Opex,Licensing - Engaige Platform,Licensing - Engaige Platform,2028-02-01,62524
Opex,Opex,Licensing - Amazon,Licensing - Amazon,2023-03-31,7048
Opex,Opex,Licensing - Amazon,Licensing - Amazon,2023-04-30,6463
Opex,Opex,Licensing - Amazon,Licensing - Amazon,2023-05-31,6290
Opex,Opex,Licensing - Amazon,Licensing - Amazon,2023-06-30,6605
Opex,Opex,Licensing - Amazon,Licensing - Amazon,2023-07-31,7338
Opex,Opex,Licensing - Amazon,Licensing - Amazon,2023-08-31,7519
Opex,Opex,Licensing - Amazon,Licensing - Amazon,2023-09-30,6654
Opex,Opex,Licensing - Amazon,Licensing - Amazon,2023-10-31,6853
Opex,Opex,Licensing - Amazon,Licensing - Amazon,2023-11-30,7335
Opex,Opex,Licensing - Amazon,Licensing - Amazon,2023-12-31,7657
Opex,Opex,Licensing - Amazon,Licensing - Amazon,2024-01-31,7989
Opex,Opex,Licensing - Amazon,Licensing - Amazon,2024-02-29,8811
Opex,Opex,Licensing - Amazon,Licensing - Amazon,2024-03-31,8288
Opex,Opex,Licensing - Amazon,Licensing - Amazon,2024-04-30,9706
Opex,Opex,Licensing - Amazon,Licensing - Amazon,2024-05-31,8234
Opex,Opex,Licensing - Amazon,Licensing - Amazon,2024-06-30,8284
Opex,Opex,Licensing - Amazon,Licensing - Amazon,2024-07-31,8150
Opex,Opex,Licensing - Amazon,Licensing - Amazon,2024-08-31,10512
Opex,Opex,Licensing - Amazon,Licensing - Amazon,2024-09-30,11214
Opex,Opex,Licensing - Amazon,Licensing - Amazon,2024-10-31,9537
Opex,Opex,Licensing - Amazon,Licensing - Amazon,2024-11-30,8438
Opex,Opex,Licensing - Amazon,Licensing - Amazon,2024-12-31,10222
Opex,Opex,Licensing - Amazon,Licensing - Amazon,2025-01-31,14571
Opex,Opex,Licensing - Amazon,Licensing - Amazon,2025-02-28,16540
Opex,Opex,Licensing - Amazon,Licensing - Amazon,2025-03-31,17064
Opex,Opex,Licensing - Amazon,Licensing - Amazon,2025-04-30,13169
Opex,Opex,Licensing - Amazon,Licensing - Amazon,2025-05-31,13614
Opex,Opex,Licensing - Amazon,Licensing - Amazon,2025-06-30,13279
Opex,Opex,Licensing - Amazon,Licensing - Amazon,2025-07-01,12722
Opex,Opex,Licensing - Amazon,Licensing - Amazon,2025-08-01,13754
Opex,Opex,Licensing - Amazon,Licensing - Amazon,2025-09-01,14105
Opex,Opex,Licensing - Amazon,Licensing - Amazon,2025-10-01,13600
Opex,Opex,Licensing - Amazon,Licensing - Amazon,2025-11-01,12670
Opex,Opex,Licensing - Amazon,Licensing - Amazon,2025-12-01,12670
Opex,Opex,Licensing - Amazon,Licensing - Amazon,2026-01-01,11911.0
Opex,Opex,Licensing - Amazon,Licensing - Amazon,2026-02-01,11891.0
Opex,Opex,Licensing - Amazon,Licensing - Amazon,2026-03-01,22000
Opex,Opex,Licensing - Amazon,Licensing - Amazon,2026-04-01,22000
Opex,Opex,Licensing - Amazon,Licensing - Amazon,2026-05-31,22000
Opex,Opex,Licensing - Amazon,Licensing - Amazon,2026-06-30,22000
Opex,Opex,Licensing - Amazon,Licensing - Amazon,2026-07-01,22000
Opex,Opex,Licensing - Amazon,Licensing - Amazon,2026-08-01,22000
Opex,Opex,Licensing - Amazon,Licensing - Amazon,2026-09-01,22000
Opex,Opex,Licensing - Amazon,Licensing - Amazon,2026-10-01,22000
Opex,Opex,Licensing - Amazon,Licensing - Amazon,2026-11-01,22000
Opex,Opex,Licensing - Amazon,Licensing - Amazon,2026-12-01,22000
Opex,Opex,Licensing - Amazon,Licensing - Amazon,2027-01-01,22000
Opex,Opex,Licensing - Amazon,Licensing - Amazon,2027-02-01,22000
Opex,Opex,Licensing - Amazon,Licensing - Amazon,2027-03-01,22000
Opex,Opex,Licensing - Amazon,Licensing - Amazon,2027-04-01,22000
Opex,Opex,Licensing - Amazon,Licensing - Amazon,2027-05-31,22000
Opex,Opex,Licensing - Amazon,Licensing - Amazon,2027-06-30,22000
Opex,Opex,Licensing - Amazon,Licensing - Amazon,2027-07-01,22000
Opex,Opex,Licensing - Amazon,Licensing - Amazon,2027-08-01,22000
Opex,Opex,Licensing - Amazon,Licensing - Amazon,2027-09-01,22000
Opex,Opex,Licensing - Amazon,Licensing - Amazon,2027-10-01,22000
Opex,Opex,Licensing - Amazon,Licensing - Amazon,2027-11-01,22000
Opex,Opex,Licensing - Amazon,Licensing - Amazon,2027-12-01,22000
Opex,Opex,Licensing - Amazon,Licensing - Amazon,2028-01-01,22000
Opex,Opex,Licensing - Amazon,Licensing - Amazon,2028-02-01,22000
Opex,Opex,Telephony other,Telephony other,2023-03-31,
Opex,Opex,Telephony other,Telephony other,2023-04-30,0
Opex,Opex,Telephony other,Telephony other,2023-05-31,
Opex,Opex,Telephony other,Telephony other,2023-06-30,0
Opex,Opex,Telephony other,Telephony other,2023-07-31,0
Opex,Opex,Telephony other,Telephony other,2023-08-31,0
Opex,Opex,Telephony other,Telephony other,2023-09-30,0
Opex,Opex,Telephony other,Telephony other,2023-10-31,0
Opex,Opex,Telephony other,Telephony other,2023-11-30,0
Opex,Opex,Telephony other,Telephony other,2023-12-31,5829
Opex,Opex,Telephony other,Telephony other,2024-01-31,618
Opex,Opex,Telephony other,Telephony other,2024-02-29,834
Opex,Opex,Telephony other,Telephony other,2024-03-31,833
Opex,Opex,Telephony other,Telephony other,2024-04-30,1390
Opex,Opex,Telephony other,Telephony other,2024-05-31,637
Opex,Opex,Telephony other,Telephony other,2024-06-30,528
Opex,Opex,Telephony other,Telephony other,2024-07-31,545
Opex,Opex,Telephony other,Telephony other,2024-08-31,563
Opex,Opex,Telephony other,Telephony other,2024-09-30,5292
Opex,Opex,Telephony other,Telephony other,2024-10-31,593
Opex,Opex,Telephony other,Telephony other,2024-11-30,553
Opex,Opex,Telephony other,Telephony other,2024-12-31,6055
Opex,Opex,Telephony other,Telephony other,2025-01-31,0
Opex,Opex,Telephony other,Telephony other,2025-02-28,0
Opex,Opex,Telephony other,Telephony other,2025-03-31,0
Opex,Opex,Telephony other,Telephony other,2025-04-30,0
Opex,Opex,Telephony other,Telephony other,2025-05-31,0
Opex,Opex,Telephony other,Telephony other,2025-06-30,0
Opex,Opex,Telephony other,Telephony other,2025-07-01,0
Opex,Opex,Telephony other,Telephony other,2025-08-01,0
Opex,Opex,Telephony other,Telephony other,2025-09-01,0
Opex,Opex,Telephony other,Telephony other,2025-10-01,0
Opex,Opex,Telephony other,Telephony other,2025-11-01,0
Opex,Opex,Telephony other,Telephony other,2025-12-01,0
Opex,Opex,Telephony other,Telephony other,2026-01-01,0
Opex,Opex,Telephony other,Telephony other,2026-02-01,0
Opex,Opex,Telephony other,Telephony other,2026-03-01,0
Opex,Opex,Telephony other,Telephony other,2026-04-01,0
Opex,Opex,Telephony other,Telephony other,2026-05-31,0
Opex,Opex,Telephony other,Telephony other,2026-06-30,0
Opex,Opex,Telephony other,Telephony other,2026-07-01,0
Opex,Opex,Telephony other,Telephony other,2026-08-01,0
Opex,Opex,Telephony other,Telephony other,2026-09-01,0
Opex,Opex,Telephony other,Telephony other,2026-10-01,0
Opex,Opex,Telephony other,Telephony other,2026-11-01,0
Opex,Opex,Telephony other,Telephony other,2026-12-01,0
Opex,Opex,Telephony other,Telephony other,2027-01-01,0
Opex,Opex,Telephony other,Telephony other,2027-02-01,0
Opex,Opex,Telephony other,Telephony other,2027-03-01,0
Opex,Opex,Telephony other,Telephony other,2027-04-01,0
Opex,Opex,Telephony other,Telephony other,2027-05-31,0
Opex,Opex,Telephony other,Telephony other,2027-06-30,0
Opex,Opex,Telephony other,Telephony other,2027-07-01,0
Opex,Opex,Telephony other,Telephony other,2027-08-01,0
Opex,Opex,Telephony other,Telephony other,2027-09-01,0
Opex,Opex,Telephony other,Telephony other,2027-10-01,0
Opex,Opex,Telephony other,Telephony other,2027-11-01,0
Opex,Opex,Telephony other,Telephony other,2027-12-01,0
Opex,Opex,Telephony other,Telephony other,2028-01-01,0
Opex,Opex,Telephony other,Telephony other,2028-02-01,0
Opex,Opex,Dedicated Lines- Internet/Cell C/Office to Azure,Dedicated Lines- Internet/Cell C/Office to Azure,2023-03-31,59202
Opex,Opex,Dedicated Lines- Internet/Cell C/Office to Azure,Dedicated Lines- Internet/Cell C/Office to Azure,2023-04-30,17087
Opex,Opex,Dedicated Lines- Internet/Cell C/Office to Azure,Dedicated Lines- Internet/Cell C/Office to Azure,2023-05-31,17447
Opex,Opex,Dedicated Lines- Internet/Cell C/Office to Azure,Dedicated Lines- Internet/Cell C/Office to Azure,2023-06-30,16810
Opex,Opex,Dedicated Lines- Internet/Cell C/Office to Azure,Dedicated Lines- Internet/Cell C/Office to Azure,2023-07-31,11072
Opex,Opex,Dedicated Lines- Internet/Cell C/Office to Azure,Dedicated Lines- Internet/Cell C/Office to Azure,2023-08-31,19810
Opex,Opex,Dedicated Lines- Internet/Cell C/Office to Azure,Dedicated Lines- Internet/Cell C/Office to Azure,2023-09-30,19810
Opex,Opex,Dedicated Lines- Internet/Cell C/Office to Azure,Dedicated Lines- Internet/Cell C/Office to Azure,2023-10-31,19810
Opex,Opex,Dedicated Lines- Internet/Cell C/Office to Azure,Dedicated Lines- Internet/Cell C/Office to Azure,2023-11-30,19810
Opex,Opex,Dedicated Lines- Internet/Cell C/Office to Azure,Dedicated Lines- Internet/Cell C/Office to Azure,2023-12-31,19810
Opex,Opex,Dedicated Lines- Internet/Cell C/Office to Azure,Dedicated Lines- Internet/Cell C/Office to Azure,2024-01-31,19810
Opex,Opex,Dedicated Lines- Internet/Cell C/Office to Azure,Dedicated Lines- Internet/Cell C/Office to Azure,2024-02-29,19810
Opex,Opex,Dedicated Lines- Internet/Cell C/Office to Azure,Dedicated Lines- Internet/Cell C/Office to Azure,2024-03-31,19810
Opex,Opex,Dedicated Lines- Internet/Cell C/Office to Azure,Dedicated Lines- Internet/Cell C/Office to Azure,2024-04-30,19810
Opex,Opex,Dedicated Lines- Internet/Cell C/Office to Azure,Dedicated Lines- Internet/Cell C/Office to Azure,2024-05-31,19810
Opex,Opex,Dedicated Lines- Internet/Cell C/Office to Azure,Dedicated Lines- Internet/Cell C/Office to Azure,2024-06-30,19810
Opex,Opex,Dedicated Lines- Internet/Cell C/Office to Azure,Dedicated Lines- Internet/Cell C/Office to Azure,2024-07-31,19810
Opex,Opex,Dedicated Lines- Internet/Cell C/Office to Azure,Dedicated Lines- Internet/Cell C/Office to Azure,2024-08-31,19810
Opex,Opex,Dedicated Lines- Internet/Cell C/Office to Azure,Dedicated Lines- Internet/Cell C/Office to Azure,2024-09-30,19810
Opex,Opex,Dedicated Lines- Internet/Cell C/Office to Azure,Dedicated Lines- Internet/Cell C/Office to Azure,2024-10-31,19810
Opex,Opex,Dedicated Lines- Internet/Cell C/Office to Azure,Dedicated Lines- Internet/Cell C/Office to Azure,2024-11-30,27938
Opex,Opex,Dedicated Lines- Internet/Cell C/Office to Azure,Dedicated Lines- Internet/Cell C/Office to Azure,2024-12-31,23010
Opex,Opex,Dedicated Lines- Internet/Cell C/Office to Azure,Dedicated Lines- Internet/Cell C/Office to Azure,2025-01-31,23010
Opex,Opex,Dedicated Lines- Internet/Cell C/Office to Azure,Dedicated Lines- Internet/Cell C/Office to Azure,2025-02-28,23010
Opex,Opex,Dedicated Lines- Internet/Cell C/Office to Azure,Dedicated Lines- Internet/Cell C/Office to Azure,2025-03-31,25010
Opex,Opex,Dedicated Lines- Internet/Cell C/Office to Azure,Dedicated Lines- Internet/Cell C/Office to Azure,2025-04-30,23010
Opex,Opex,Dedicated Lines- Internet/Cell C/Office to Azure,Dedicated Lines- Internet/Cell C/Office to Azure,2025-05-31,23010
Opex,Opex,Dedicated Lines- Internet/Cell C/Office to Azure,Dedicated Lines- Internet/Cell C/Office to Azure,2025-06-30,23010
Opex,Opex,Dedicated Lines- Internet/Cell C/Office to Azure,Dedicated Lines- Internet/Cell C/Office to Azure,2025-07-01,23010
Opex,Opex,Dedicated Lines- Internet/Cell C/Office to Azure,Dedicated Lines- Internet/Cell C/Office to Azure,2025-08-01,23010
Opex,Opex,Dedicated Lines- Internet/Cell C/Office to Azure,Dedicated Lines- Internet/Cell C/Office to Azure,2025-09-01,27394
Opex,Opex,Dedicated Lines- Internet/Cell C/Office to Azure,Dedicated Lines- Internet/Cell C/Office to Azure,2025-10-01,0
Opex,Opex,Dedicated Lines- Internet/Cell C/Office to Azure,Dedicated Lines- Internet/Cell C/Office to Azure,2025-11-01,0
Opex,Opex,Dedicated Lines- Internet/Cell C/Office to Azure,Dedicated Lines- Internet/Cell C/Office to Azure,2025-12-01,0
Opex,Opex,Dedicated Lines- Internet/Cell C/Office to Azure,Dedicated Lines- Internet/Cell C/Office to Azure,2026-01-01,1043.0
Opex,Opex,Dedicated Lines- Internet/Cell C/Office to Azure,Dedicated Lines- Internet/Cell C/Office to Azure,2026-02-01,0
Opex,Opex,Dedicated Lines- Internet/Cell C/Office to Azure,Dedicated Lines- Internet/Cell C/Office to Azure,2026-03-01,25228
Opex,Opex,Dedicated Lines- Internet/Cell C/Office to Azure,Dedicated Lines- Internet/Cell C/Office to Azure,2026-04-01,25228
Opex,Opex,Dedicated Lines- Internet/Cell C/Office to Azure,Dedicated Lines- Internet/Cell C/Office to Azure,2026-05-31,25228
Opex,Opex,Dedicated Lines- Internet/Cell C/Office to Azure,Dedicated Lines- Internet/Cell C/Office to Azure,2026-06-30,25228
Opex,Opex,Dedicated Lines- Internet/Cell C/Office to Azure,Dedicated Lines- Internet/Cell C/Office to Azure,2026-07-01,25228
Opex,Opex,Dedicated Lines- Internet/Cell C/Office to Azure,Dedicated Lines- Internet/Cell C/Office to Azure,2026-08-01,25228
Opex,Opex,Dedicated Lines- Internet/Cell C/Office to Azure,Dedicated Lines- Internet/Cell C/Office to Azure,2026-09-01,26742
Opex,Opex,Dedicated Lines- Internet/Cell C/Office to Azure,Dedicated Lines- Internet/Cell C/Office to Azure,2026-10-01,26742
Opex,Opex,Dedicated Lines- Internet/Cell C/Office to Azure,Dedicated Lines- Internet/Cell C/Office to Azure,2026-11-01,26742
Opex,Opex,Dedicated Lines- Internet/Cell C/Office to Azure,Dedicated Lines- Internet/Cell C/Office to Azure,2026-12-01,26742
Opex,Opex,Dedicated Lines- Internet/Cell C/Office to Azure,Dedicated Lines- Internet/Cell C/Office to Azure,2027-01-01,26742
Opex,Opex,Dedicated Lines- Internet/Cell C/Office to Azure,Dedicated Lines- Internet/Cell C/Office to Azure,2027-02-01,26742
Opex,Opex,Dedicated Lines- Internet/Cell C/Office to Azure,Dedicated Lines- Internet/Cell C/Office to Azure,2027-03-01,28346
Opex,Opex,Dedicated Lines- Internet/Cell C/Office to Azure,Dedicated Lines- Internet/Cell C/Office to Azure,2027-04-01,28346
Opex,Opex,Dedicated Lines- Internet/Cell C/Office to Azure,Dedicated Lines- Internet/Cell C/Office to Azure,2027-05-31,28346
Opex,Opex,Dedicated Lines- Internet/Cell C/Office to Azure,Dedicated Lines- Internet/Cell C/Office to Azure,2027-06-30,28346
Opex,Opex,Dedicated Lines- Internet/Cell C/Office to Azure,Dedicated Lines- Internet/Cell C/Office to Azure,2027-07-01,28346
Opex,Opex,Dedicated Lines- Internet/Cell C/Office to Azure,Dedicated Lines- Internet/Cell C/Office to Azure,2027-08-01,28346
Opex,Opex,Dedicated Lines- Internet/Cell C/Office to Azure,Dedicated Lines- Internet/Cell C/Office to Azure,2027-09-01,28346
Opex,Opex,Dedicated Lines- Internet/Cell C/Office to Azure,Dedicated Lines- Internet/Cell C/Office to Azure,2027-10-01,28346
Opex,Opex,Dedicated Lines- Internet/Cell C/Office to Azure,Dedicated Lines- Internet/Cell C/Office to Azure,2027-11-01,28346
Opex,Opex,Dedicated Lines- Internet/Cell C/Office to Azure,Dedicated Lines- Internet/Cell C/Office to Azure,2027-12-01,28346
Opex,Opex,Dedicated Lines- Internet/Cell C/Office to Azure,Dedicated Lines- Internet/Cell C/Office to Azure,2028-01-01,28346
Opex,Opex,Dedicated Lines- Internet/Cell C/Office to Azure,Dedicated Lines- Internet/Cell C/Office to Azure,2028-02-01,28346
Opex,Opex,Rental- Leased premises,Rental- Leased premises,2023-03-31,51906
Opex,Opex,Rental- Leased premises,Rental- Leased premises,2023-04-30,62281
Opex,Opex,Rental- Leased premises,Rental- Leased premises,2023-05-31,62281
Opex,Opex,Rental- Leased premises,Rental- Leased premises,2023-06-30,62281
Opex,Opex,Rental- Leased premises,Rental- Leased premises,2023-07-31,62281
Opex,Opex,Rental- Leased premises,Rental- Leased premises,2023-08-31,62281
Opex,Opex,Rental- Leased premises,Rental- Leased premises,2023-09-30,62281
Opex,Opex,Rental- Leased premises,Rental- Leased premises,2023-10-31,62281
Opex,Opex,Rental- Leased premises,Rental- Leased premises,2023-11-30,62281
Opex,Opex,Rental- Leased premises,Rental- Leased premises,2023-12-31,62281
Opex,Opex,Rental- Leased premises,Rental- Leased premises,2024-01-31,62281
Opex,Opex,Rental- Leased premises,Rental- Leased premises,2024-02-29,62281
Opex,Opex,Rental- Leased premises,Rental- Leased premises,2024-03-31,62281
Opex,Opex,Rental- Leased premises,Rental- Leased premises,2024-04-30,66018
Opex,Opex,Rental- Leased premises,Rental- Leased premises,2024-05-31,66018
Opex,Opex,Rental- Leased premises,Rental- Leased premises,2024-06-30,66018
Opex,Opex,Rental- Leased premises,Rental- Leased premises,2024-07-31,66018
Opex,Opex,Rental- Leased premises,Rental- Leased premises,2024-08-31,66018
Opex,Opex,Rental- Leased premises,Rental- Leased premises,2024-09-30,66018
Opex,Opex,Rental- Leased premises,Rental- Leased premises,2024-10-31,66018
Opex,Opex,Rental- Leased premises,Rental- Leased premises,2024-11-30,66018
Opex,Opex,Rental- Leased premises,Rental- Leased premises,2024-12-31,66018
Opex,Opex,Rental- Leased premises,Rental- Leased premises,2025-01-31,66018
Opex,Opex,Rental- Leased premises,Rental- Leased premises,2025-02-28,66018
Opex,Opex,Rental- Leased premises,Rental- Leased premises,2025-03-31,66018
Opex,Opex,Rental- Leased premises,Rental- Leased premises,2025-04-30,69979
Opex,Opex,Rental- Leased premises,Rental- Leased premises,2025-05-31,69979
Opex,Opex,Rental- Leased premises,Rental- Leased premises,2025-06-30,69979
Opex,Opex,Rental- Leased premises,Rental- Leased premises,2025-07-01,69979
Opex,Opex,Rental- Leased premises,Rental- Leased premises,2025-08-01,69979
Opex,Opex,Rental- Leased premises,Rental- Leased premises,2025-09-01,69979
Opex,Opex,Rental- Leased premises,Rental- Leased premises,2025-10-01,69979
Opex,Opex,Rental- Leased premises,Rental- Leased premises,2025-11-01,69979
Opex,Opex,Rental- Leased premises,Rental- Leased premises,2025-12-01,69979
Opex,Opex,Rental- Leased premises,Rental- Leased premises,2026-01-01,69979.0
Opex,Opex,Rental- Leased premises,Rental- Leased premises,2026-02-01,69979.0
Opex,Opex,Rental- Leased premises,Rental- Leased premises,2026-03-01,69979
Opex,Opex,Rental- Leased premises,Rental- Leased premises,2026-04-01,74178
Opex,Opex,Rental- Leased premises,Rental- Leased premises,2026-05-31,74178
Opex,Opex,Rental- Leased premises,Rental- Leased premises,2026-06-30,74178
Opex,Opex,Rental- Leased premises,Rental- Leased premises,2026-07-01,74178
Opex,Opex,Rental- Leased premises,Rental- Leased premises,2026-08-01,74178
Opex,Opex,Rental- Leased premises,Rental- Leased premises,2026-09-01,74178
Opex,Opex,Rental- Leased premises,Rental- Leased premises,2026-10-01,74178
Opex,Opex,Rental- Leased premises,Rental- Leased premises,2026-11-01,74178
Opex,Opex,Rental- Leased premises,Rental- Leased premises,2026-12-01,74178
Opex,Opex,Rental- Leased premises,Rental- Leased premises,2027-01-01,74178
Opex,Opex,Rental- Leased premises,Rental- Leased premises,2027-02-01,74178
Opex,Opex,Rental- Leased premises,Rental- Leased premises,2027-03-01,74178
Opex,Opex,Rental- Leased premises,Rental- Leased premises,2027-04-01,78628
Opex,Opex,Rental- Leased premises,Rental- Leased premises,2027-05-31,78628
Opex,Opex,Rental- Leased premises,Rental- Leased premises,2027-06-30,78628
Opex,Opex,Rental- Leased premises,Rental- Leased premises,2027-07-01,78628
Opex,Opex,Rental- Leased premises,Rental- Leased premises,2027-08-01,78628
Opex,Opex,Rental- Leased premises,Rental- Leased premises,2027-09-01,78628
Opex,Opex,Rental- Leased premises,Rental- Leased premises,2027-10-01,78628
Opex,Opex,Rental- Leased premises,Rental- Leased premises,2027-11-01,78628
Opex,Opex,Rental- Leased premises,Rental- Leased premises,2027-12-01,78628
Opex,Opex,Rental- Leased premises,Rental- Leased premises,2028-01-01,78628
Opex,Opex,Rental- Leased premises,Rental- Leased premises,2028-02-01,78628
Opex,Opex,Insurance,Insurance,2023-03-31,3776
Opex,Opex,Insurance,Insurance,2023-04-30,4368
Opex,Opex,Insurance,Insurance,2023-05-31,4031
Opex,Opex,Insurance,Insurance,2023-06-30,4078
Opex,Opex,Insurance,Insurance,2023-07-31,4272
Opex,Opex,Insurance,Insurance,2023-08-31,4272
Opex,Opex,Insurance,Insurance,2023-09-30,4272
Opex,Opex,Insurance,Insurance,2023-10-31,4272
Opex,Opex,Insurance,Insurance,2023-11-30,4272
Opex,Opex,Insurance,Insurance,2023-12-31,4272
Opex,Opex,Insurance,Insurance,2024-01-31,4272
Opex,Opex,Insurance,Insurance,2024-02-29,4272
Opex,Opex,Insurance,Insurance,2024-03-31,4973
Opex,Opex,Insurance,Insurance,2024-04-30,4567
Opex,Opex,Insurance,Insurance,2024-05-31,4567
Opex,Opex,Insurance,Insurance,2024-06-30,4567
Opex,Opex,Insurance,Insurance,2024-07-31,4859
Opex,Opex,Insurance,Insurance,2024-08-31,4958
Opex,Opex,Insurance,Insurance,2024-09-30,4960
Opex,Opex,Insurance,Insurance,2024-10-31,4939
Opex,Opex,Insurance,Insurance,2024-11-30,4939
Opex,Opex,Insurance,Insurance,2024-12-31,4939
Opex,Opex,Insurance,Insurance,2025-01-31,4939
Opex,Opex,Insurance,Insurance,2025-02-28,4939
Opex,Opex,Insurance,Insurance,2025-03-31,4939
Opex,Opex,Insurance,Insurance,2025-04-30,4939
Opex,Opex,Insurance,Insurance,2025-05-31,4939
Opex,Opex,Insurance,Insurance,2025-06-30,4939
Opex,Opex,Insurance,Insurance,2025-07-01,5203
Opex,Opex,Insurance,Insurance,2025-08-01,4593
Opex,Opex,Insurance,Insurance,2025-09-01,-1391
Opex,Opex,Insurance,Insurance,2025-10-01,4593
Opex,Opex,Insurance,Insurance,2025-11-01,4593
Opex,Opex,Insurance,Insurance,2025-12-01,4593
Opex,Opex,Insurance,Insurance,2026-01-01,4593.0
Opex,Opex,Insurance,Insurance,2026-02-01,4593.0
Opex,Opex,Insurance,Insurance,2026-03-01,4960
Opex,Opex,Insurance,Insurance,2026-04-01,4960
Opex,Opex,Insurance,Insurance,2026-05-31,4960
Opex,Opex,Insurance,Insurance,2026-06-30,4960
Opex,Opex,Insurance,Insurance,2026-07-01,4960
Opex,Opex,Insurance,Insurance,2026-08-01,4960
Opex,Opex,Insurance,Insurance,2026-09-01,4960
Opex,Opex,Insurance,Insurance,2026-10-01,4960
Opex,Opex,Insurance,Insurance,2026-11-01,4960
Opex,Opex,Insurance,Insurance,2026-12-01,4960
Opex,Opex,Insurance,Insurance,2027-01-01,4960
Opex,Opex,Insurance,Insurance,2027-02-01,4960
Opex,Opex,Insurance,Insurance,2027-03-01,5257
Opex,Opex,Insurance,Insurance,2027-04-01,5257
Opex,Opex,Insurance,Insurance,2027-05-31,5257
Opex,Opex,Insurance,Insurance,2027-06-30,5257
Opex,Opex,Insurance,Insurance,2027-07-01,5257
Opex,Opex,Insurance,Insurance,2027-08-01,5257
Opex,Opex,Insurance,Insurance,2027-09-01,5257
Opex,Opex,Insurance,Insurance,2027-10-01,5257
Opex,Opex,Insurance,Insurance,2027-11-01,5257
Opex,Opex,Insurance,Insurance,2027-12-01,5257
Opex,Opex,Insurance,Insurance,2028-01-01,5257
Opex,Opex,Insurance,Insurance,2028-02-01,5257
Opex,Opex,Utilities,Utilities,2023-03-31,3433
Opex,Opex,Utilities,Utilities,2023-04-30,6246
Opex,Opex,Utilities,Utilities,2023-05-31,8905
Opex,Opex,Utilities,Utilities,2023-06-30,6529
Opex,Opex,Utilities,Utilities,2023-07-31,3806
Opex,Opex,Utilities,Utilities,2023-08-31,14524
Opex,Opex,Utilities,Utilities,2023-09-30,12172
Opex,Opex,Utilities,Utilities,2023-10-31,13155
Opex,Opex,Utilities,Utilities,2023-11-30,10941
Opex,Opex,Utilities,Utilities,2023-12-31,12913
Opex,Opex,Utilities,Utilities,2024-01-31,14266
Opex,Opex,Utilities,Utilities,2024-02-29,12265
Opex,Opex,Utilities,Utilities,2024-03-31,11689
Opex,Opex,Utilities,Utilities,2024-04-30,9061
Opex,Opex,Utilities,Utilities,2024-05-31,10647
Opex,Opex,Utilities,Utilities,2024-06-30,11278
Opex,Opex,Utilities,Utilities,2024-07-31,8647
Opex,Opex,Utilities,Utilities,2024-08-31,14358
Opex,Opex,Utilities,Utilities,2024-09-30,11454
Opex,Opex,Utilities,Utilities,2024-10-31,13020
Opex,Opex,Utilities,Utilities,2024-11-30,16744
Opex,Opex,Utilities,Utilities,2024-12-31,16257
Opex,Opex,Utilities,Utilities,2025-01-31,16482
Opex,Opex,Utilities,Utilities,2025-02-28,15555
Opex,Opex,Utilities,Utilities,2025-03-31,17265
Opex,Opex,Utilities,Utilities,2025-04-30,20756
Opex,Opex,Utilities,Utilities,2025-05-31,16903
Opex,Opex,Utilities,Utilities,2025-06-30,16856
Opex,Opex,Utilities,Utilities,2025-07-01,16921
Opex,Opex,Utilities,Utilities,2025-08-01,18388
Opex,Opex,Utilities,Utilities,2025-09-01,20274
Opex,Opex,Utilities,Utilities,2025-10-01,20048
Opex,Opex,Utilities,Utilities,2025-11-01,18835
Opex,Opex,Utilities,Utilities,2025-12-01,22762
Opex,Opex,Utilities,Utilities,2026-01-01,18030.0
Opex,Opex,Utilities,Utilities,2026-02-01,17992.0
Opex,Opex,Utilities,Utilities,2026-03-01,17000
Opex,Opex,Utilities,Utilities,2026-04-01,17000
Opex,Opex,Utilities,Utilities,2026-05-31,17000
Opex,Opex,Utilities,Utilities,2026-06-30,17000
Opex,Opex,Utilities,Utilities,2026-07-01,17000
Opex,Opex,Utilities,Utilities,2026-08-01,17000
Opex,Opex,Utilities,Utilities,2026-09-01,17000
Opex,Opex,Utilities,Utilities,2026-10-01,17000
Opex,Opex,Utilities,Utilities,2026-11-01,17000
Opex,Opex,Utilities,Utilities,2026-12-01,17000
Opex,Opex,Utilities,Utilities,2027-01-01,17000
Opex,Opex,Utilities,Utilities,2027-02-01,17000
Opex,Opex,Utilities,Utilities,2027-03-01,18360
Opex,Opex,Utilities,Utilities,2027-04-01,18360
Opex,Opex,Utilities,Utilities,2027-05-31,18360
Opex,Opex,Utilities,Utilities,2027-06-30,18360
Opex,Opex,Utilities,Utilities,2027-07-01,18360
Opex,Opex,Utilities,Utilities,2027-08-01,18360
Opex,Opex,Utilities,Utilities,2027-09-01,18360
Opex,Opex,Utilities,Utilities,2027-10-01,18360
Opex,Opex,Utilities,Utilities,2027-11-01,18360
Opex,Opex,Utilities,Utilities,2027-12-01,18360
Opex,Opex,Utilities,Utilities,2028-01-01,18360
Opex,Opex,Utilities,Utilities,2028-02-01,18360
Opex,Opex,Audit fees,Audit fees,2023-03-31,0
Opex,Opex,Audit fees,Audit fees,2023-04-30,0
Opex,Opex,Audit fees,Audit fees,2023-05-31,25000
Opex,Opex,Audit fees,Audit fees,2023-06-30,0
Opex,Opex,Audit fees,Audit fees,2023-07-31,0
Opex,Opex,Audit fees,Audit fees,2023-08-31,0
Opex,Opex,Audit fees,Audit fees,2023-09-30,73812
Opex,Opex,Audit fees,Audit fees,2023-10-31,347
Opex,Opex,Audit fees,Audit fees,2023-11-30,0
Opex,Opex,Audit fees,Audit fees,2023-12-31,1386
Opex,Opex,Audit fees,Audit fees,2024-01-31,0
Opex,Opex,Audit fees,Audit fees,2024-02-29,1213
Opex,Opex,Audit fees,Audit fees,2024-03-31,614
Opex,Opex,Audit fees,Audit fees,2024-04-30,0
Opex,Opex,Audit fees,Audit fees,2024-05-31,0
Opex,Opex,Audit fees,Audit fees,2024-06-30,82042
Opex,Opex,Audit fees,Audit fees,2024-07-31,35183
Opex,Opex,Audit fees,Audit fees,2024-08-31,0
Opex,Opex,Audit fees,Audit fees,2024-09-30,
Opex,Opex,Audit fees,Audit fees,2024-10-31,31750
Opex,Opex,Audit fees,Audit fees,2024-11-30,20237
Opex,Opex,Audit fees,Audit fees,2024-12-31,11985
Opex,Opex,Audit fees,Audit fees,2025-01-31,0
Opex,Opex,Audit fees,Audit fees,2025-02-28,0
Opex,Opex,Audit fees,Audit fees,2025-03-31,0
Opex,Opex,Audit fees,Audit fees,2025-04-30,0
Opex,Opex,Audit fees,Audit fees,2025-05-31,0
Opex,Opex,Audit fees,Audit fees,2025-06-30,0
Opex,Opex,Audit fees,Audit fees,2025-07-01,0
Opex,Opex,Audit fees,Audit fees,2025-08-01,0
Opex,Opex,Audit fees,Audit fees,2025-09-01,0
Opex,Opex,Audit fees,Audit fees,2025-10-01,0
Opex,Opex,Audit fees,Audit fees,2025-11-01,0
Opex,Opex,Audit fees,Audit fees,2025-12-01,0
Opex,Opex,Audit fees,Audit fees,2026-01-01,0
Opex,Opex,Audit fees,Audit fees,2026-02-01,0
Opex,Opex,Audit fees,Audit fees,2026-03-01,0
Opex,Opex,Audit fees,Audit fees,2026-04-01,0
Opex,Opex,Audit fees,Audit fees,2026-05-31,0
Opex,Opex,Audit fees,Audit fees,2026-06-30,0
Opex,Opex,Audit fees,Audit fees,2026-07-01,0
Opex,Opex,Audit fees,Audit fees,2026-08-01,0
Opex,Opex,Audit fees,Audit fees,2026-09-01,0
Opex,Opex,Audit fees,Audit fees,2026-10-01,0
Opex,Opex,Audit fees,Audit fees,2026-11-01,0
Opex,Opex,Audit fees,Audit fees,2026-12-01,0
Opex,Opex,Audit fees,Audit fees,2027-01-01,0
Opex,Opex,Audit fees,Audit fees,2027-02-01,0
Opex,Opex,Audit fees,Audit fees,2027-03-01,0
Opex,Opex,Audit fees,Audit fees,2027-04-01,0
Opex,Opex,Audit fees,Audit fees,2027-05-31,0
Opex,Opex,Audit fees,Audit fees,2027-06-30,0
Opex,Opex,Audit fees,Audit fees,2027-07-01,0
Opex,Opex,Audit fees,Audit fees,2027-08-01,0
Opex,Opex,Audit fees,Audit fees,2027-09-01,0
Opex,Opex,Audit fees,Audit fees,2027-10-01,0
Opex,Opex,Audit fees,Audit fees,2027-11-01,0
Opex,Opex,Audit fees,Audit fees,2027-12-01,0
Opex,Opex,Audit fees,Audit fees,2028-01-01,0
Opex,Opex,Audit fees,Audit fees,2028-02-01,0
Opex,Opex,Audit provision ,Audit provision ,2023-03-31,
Opex,Opex,Audit provision ,Audit provision ,2023-04-30,
Opex,Opex,Audit provision ,Audit provision ,2023-05-31,
Opex,Opex,Audit provision ,Audit provision ,2023-06-30,
Opex,Opex,Audit provision ,Audit provision ,2023-07-31,
Opex,Opex,Audit provision ,Audit provision ,2023-08-31,
Opex,Opex,Audit provision ,Audit provision ,2023-09-30,
Opex,Opex,Audit provision ,Audit provision ,2023-10-31,
Opex,Opex,Audit provision ,Audit provision ,2023-11-30,
Opex,Opex,Audit provision ,Audit provision ,2023-12-31,
Opex,Opex,Audit provision ,Audit provision ,2024-01-31,
Opex,Opex,Audit provision ,Audit provision ,2024-02-29,
Opex,Opex,Audit provision ,Audit provision ,2024-03-31,
Opex,Opex,Audit provision ,Audit provision ,2024-04-30,
Opex,Opex,Audit provision ,Audit provision ,2024-05-31,
Opex,Opex,Audit provision ,Audit provision ,2024-06-30,
Opex,Opex,Audit provision ,Audit provision ,2024-07-31,11985
Opex,Opex,Audit provision ,Audit provision ,2024-08-31,11985
Opex,Opex,Audit provision ,Audit provision ,2024-09-30,11985
Opex,Opex,Audit provision ,Audit provision ,2024-10-31,11985
Opex,Opex,Audit provision ,Audit provision ,2024-11-30,11985
Opex,Opex,Audit provision ,Audit provision ,2024-12-31,0
Opex,Opex,Audit provision ,Audit provision ,2025-01-31,11985
Opex,Opex,Audit provision ,Audit provision ,2025-02-28,11985
Opex,Opex,Audit provision ,Audit provision ,2025-03-31,11985
Opex,Opex,Audit provision ,Audit provision ,2025-04-30,11985
Opex,Opex,Audit provision ,Audit provision ,2025-05-31,11985
Opex,Opex,Audit provision ,Audit provision ,2025-06-30,11985
Opex,Opex,Audit provision ,Audit provision ,2025-07-01,11985
Opex,Opex,Audit provision ,Audit provision ,2025-08-01,11985
Opex,Opex,Audit provision ,Audit provision ,2025-09-01,11985
Opex,Opex,Audit provision ,Audit provision ,2025-10-01,11985
Opex,Opex,Audit provision ,Audit provision ,2025-11-01,11985
Opex,Opex,Audit provision ,Audit provision ,2025-12-01,11985
Opex,Opex,Audit provision ,Audit provision ,2026-01-01,11985.0
Opex,Opex,Audit provision ,Audit provision ,2026-02-01,11985.0
Opex,Opex,Audit provision ,Audit provision ,2026-03-01,12500
Opex,Opex,Audit provision ,Audit provision ,2026-04-01,12500
Opex,Opex,Audit provision ,Audit provision ,2026-05-31,12500
Opex,Opex,Audit provision ,Audit provision ,2026-06-30,12500
Opex,Opex,Audit provision ,Audit provision ,2026-07-01,12500
Opex,Opex,Audit provision ,Audit provision ,2026-08-01,12500
Opex,Opex,Audit provision ,Audit provision ,2026-09-01,12500
Opex,Opex,Audit provision ,Audit provision ,2026-10-01,12500
Opex,Opex,Audit provision ,Audit provision ,2026-11-01,12500
Opex,Opex,Audit provision ,Audit provision ,2026-12-01,12500
Opex,Opex,Audit provision ,Audit provision ,2027-01-01,12500
Opex,Opex,Audit provision ,Audit provision ,2027-02-01,12500
Opex,Opex,Audit provision ,Audit provision ,2027-03-01,13250
Opex,Opex,Audit provision ,Audit provision ,2027-04-01,13250
Opex,Opex,Audit provision ,Audit provision ,2027-05-31,13250
Opex,Opex,Audit provision ,Audit provision ,2027-06-30,13250
Opex,Opex,Audit provision ,Audit provision ,2027-07-01,13250
Opex,Opex,Audit provision ,Audit provision ,2027-08-01,13250
Opex,Opex,Audit provision ,Audit provision ,2027-09-01,13250
Opex,Opex,Audit provision ,Audit provision ,2027-10-01,13250
Opex,Opex,Audit provision ,Audit provision ,2027-11-01,13250
Opex,Opex,Audit provision ,Audit provision ,2027-12-01,13250
Opex,Opex,Audit provision ,Audit provision ,2028-01-01,13250
Opex,Opex,Audit provision ,Audit provision ,2028-02-01,13250
Opex,Opex,Consulting fees ,Consulting fees ,2023-03-31,73144
Opex,Opex,Consulting fees ,Consulting fees ,2023-04-30,72003
Opex,Opex,Consulting fees ,Consulting fees ,2023-05-31,56052
Opex,Opex,Consulting fees ,Consulting fees ,2023-06-30,78125
Opex,Opex,Consulting fees ,Consulting fees ,2023-07-31,103023
Opex,Opex,Consulting fees ,Consulting fees ,2023-08-31,95040
Opex,Opex,Consulting fees ,Consulting fees ,2023-09-30,82151
Opex,Opex,Consulting fees ,Consulting fees ,2023-10-31,85267
Opex,Opex,Consulting fees ,Consulting fees ,2023-11-30,70758
Opex,Opex,Consulting fees ,Consulting fees ,2023-12-31,58514
Opex,Opex,Consulting fees ,Consulting fees ,2024-01-31,64963
Opex,Opex,Consulting fees ,Consulting fees ,2024-02-29,138284
Opex,Opex,Consulting fees ,Consulting fees ,2024-03-31,128836
Opex,Opex,Consulting fees ,Consulting fees ,2024-04-30,120293
Opex,Opex,Consulting fees ,Consulting fees ,2024-05-31,118164
Opex,Opex,Consulting fees ,Consulting fees ,2024-06-30,146731
Opex,Opex,Consulting fees ,Consulting fees ,2024-07-31,132887
Opex,Opex,Consulting fees ,Consulting fees ,2024-08-31,106828
Opex,Opex,Consulting fees ,Consulting fees ,2024-09-30,159893
Opex,Opex,Consulting fees ,Consulting fees ,2024-10-31,142735
Opex,Opex,Consulting fees ,Consulting fees ,2024-11-30,145190
Opex,Opex,Consulting fees ,Consulting fees ,2024-12-31,159898
Opex,Opex,Consulting fees ,Consulting fees ,2025-01-31,160278
Opex,Opex,Consulting fees ,Consulting fees ,2025-02-28,190540
Opex,Opex,Consulting fees ,Consulting fees ,2025-03-31,160529
Opex,Opex,Consulting fees ,Consulting fees ,2025-04-30,160387
Opex,Opex,Consulting fees ,Consulting fees ,2025-05-31,163363
Opex,Opex,Consulting fees ,Consulting fees ,2025-06-30,161508
Opex,Opex,Consulting fees ,Consulting fees ,2025-07-01,159900
Opex,Opex,Consulting fees ,Consulting fees ,2025-08-01,163825
Opex,Opex,Consulting fees ,Consulting fees ,2025-09-01,161353
Opex,Opex,Consulting fees ,Consulting fees ,2025-10-01,163375
Opex,Opex,Consulting fees ,Consulting fees ,2025-11-01,187623
Opex,Opex,Consulting fees ,Consulting fees ,2025-12-01,210167
Opex,Opex,Consulting fees ,Consulting fees ,2026-01-01,170579.0
Opex,Opex,Consulting fees ,Consulting fees ,2026-02-01,343091.0
Opex,Opex,Consulting fees ,Consulting fees ,2026-03-01,170000
Opex,Opex,Consulting fees ,Consulting fees ,2026-04-01,170000
Opex,Opex,Consulting fees ,Consulting fees ,2026-05-31,170000
Opex,Opex,Consulting fees ,Consulting fees ,2026-06-30,170000
Opex,Opex,Consulting fees ,Consulting fees ,2026-07-01,170000
Opex,Opex,Consulting fees ,Consulting fees ,2026-08-01,170000
Opex,Opex,Consulting fees ,Consulting fees ,2026-09-01,170000
Opex,Opex,Consulting fees ,Consulting fees ,2026-10-01,170000
Opex,Opex,Consulting fees ,Consulting fees ,2026-11-01,170000
Opex,Opex,Consulting fees ,Consulting fees ,2026-12-01,170000
Opex,Opex,Consulting fees ,Consulting fees ,2027-01-01,170000
Opex,Opex,Consulting fees ,Consulting fees ,2027-02-01,170000
Opex,Opex,Consulting fees ,Consulting fees ,2027-03-01,180200
Opex,Opex,Consulting fees ,Consulting fees ,2027-04-01,180200
Opex,Opex,Consulting fees ,Consulting fees ,2027-05-31,180200
Opex,Opex,Consulting fees ,Consulting fees ,2027-06-30,180200
Opex,Opex,Consulting fees ,Consulting fees ,2027-07-01,180200
Opex,Opex,Consulting fees ,Consulting fees ,2027-08-01,180200
Opex,Opex,Consulting fees ,Consulting fees ,2027-09-01,180200
Opex,Opex,Consulting fees ,Consulting fees ,2027-10-01,180200
Opex,Opex,Consulting fees ,Consulting fees ,2027-11-01,180200
Opex,Opex,Consulting fees ,Consulting fees ,2027-12-01,180200
Opex,Opex,Consulting fees ,Consulting fees ,2028-01-01,180200
Opex,Opex,Consulting fees ,Consulting fees ,2028-02-01,180200
Opex,Opex,Computer Expenses,Computer Expenses,2023-03-31,
Opex,Opex,Computer Expenses,Computer Expenses,2023-04-30,
Opex,Opex,Computer Expenses,Computer Expenses,2023-05-31,
Opex,Opex,Computer Expenses,Computer Expenses,2023-06-30,
Opex,Opex,Computer Expenses,Computer Expenses,2023-07-31,
Opex,Opex,Computer Expenses,Computer Expenses,2023-08-31,
Opex,Opex,Computer Expenses,Computer Expenses,2023-09-30,
Opex,Opex,Computer Expenses,Computer Expenses,2023-10-31,8071
Opex,Opex,Computer Expenses,Computer Expenses,2023-11-30,1640
Opex,Opex,Computer Expenses,Computer Expenses,2023-12-31,390
Opex,Opex,Computer Expenses,Computer Expenses,2024-01-31,1634
Opex,Opex,Computer Expenses,Computer Expenses,2024-02-29,13919
Opex,Opex,Computer Expenses,Computer Expenses,2024-03-31,650
Opex,Opex,Computer Expenses,Computer Expenses,2024-04-30,0
Opex,Opex,Computer Expenses,Computer Expenses,2024-05-31,0
Opex,Opex,Computer Expenses,Computer Expenses,2024-06-30,2066
Opex,Opex,Computer Expenses,Computer Expenses,2024-07-31,6497
Opex,Opex,Computer Expenses,Computer Expenses,2024-08-31,0
Opex,Opex,Computer Expenses,Computer Expenses,2024-09-30,0
Opex,Opex,Computer Expenses,Computer Expenses,2024-10-31,0
Opex,Opex,Computer Expenses,Computer Expenses,2024-11-30,0
Opex,Opex,Computer Expenses,Computer Expenses,2024-12-31,0
Opex,Opex,Computer Expenses,Computer Expenses,2025-01-31,2377
Opex,Opex,Computer Expenses,Computer Expenses,2025-02-28,1215
Opex,Opex,Computer Expenses,Computer Expenses,2025-03-31,0
Opex,Opex,Computer Expenses,Computer Expenses,2025-04-30,459
Opex,Opex,Computer Expenses,Computer Expenses,2025-05-31,1589
Opex,Opex,Computer Expenses,Computer Expenses,2025-06-30,467
Opex,Opex,Computer Expenses,Computer Expenses,2025-07-01,4029
Opex,Opex,Computer Expenses,Computer Expenses,2025-08-01,2347
Opex,Opex,Computer Expenses,Computer Expenses,2025-09-01,608
Opex,Opex,Computer Expenses,Computer Expenses,2025-10-01,1067
Opex,Opex,Computer Expenses,Computer Expenses,2025-11-01,2157
Opex,Opex,Computer Expenses,Computer Expenses,2025-12-01,768
Opex,Opex,Computer Expenses,Computer Expenses,2026-01-01,237
Opex,Opex,Computer Expenses,Computer Expenses,2026-02-01,642
Opex,Opex,Computer Expenses,Computer Expenses,2026-03-01,
Opex,Opex,Computer Expenses,Computer Expenses,2026-04-01,
Opex,Opex,Computer Expenses,Computer Expenses,2026-05-31,
Opex,Opex,Computer Expenses,Computer Expenses,2026-06-30,
Opex,Opex,Computer Expenses,Computer Expenses,2026-07-01,
Opex,Opex,Computer Expenses,Computer Expenses,2026-08-01,
Opex,Opex,Computer Expenses,Computer Expenses,2026-09-01,
Opex,Opex,Computer Expenses,Computer Expenses,2026-10-01,
Opex,Opex,Computer Expenses,Computer Expenses,2026-11-01,
Opex,Opex,Computer Expenses,Computer Expenses,2026-12-01,
Opex,Opex,Computer Expenses,Computer Expenses,2027-01-01,
Opex,Opex,Computer Expenses,Computer Expenses,2027-02-01,
Opex,Opex,Computer Expenses,Computer Expenses,2027-03-01,0
Opex,Opex,Computer Expenses,Computer Expenses,2027-04-01,0
Opex,Opex,Computer Expenses,Computer Expenses,2027-05-31,0
Opex,Opex,Computer Expenses,Computer Expenses,2027-06-30,0
Opex,Opex,Computer Expenses,Computer Expenses,2027-07-01,0
Opex,Opex,Computer Expenses,Computer Expenses,2027-08-01,0
Opex,Opex,Computer Expenses,Computer Expenses,2027-09-01,0
Opex,Opex,Computer Expenses,Computer Expenses,2027-10-01,0
Opex,Opex,Computer Expenses,Computer Expenses,2027-11-01,0
Opex,Opex,Computer Expenses,Computer Expenses,2027-12-01,0
Opex,Opex,Computer Expenses,Computer Expenses,2028-01-01,0
Opex,Opex,Computer Expenses,Computer Expenses,2028-02-01,0
Opex,Opex,Entertainment Expenses,Entertainment Expenses,2023-03-31,0
Opex,Opex,Entertainment Expenses,Entertainment Expenses,2023-04-30,2704
Opex,Opex,Entertainment Expenses,Entertainment Expenses,2023-05-31,311
Opex,Opex,Entertainment Expenses,Entertainment Expenses,2023-06-30,1917
Opex,Opex,Entertainment Expenses,Entertainment Expenses,2023-07-31,1022
Opex,Opex,Entertainment Expenses,Entertainment Expenses,2023-08-31,0
Opex,Opex,Entertainment Expenses,Entertainment Expenses,2023-09-30,0
Opex,Opex,Entertainment Expenses,Entertainment Expenses,2023-10-31,0
Opex,Opex,Entertainment Expenses,Entertainment Expenses,2023-11-30,0
Opex,Opex,Entertainment Expenses,Entertainment Expenses,2023-12-31,0
Opex,Opex,Entertainment Expenses,Entertainment Expenses,2024-01-31,0
Opex,Opex,Entertainment Expenses,Entertainment Expenses,2024-02-29,0
Opex,Opex,Entertainment Expenses,Entertainment Expenses,2024-03-31,0
Opex,Opex,Entertainment Expenses,Entertainment Expenses,2024-04-30,0
Opex,Opex,Entertainment Expenses,Entertainment Expenses,2024-05-31,10000
Opex,Opex,Entertainment Expenses,Entertainment Expenses,2024-06-30,0
Opex,Opex,Entertainment Expenses,Entertainment Expenses,2024-07-31,0
Opex,Opex,Entertainment Expenses,Entertainment Expenses,2024-08-31,0
Opex,Opex,Entertainment Expenses,Entertainment Expenses,2024-09-30,0
Opex,Opex,Entertainment Expenses,Entertainment Expenses,2024-10-31,0
Opex,Opex,Entertainment Expenses,Entertainment Expenses,2024-11-30,0
Opex,Opex,Entertainment Expenses,Entertainment Expenses,2024-12-31,0
Opex,Opex,Entertainment Expenses,Entertainment Expenses,2025-01-31,0
Opex,Opex,Entertainment Expenses,Entertainment Expenses,2025-02-28,0
Opex,Opex,Entertainment Expenses,Entertainment Expenses,2025-03-31,0
Opex,Opex,Entertainment Expenses,Entertainment Expenses,2025-04-30,0
Opex,Opex,Entertainment Expenses,Entertainment Expenses,2025-05-31,0
Opex,Opex,Entertainment Expenses,Entertainment Expenses,2025-06-30,0
Opex,Opex,Entertainment Expenses,Entertainment Expenses,2025-07-01,0
Opex,Opex,Entertainment Expenses,Entertainment Expenses,2025-08-01,0
Opex,Opex,Entertainment Expenses,Entertainment Expenses,2025-09-01,0
Opex,Opex,Entertainment Expenses,Entertainment Expenses,2025-10-01,0
Opex,Opex,Entertainment Expenses,Entertainment Expenses,2025-11-01,0
Opex,Opex,Entertainment Expenses,Entertainment Expenses,2025-12-01,0
Opex,Opex,Entertainment Expenses,Entertainment Expenses,2026-01-01,0
Opex,Opex,Entertainment Expenses,Entertainment Expenses,2026-02-01,0
Opex,Opex,Entertainment Expenses,Entertainment Expenses,2026-03-01,1
Opex,Opex,Entertainment Expenses,Entertainment Expenses,2026-04-01,2
Opex,Opex,Entertainment Expenses,Entertainment Expenses,2026-05-31,3
Opex,Opex,Entertainment Expenses,Entertainment Expenses,2026-06-30,4
Opex,Opex,Entertainment Expenses,Entertainment Expenses,2026-07-01,5
Opex,Opex,Entertainment Expenses,Entertainment Expenses,2026-08-01,6
Opex,Opex,Entertainment Expenses,Entertainment Expenses,2026-09-01,7
Opex,Opex,Entertainment Expenses,Entertainment Expenses,2026-10-01,8
Opex,Opex,Entertainment Expenses,Entertainment Expenses,2026-11-01,9
Opex,Opex,Entertainment Expenses,Entertainment Expenses,2026-12-01,10
Opex,Opex,Entertainment Expenses,Entertainment Expenses,2027-01-01,11
Opex,Opex,Entertainment Expenses,Entertainment Expenses,2027-02-01,12
Opex,Opex,Entertainment Expenses,Entertainment Expenses,2027-03-01,12
Opex,Opex,Entertainment Expenses,Entertainment Expenses,2027-04-01,12
Opex,Opex,Entertainment Expenses,Entertainment Expenses,2027-05-31,12
Opex,Opex,Entertainment Expenses,Entertainment Expenses,2027-06-30,12
Opex,Opex,Entertainment Expenses,Entertainment Expenses,2027-07-01,12
Opex,Opex,Entertainment Expenses,Entertainment Expenses,2027-08-01,12
Opex,Opex,Entertainment Expenses,Entertainment Expenses,2027-09-01,12
Opex,Opex,Entertainment Expenses,Entertainment Expenses,2027-10-01,12
Opex,Opex,Entertainment Expenses,Entertainment Expenses,2027-11-01,12
Opex,Opex,Entertainment Expenses,Entertainment Expenses,2027-12-01,12
Opex,Opex,Entertainment Expenses,Entertainment Expenses,2028-01-01,12
Opex,Opex,Entertainment Expenses,Entertainment Expenses,2028-02-01,12
Opex,Opex,Office expenses and Cleaning,Office expenses and Cleaning,2023-03-31,11294
Opex,Opex,Office expenses and Cleaning,Office expenses and Cleaning,2023-04-30,11434
Opex,Opex,Office expenses and Cleaning,Office expenses and Cleaning,2023-05-31,12553
Opex,Opex,Office expenses and Cleaning,Office expenses and Cleaning,2023-06-30,9164
Opex,Opex,Office expenses and Cleaning,Office expenses and Cleaning,2023-07-31,8774
Opex,Opex,Office expenses and Cleaning,Office expenses and Cleaning,2023-08-31,12099
Opex,Opex,Office expenses and Cleaning,Office expenses and Cleaning,2023-09-30,9329
Opex,Opex,Office expenses and Cleaning,Office expenses and Cleaning,2023-10-31,12099
Opex,Opex,Office expenses and Cleaning,Office expenses and Cleaning,2023-11-30,10769
Opex,Opex,Office expenses and Cleaning,Office expenses and Cleaning,2023-12-31,11185
Opex,Opex,Office expenses and Cleaning,Office expenses and Cleaning,2024-01-31,10769
Opex,Opex,Office expenses and Cleaning,Office expenses and Cleaning,2024-02-29,8774
Opex,Opex,Office expenses and Cleaning,Office expenses and Cleaning,2024-03-31,11295
Opex,Opex,Office expenses and Cleaning,Office expenses and Cleaning,2024-04-30,9300
Opex,Opex,Office expenses and Cleaning,Office expenses and Cleaning,2024-05-31,11295
Opex,Opex,Office expenses and Cleaning,Office expenses and Cleaning,2024-06-30,11850
Opex,Opex,Office expenses and Cleaning,Office expenses and Cleaning,2024-07-31,9300
Opex,Opex,Office expenses and Cleaning,Office expenses and Cleaning,2024-08-31,9885
Opex,Opex,Office expenses and Cleaning,Office expenses and Cleaning,2024-09-30,9300
Opex,Opex,Office expenses and Cleaning,Office expenses and Cleaning,2024-10-31,12128
Opex,Opex,Office expenses and Cleaning,Office expenses and Cleaning,2024-11-30,9300
Opex,Opex,Office expenses and Cleaning,Office expenses and Cleaning,2024-12-31,25230
Opex,Opex,Office expenses and Cleaning,Office expenses and Cleaning,2025-01-31,11295
Opex,Opex,Office expenses and Cleaning,Office expenses and Cleaning,2025-02-28,9300
Opex,Opex,Office expenses and Cleaning,Office expenses and Cleaning,2025-03-31,15252
Opex,Opex,Office expenses and Cleaning,Office expenses and Cleaning,2025-04-30,11175
Opex,Opex,Office expenses and Cleaning,Office expenses and Cleaning,2025-05-31,12150
Opex,Opex,Office expenses and Cleaning,Office expenses and Cleaning,2025-06-30,9765
Opex,Opex,Office expenses and Cleaning,Office expenses and Cleaning,2025-07-01,13170
Opex,Opex,Office expenses and Cleaning,Office expenses and Cleaning,2025-08-01,18260
Opex,Opex,Office expenses and Cleaning,Office expenses and Cleaning,2025-09-01,10639
Opex,Opex,Office expenses and Cleaning,Office expenses and Cleaning,2025-10-01,11760
Opex,Opex,Office expenses and Cleaning,Office expenses and Cleaning,2025-11-01,11565
Opex,Opex,Office expenses and Cleaning,Office expenses and Cleaning,2025-12-01,9765
Opex,Opex,Office expenses and Cleaning,Office expenses and Cleaning,2026-01-01,11760.0
Opex,Opex,Office expenses and Cleaning,Office expenses and Cleaning,2026-02-01,9765.0
Opex,Opex,Office expenses and Cleaning,Office expenses and Cleaning,2026-03-01,12931
Opex,Opex,Office expenses and Cleaning,Office expenses and Cleaning,2026-04-01,12931
Opex,Opex,Office expenses and Cleaning,Office expenses and Cleaning,2026-05-31,12931
Opex,Opex,Office expenses and Cleaning,Office expenses and Cleaning,2026-06-30,12931
Opex,Opex,Office expenses and Cleaning,Office expenses and Cleaning,2026-07-01,12931
Opex,Opex,Office expenses and Cleaning,Office expenses and Cleaning,2026-08-01,12931
Opex,Opex,Office expenses and Cleaning,Office expenses and Cleaning,2026-09-01,12931
Opex,Opex,Office expenses and Cleaning,Office expenses and Cleaning,2026-10-01,12931
Opex,Opex,Office expenses and Cleaning,Office expenses and Cleaning,2026-11-01,12931
Opex,Opex,Office expenses and Cleaning,Office expenses and Cleaning,2026-12-01,12931
Opex,Opex,Office expenses and Cleaning,Office expenses and Cleaning,2027-01-01,12931
Opex,Opex,Office expenses and Cleaning,Office expenses and Cleaning,2027-02-01,12931
Opex,Opex,Office expenses and Cleaning,Office expenses and Cleaning,2027-03-01,13707
Opex,Opex,Office expenses and Cleaning,Office expenses and Cleaning,2027-04-01,13707
Opex,Opex,Office expenses and Cleaning,Office expenses and Cleaning,2027-05-31,13707
Opex,Opex,Office expenses and Cleaning,Office expenses and Cleaning,2027-06-30,13707
Opex,Opex,Office expenses and Cleaning,Office expenses and Cleaning,2027-07-01,13707
Opex,Opex,Office expenses and Cleaning,Office expenses and Cleaning,2027-08-01,13707
Opex,Opex,Office expenses and Cleaning,Office expenses and Cleaning,2027-09-01,13707
Opex,Opex,Office expenses and Cleaning,Office expenses and Cleaning,2027-10-01,13707
Opex,Opex,Office expenses and Cleaning,Office expenses and Cleaning,2027-11-01,13707
Opex,Opex,Office expenses and Cleaning,Office expenses and Cleaning,2027-12-01,13707
Opex,Opex,Office expenses and Cleaning,Office expenses and Cleaning,2028-01-01,13707
Opex,Opex,Office expenses and Cleaning,Office expenses and Cleaning,2028-02-01,13707
Opex,Opex,Printing and stationary,Printing and stationary,2023-03-31,1309
Opex,Opex,Printing and stationary,Printing and stationary,2023-04-30,2753
Opex,Opex,Printing and stationary,Printing and stationary,2023-05-31,1721
Opex,Opex,Printing and stationary,Printing and stationary,2023-06-30,1009
Opex,Opex,Printing and stationary,Printing and stationary,2023-07-31,802
Opex,Opex,Printing and stationary,Printing and stationary,2023-08-31,3842
Opex,Opex,Printing and stationary,Printing and stationary,2023-09-30,0
Opex,Opex,Printing and stationary,Printing and stationary,2023-10-31,1163
Opex,Opex,Printing and stationary,Printing and stationary,2023-11-30,1983
Opex,Opex,Printing and stationary,Printing and stationary,2023-12-31,1303
Opex,Opex,Printing and stationary,Printing and stationary,2024-01-31,2720
Opex,Opex,Printing and stationary,Printing and stationary,2024-02-29,457
Opex,Opex,Printing and stationary,Printing and stationary,2024-03-31,885
Opex,Opex,Printing and stationary,Printing and stationary,2024-04-30,4416
Opex,Opex,Printing and stationary,Printing and stationary,2024-05-31,1020
Opex,Opex,Printing and stationary,Printing and stationary,2024-06-30,1678
Opex,Opex,Printing and stationary,Printing and stationary,2024-07-31,2615
Opex,Opex,Printing and stationary,Printing and stationary,2024-08-31,1109
Opex,Opex,Printing and stationary,Printing and stationary,2024-09-30,226
Opex,Opex,Printing and stationary,Printing and stationary,2024-10-31,0
Opex,Opex,Printing and stationary,Printing and stationary,2024-11-30,0
Opex,Opex,Printing and stationary,Printing and stationary,2024-12-31,0
Opex,Opex,Printing and stationary,Printing and stationary,2025-01-31,913
Opex,Opex,Printing and stationary,Printing and stationary,2025-02-28,716
Opex,Opex,Printing and stationary,Printing and stationary,2025-03-31,0
Opex,Opex,Printing and stationary,Printing and stationary,2025-04-30,0
Opex,Opex,Printing and stationary,Printing and stationary,2025-05-31,669
Opex,Opex,Printing and stationary,Printing and stationary,2025-06-30,0
Opex,Opex,Printing and stationary,Printing and stationary,2025-07-01,0
Opex,Opex,Printing and stationary,Printing and stationary,2025-08-01,0
Opex,Opex,Printing and stationary,Printing and stationary,2025-09-01,0
Opex,Opex,Printing and stationary,Printing and stationary,2025-10-01,0
Opex,Opex,Printing and stationary,Printing and stationary,2025-11-01,0
Opex,Opex,Printing and stationary,Printing and stationary,2025-12-01,0
Opex,Opex,Printing and stationary,Printing and stationary,2026-01-01,0
Opex,Opex,Printing and stationary,Printing and stationary,2026-02-01,0
Opex,Opex,Printing and stationary,Printing and stationary,2026-03-01,3000
Opex,Opex,Printing and stationary,Printing and stationary,2026-04-01,
Opex,Opex,Printing and stationary,Printing and stationary,2026-05-31,
Opex,Opex,Printing and stationary,Printing and stationary,2026-06-30,
Opex,Opex,Printing and stationary,Printing and stationary,2026-07-01,
Opex,Opex,Printing and stationary,Printing and stationary,2026-08-01,3000
Opex,Opex,Printing and stationary,Printing and stationary,2026-09-01,
Opex,Opex,Printing and stationary,Printing and stationary,2026-10-01,
Opex,Opex,Printing and stationary,Printing and stationary,2026-11-01,
Opex,Opex,Printing and stationary,Printing and stationary,2026-12-01,
Opex,Opex,Printing and stationary,Printing and stationary,2027-01-01,3000
Opex,Opex,Printing and stationary,Printing and stationary,2027-02-01,
Opex,Opex,Printing and stationary,Printing and stationary,2027-03-01,0
Opex,Opex,Printing and stationary,Printing and stationary,2027-04-01,0
Opex,Opex,Printing and stationary,Printing and stationary,2027-05-31,0
Opex,Opex,Printing and stationary,Printing and stationary,2027-06-30,0
Opex,Opex,Printing and stationary,Printing and stationary,2027-07-01,0
Opex,Opex,Printing and stationary,Printing and stationary,2027-08-01,0
Opex,Opex,Printing and stationary,Printing and stationary,2027-09-01,0
Opex,Opex,Printing and stationary,Printing and stationary,2027-10-01,0
Opex,Opex,Printing and stationary,Printing and stationary,2027-11-01,0
Opex,Opex,Printing and stationary,Printing and stationary,2027-12-01,0
Opex,Opex,Printing and stationary,Printing and stationary,2028-01-01,0
Opex,Opex,Printing and stationary,Printing and stationary,2028-02-01,0
Opex,Opex,Recruitment fees,Recruitment fees,2023-03-31,0
Opex,Opex,Recruitment fees,Recruitment fees,2023-04-30,0
Opex,Opex,Recruitment fees,Recruitment fees,2023-05-31,0
Opex,Opex,Recruitment fees,Recruitment fees,2023-06-30,0
Opex,Opex,Recruitment fees,Recruitment fees,2023-07-31,0
Opex,Opex,Recruitment fees,Recruitment fees,2023-08-31,0
Opex,Opex,Recruitment fees,Recruitment fees,2023-09-30,0
Opex,Opex,Recruitment fees,Recruitment fees,2023-10-31,0
Opex,Opex,Recruitment fees,Recruitment fees,2023-11-30,0
Opex,Opex,Recruitment fees,Recruitment fees,2023-12-31,0
Opex,Opex,Recruitment fees,Recruitment fees,2024-01-31,0
Opex,Opex,Recruitment fees,Recruitment fees,2024-02-29,0
Opex,Opex,Recruitment fees,Recruitment fees,2024-03-31,0
Opex,Opex,Recruitment fees,Recruitment fees,2024-04-30,0
Opex,Opex,Recruitment fees,Recruitment fees,2024-05-31,0
Opex,Opex,Recruitment fees,Recruitment fees,2024-06-30,0
Opex,Opex,Recruitment fees,Recruitment fees,2024-07-31,0
Opex,Opex,Recruitment fees,Recruitment fees,2024-08-31,0
Opex,Opex,Recruitment fees,Recruitment fees,2024-09-30,0
Opex,Opex,Recruitment fees,Recruitment fees,2024-10-31,0
Opex,Opex,Recruitment fees,Recruitment fees,2024-11-30,0
Opex,Opex,Recruitment fees,Recruitment fees,2024-12-31,0
Opex,Opex,Recruitment fees,Recruitment fees,2025-01-31,0
Opex,Opex,Recruitment fees,Recruitment fees,2025-02-28,0
Opex,Opex,Recruitment fees,Recruitment fees,2025-03-31,0
Opex,Opex,Recruitment fees,Recruitment fees,2025-04-30,0
Opex,Opex,Recruitment fees,Recruitment fees,2025-05-31,0
Opex,Opex,Recruitment fees,Recruitment fees,2025-06-30,0
Opex,Opex,Recruitment fees,Recruitment fees,2025-07-01,0
Opex,Opex,Recruitment fees,Recruitment fees,2025-08-01,0
Opex,Opex,Recruitment fees,Recruitment fees,2025-09-01,0
Opex,Opex,Recruitment fees,Recruitment fees,2025-10-01,0
Opex,Opex,Recruitment fees,Recruitment fees,2025-11-01,0
Opex,Opex,Recruitment fees,Recruitment fees,2025-12-01,
Opex,Opex,Recruitment fees,Recruitment fees,2026-01-01,
Opex,Opex,Recruitment fees,Recruitment fees,2026-02-01,
Opex,Opex,Recruitment fees,Recruitment fees,2026-03-01,0
Opex,Opex,Recruitment fees,Recruitment fees,2026-04-01,0
Opex,Opex,Recruitment fees,Recruitment fees,2026-05-31,0
Opex,Opex,Recruitment fees,Recruitment fees,2026-06-30,0
Opex,Opex,Recruitment fees,Recruitment fees,2026-07-01,0
Opex,Opex,Recruitment fees,Recruitment fees,2026-08-01,0
Opex,Opex,Recruitment fees,Recruitment fees,2026-09-01,0
Opex,Opex,Recruitment fees,Recruitment fees,2026-10-01,0
Opex,Opex,Recruitment fees,Recruitment fees,2026-11-01,0
Opex,Opex,Recruitment fees,Recruitment fees,2026-12-01,0
Opex,Opex,Recruitment fees,Recruitment fees,2027-01-01,0
Opex,Opex,Recruitment fees,Recruitment fees,2027-02-01,0
Opex,Opex,Recruitment fees,Recruitment fees,2027-03-01,0
Opex,Opex,Recruitment fees,Recruitment fees,2027-04-01,0
Opex,Opex,Recruitment fees,Recruitment fees,2027-05-31,0
Opex,Opex,Recruitment fees,Recruitment fees,2027-06-30,0
Opex,Opex,Recruitment fees,Recruitment fees,2027-07-01,0
Opex,Opex,Recruitment fees,Recruitment fees,2027-08-01,0
Opex,Opex,Recruitment fees,Recruitment fees,2027-09-01,0
Opex,Opex,Recruitment fees,Recruitment fees,2027-10-01,0
Opex,Opex,Recruitment fees,Recruitment fees,2027-11-01,0
Opex,Opex,Recruitment fees,Recruitment fees,2027-12-01,0
Opex,Opex,Recruitment fees,Recruitment fees,2028-01-01,0
Opex,Opex,Recruitment fees,Recruitment fees,2028-02-01,0
Opex,Opex,Repairs and maintenance,Repairs and maintenance,2023-03-31,142547
Opex,Opex,Repairs and maintenance,Repairs and maintenance,2023-04-30,1164
Opex,Opex,Repairs and maintenance,Repairs and maintenance,2023-05-31,5441
Opex,Opex,Repairs and maintenance,Repairs and maintenance,2023-06-30,0
Opex,Opex,Repairs and maintenance,Repairs and maintenance,2023-07-31,393
Opex,Opex,Repairs and maintenance,Repairs and maintenance,2023-08-31,8239
Opex,Opex,Repairs and maintenance,Repairs and maintenance,2023-09-30,10898
Opex,Opex,Repairs and maintenance,Repairs and maintenance,2023-10-31,5840
Opex,Opex,Repairs and maintenance,Repairs and maintenance,2023-11-30,14450
Opex,Opex,Repairs and maintenance,Repairs and maintenance,2023-12-31,8188
Opex,Opex,Repairs and maintenance,Repairs and maintenance,2024-01-31,4250
Opex,Opex,Repairs and maintenance,Repairs and maintenance,2024-02-29,13911
Opex,Opex,Repairs and maintenance,Repairs and maintenance,2024-03-31,314
Opex,Opex,Repairs and maintenance,Repairs and maintenance,2024-04-30,4347
Opex,Opex,Repairs and maintenance,Repairs and maintenance,2024-05-31,687
Opex,Opex,Repairs and maintenance,Repairs and maintenance,2024-06-30,0
Opex,Opex,Repairs and maintenance,Repairs and maintenance,2024-07-31,913
Opex,Opex,Repairs and maintenance,Repairs and maintenance,2024-08-31,1000
Opex,Opex,Repairs and maintenance,Repairs and maintenance,2024-09-30,8456
Opex,Opex,Repairs and maintenance,Repairs and maintenance,2024-10-31,0
Opex,Opex,Repairs and maintenance,Repairs and maintenance,2024-11-30,10258
Opex,Opex,Repairs and maintenance,Repairs and maintenance,2024-12-31,1500
Opex,Opex,Repairs and maintenance,Repairs and maintenance,2025-01-31,7003
Opex,Opex,Repairs and maintenance,Repairs and maintenance,2025-02-28,2057
Opex,Opex,Repairs and maintenance,Repairs and maintenance,2025-03-31,10370
Opex,Opex,Repairs and maintenance,Repairs and maintenance,2025-04-30,0
Opex,Opex,Repairs and maintenance,Repairs and maintenance,2025-05-31,229
Opex,Opex,Repairs and maintenance,Repairs and maintenance,2025-06-30,4270
Opex,Opex,Repairs and maintenance,Repairs and maintenance,2025-07-01,2536
Opex,Opex,Repairs and maintenance,Repairs and maintenance,2025-08-01,633
Opex,Opex,Repairs and maintenance,Repairs and maintenance,2025-09-01,0
Opex,Opex,Repairs and maintenance,Repairs and maintenance,2025-10-01,0
Opex,Opex,Repairs and maintenance,Repairs and maintenance,2025-11-01,0
Opex,Opex,Repairs and maintenance,Repairs and maintenance,2025-12-01,339
Opex,Opex,Repairs and maintenance,Repairs and maintenance,2026-01-01,0
Opex,Opex,Repairs and maintenance,Repairs and maintenance,2026-02-01,139
Opex,Opex,Repairs and maintenance,Repairs and maintenance,2026-03-01,0
Opex,Opex,Repairs and maintenance,Repairs and maintenance,2026-04-01,0
Opex,Opex,Repairs and maintenance,Repairs and maintenance,2026-05-31,0
Opex,Opex,Repairs and maintenance,Repairs and maintenance,2026-06-30,0
Opex,Opex,Repairs and maintenance,Repairs and maintenance,2026-07-01,0
Opex,Opex,Repairs and maintenance,Repairs and maintenance,2026-08-01,0
Opex,Opex,Repairs and maintenance,Repairs and maintenance,2026-09-01,0
Opex,Opex,Repairs and maintenance,Repairs and maintenance,2026-10-01,0
Opex,Opex,Repairs and maintenance,Repairs and maintenance,2026-11-01,0
Opex,Opex,Repairs and maintenance,Repairs and maintenance,2026-12-01,0
Opex,Opex,Repairs and maintenance,Repairs and maintenance,2027-01-01,0
Opex,Opex,Repairs and maintenance,Repairs and maintenance,2027-02-01,0
Opex,Opex,Repairs and maintenance,Repairs and maintenance,2027-03-01,0
Opex,Opex,Repairs and maintenance,Repairs and maintenance,2027-04-01,0
Opex,Opex,Repairs and maintenance,Repairs and maintenance,2027-05-31,0
Opex,Opex,Repairs and maintenance,Repairs and maintenance,2027-06-30,0
Opex,Opex,Repairs and maintenance,Repairs and maintenance,2027-07-01,0
Opex,Opex,Repairs and maintenance,Repairs and maintenance,2027-08-01,0
Opex,Opex,Repairs and maintenance,Repairs and maintenance,2027-09-01,0
Opex,Opex,Repairs and maintenance,Repairs and maintenance,2027-10-01,0
Opex,Opex,Repairs and maintenance,Repairs and maintenance,2027-11-01,0
Opex,Opex,Repairs and maintenance,Repairs and maintenance,2027-12-01,0
Opex,Opex,Repairs and maintenance,Repairs and maintenance,2028-01-01,0
Opex,Opex,Repairs and maintenance,Repairs and maintenance,2028-02-01,0
Opex,Opex,Security - Alarm,Security - Alarm,2023-03-31,2950
Opex,Opex,Security - Alarm,Security - Alarm,2023-04-30,4088
Opex,Opex,Security - Alarm,Security - Alarm,2023-05-31,7797
Opex,Opex,Security - Alarm,Security - Alarm,2023-06-30,4653
Opex,Opex,Security - Alarm,Security - Alarm,2023-07-31,4134
Opex,Opex,Security - Alarm,Security - Alarm,2023-08-31,4134
Opex,Opex,Security - Alarm,Security - Alarm,2023-09-30,4135
Opex,Opex,Security - Alarm,Security - Alarm,2023-10-31,4134
Opex,Opex,Security - Alarm,Security - Alarm,2023-11-30,4134
Opex,Opex,Security - Alarm,Security - Alarm,2023-12-31,4134
Opex,Opex,Security - Alarm,Security - Alarm,2024-01-31,425
Opex,Opex,Security - Alarm,Security - Alarm,2024-02-29,4347
Opex,Opex,Security - Alarm,Security - Alarm,2024-03-31,4347
Opex,Opex,Security - Alarm,Security - Alarm,2024-04-30,4347
Opex,Opex,Security - Alarm,Security - Alarm,2024-05-31,4412
Opex,Opex,Security - Alarm,Security - Alarm,2024-06-30,4412
Opex,Opex,Security - Alarm,Security - Alarm,2024-07-31,4412
Opex,Opex,Security - Alarm,Security - Alarm,2024-08-31,4412
Opex,Opex,Security - Alarm,Security - Alarm,2024-09-30,4412
Opex,Opex,Security - Alarm,Security - Alarm,2024-10-31,4412
Opex,Opex,Security - Alarm,Security - Alarm,2024-11-30,4412
Opex,Opex,Security - Alarm,Security - Alarm,2024-12-31,4412
Opex,Opex,Security - Alarm,Security - Alarm,2025-01-31,4412
Opex,Opex,Security - Alarm,Security - Alarm,2025-02-28,4412
Opex,Opex,Security - Alarm,Security - Alarm,2025-03-31,5057
Opex,Opex,Security - Alarm,Security - Alarm,2025-04-30,4412
Opex,Opex,Security - Alarm,Security - Alarm,2025-05-31,4412
Opex,Opex,Security - Alarm,Security - Alarm,2025-06-30,4412
Opex,Opex,Security - Alarm,Security - Alarm,2025-07-01,4729
Opex,Opex,Security - Alarm,Security - Alarm,2025-08-01,5374
Opex,Opex,Security - Alarm,Security - Alarm,2025-09-01,4729
Opex,Opex,Security - Alarm,Security - Alarm,2025-10-01,4729
Opex,Opex,Security - Alarm,Security - Alarm,2025-11-01,4729
Opex,Opex,Security - Alarm,Security - Alarm,2025-12-01,526
Opex,Opex,Security - Alarm,Security - Alarm,2026-01-01,4729.0
Opex,Opex,Security - Alarm,Security - Alarm,2026-02-01,4729.0
Opex,Opex,Security - Alarm,Security - Alarm,2026-03-01,4904
Opex,Opex,Security - Alarm,Security - Alarm,2026-04-01,4904
Opex,Opex,Security - Alarm,Security - Alarm,2026-05-31,4904
Opex,Opex,Security - Alarm,Security - Alarm,2026-06-30,4904
Opex,Opex,Security - Alarm,Security - Alarm,2026-07-01,4904
Opex,Opex,Security - Alarm,Security - Alarm,2026-08-01,4904
Opex,Opex,Security - Alarm,Security - Alarm,2026-09-01,4904
Opex,Opex,Security - Alarm,Security - Alarm,2026-10-01,4904
Opex,Opex,Security - Alarm,Security - Alarm,2026-11-01,4904
Opex,Opex,Security - Alarm,Security - Alarm,2026-12-01,4904
Opex,Opex,Security - Alarm,Security - Alarm,2027-01-01,4904
Opex,Opex,Security - Alarm,Security - Alarm,2027-02-01,4904
Opex,Opex,Security - Alarm,Security - Alarm,2027-03-01,5198
Opex,Opex,Security - Alarm,Security - Alarm,2027-04-01,5198
Opex,Opex,Security - Alarm,Security - Alarm,2027-05-31,5198
Opex,Opex,Security - Alarm,Security - Alarm,2027-06-30,5198
Opex,Opex,Security - Alarm,Security - Alarm,2027-07-01,5198
Opex,Opex,Security - Alarm,Security - Alarm,2027-08-01,5198
Opex,Opex,Security - Alarm,Security - Alarm,2027-09-01,5198
Opex,Opex,Security - Alarm,Security - Alarm,2027-10-01,5198
Opex,Opex,Security - Alarm,Security - Alarm,2027-11-01,5198
Opex,Opex,Security - Alarm,Security - Alarm,2027-12-01,5198
Opex,Opex,Security - Alarm,Security - Alarm,2028-01-01,5198
Opex,Opex,Security - Alarm,Security - Alarm,2028-02-01,5198
Opex,Opex,Secretarial fees,Secretarial fees,2023-03-31,1037
Opex,Opex,Secretarial fees,Secretarial fees,2023-04-30,-1037
Opex,Opex,Secretarial fees,Secretarial fees,2023-05-31,
Opex,Opex,Secretarial fees,Secretarial fees,2023-06-30,38402
Opex,Opex,Secretarial fees,Secretarial fees,2023-07-31,0
Opex,Opex,Secretarial fees,Secretarial fees,2023-08-31,
Opex,Opex,Secretarial fees,Secretarial fees,2023-09-30,0
Opex,Opex,Secretarial fees,Secretarial fees,2023-10-31,3000
Opex,Opex,Secretarial fees,Secretarial fees,2023-11-30,0
Opex,Opex,Secretarial fees,Secretarial fees,2023-12-31,0
Opex,Opex,Secretarial fees,Secretarial fees,2024-01-31,0
Opex,Opex,Secretarial fees,Secretarial fees,2024-02-29,0
Opex,Opex,Secretarial fees,Secretarial fees,2024-03-31,0
Opex,Opex,Secretarial fees,Secretarial fees,2024-04-30,0
Opex,Opex,Secretarial fees,Secretarial fees,2024-05-31,0
Opex,Opex,Secretarial fees,Secretarial fees,2024-06-30,0
Opex,Opex,Secretarial fees,Secretarial fees,2024-07-31,0
Opex,Opex,Secretarial fees,Secretarial fees,2024-08-31,0
Opex,Opex,Secretarial fees,Secretarial fees,2024-09-30,0
Opex,Opex,Secretarial fees,Secretarial fees,2024-10-31,0
Opex,Opex,Secretarial fees,Secretarial fees,2024-11-30,0
Opex,Opex,Secretarial fees,Secretarial fees,2024-12-31,0
Opex,Opex,Secretarial fees,Secretarial fees,2025-01-31,0
Opex,Opex,Secretarial fees,Secretarial fees,2025-02-28,0
Opex,Opex,Secretarial fees,Secretarial fees,2025-03-31,0
Opex,Opex,Secretarial fees,Secretarial fees,2025-04-30,0
Opex,Opex,Secretarial fees,Secretarial fees,2025-05-31,0
Opex,Opex,Secretarial fees,Secretarial fees,2025-06-30,0
Opex,Opex,Secretarial fees,Secretarial fees,2025-07-01,0
Opex,Opex,Secretarial fees,Secretarial fees,2025-08-01,0
Opex,Opex,Secretarial fees,Secretarial fees,2025-09-01,0
Opex,Opex,Secretarial fees,Secretarial fees,2025-10-01,0
Opex,Opex,Secretarial fees,Secretarial fees,2025-11-01,0
Opex,Opex,Secretarial fees,Secretarial fees,2025-12-01,0
Opex,Opex,Secretarial fees,Secretarial fees,2026-01-01,0
Opex,Opex,Secretarial fees,Secretarial fees,2026-02-01,0
Opex,Opex,Secretarial fees,Secretarial fees,2026-03-01,0
Opex,Opex,Secretarial fees,Secretarial fees,2026-04-01,0
Opex,Opex,Secretarial fees,Secretarial fees,2026-05-31,0
Opex,Opex,Secretarial fees,Secretarial fees,2026-06-30,0
Opex,Opex,Secretarial fees,Secretarial fees,2026-07-01,0
Opex,Opex,Secretarial fees,Secretarial fees,2026-08-01,0
Opex,Opex,Secretarial fees,Secretarial fees,2026-09-01,0
Opex,Opex,Secretarial fees,Secretarial fees,2026-10-01,0
Opex,Opex,Secretarial fees,Secretarial fees,2026-11-01,0
Opex,Opex,Secretarial fees,Secretarial fees,2026-12-01,0
Opex,Opex,Secretarial fees,Secretarial fees,2027-01-01,0
Opex,Opex,Secretarial fees,Secretarial fees,2027-02-01,0
Opex,Opex,Secretarial fees,Secretarial fees,2027-03-01,0
Opex,Opex,Secretarial fees,Secretarial fees,2027-04-01,0
Opex,Opex,Secretarial fees,Secretarial fees,2027-05-31,0
Opex,Opex,Secretarial fees,Secretarial fees,2027-06-30,0
Opex,Opex,Secretarial fees,Secretarial fees,2027-07-01,0
Opex,Opex,Secretarial fees,Secretarial fees,2027-08-01,0
Opex,Opex,Secretarial fees,Secretarial fees,2027-09-01,0
Opex,Opex,Secretarial fees,Secretarial fees,2027-10-01,0
Opex,Opex,Secretarial fees,Secretarial fees,2027-11-01,0
Opex,Opex,Secretarial fees,Secretarial fees,2027-12-01,0
Opex,Opex,Secretarial fees,Secretarial fees,2028-01-01,0
Opex,Opex,Secretarial fees,Secretarial fees,2028-02-01,0
Opex,Opex,Subscriptions ,Subscriptions ,2023-03-31,5101
Opex,Opex,Subscriptions ,Subscriptions ,2023-04-30,2067
Opex,Opex,Subscriptions ,Subscriptions ,2023-05-31,9815
Opex,Opex,Subscriptions ,Subscriptions ,2023-06-30,4600
Opex,Opex,Subscriptions ,Subscriptions ,2023-07-31,6961
Opex,Opex,Subscriptions ,Subscriptions ,2023-08-31,8693
Opex,Opex,Subscriptions ,Subscriptions ,2023-09-30,5468
Opex,Opex,Subscriptions ,Subscriptions ,2023-10-31,9056
Opex,Opex,Subscriptions ,Subscriptions ,2023-11-30,7249
Opex,Opex,Subscriptions ,Subscriptions ,2023-12-31,5827
Opex,Opex,Subscriptions ,Subscriptions ,2024-01-31,5798
Opex,Opex,Subscriptions ,Subscriptions ,2024-02-29,34566
Opex,Opex,Subscriptions ,Subscriptions ,2024-03-31,17775
Opex,Opex,Subscriptions ,Subscriptions ,2024-04-30,5939
Opex,Opex,Subscriptions ,Subscriptions ,2024-05-31,10823
Opex,Opex,Subscriptions ,Subscriptions ,2024-06-30,13085
Opex,Opex,Subscriptions ,Subscriptions ,2024-07-31,20562
Opex,Opex,Subscriptions ,Subscriptions ,2024-08-31,11325
Opex,Opex,Subscriptions ,Subscriptions ,2024-09-30,10866
Opex,Opex,Subscriptions ,Subscriptions ,2024-10-31,15902
Opex,Opex,Subscriptions ,Subscriptions ,2024-11-30,15833
Opex,Opex,Subscriptions ,Subscriptions ,2024-12-31,6387
Opex,Opex,Subscriptions ,Subscriptions ,2025-01-31,4336
Opex,Opex,Subscriptions ,Subscriptions ,2025-02-28,13670
Opex,Opex,Subscriptions ,Subscriptions ,2025-03-31,9319
Opex,Opex,Subscriptions ,Subscriptions ,2025-04-30,12370
Opex,Opex,Subscriptions ,Subscriptions ,2025-05-31,14594
Opex,Opex,Subscriptions ,Subscriptions ,2025-06-30,7537
Opex,Opex,Subscriptions ,Subscriptions ,2025-07-01,6705
Opex,Opex,Subscriptions ,Subscriptions ,2025-08-01,7797
Opex,Opex,Subscriptions ,Subscriptions ,2025-09-01,3307
Opex,Opex,Subscriptions ,Subscriptions ,2025-10-01,25986
Opex,Opex,Subscriptions ,Subscriptions ,2025-11-01,26585
Opex,Opex,Subscriptions ,Subscriptions ,2025-12-01,25914
Opex,Opex,Subscriptions ,Subscriptions ,2026-01-01,25579.0
Opex,Opex,Subscriptions ,Subscriptions ,2026-02-01,25494.0
Opex,Opex,Subscriptions ,Subscriptions ,2026-03-01,14000
Opex,Opex,Subscriptions ,Subscriptions ,2026-04-01,14000
Opex,Opex,Subscriptions ,Subscriptions ,2026-05-31,14000
Opex,Opex,Subscriptions ,Subscriptions ,2026-06-30,14000
Opex,Opex,Subscriptions ,Subscriptions ,2026-07-01,14000
Opex,Opex,Subscriptions ,Subscriptions ,2026-08-01,14000
Opex,Opex,Subscriptions ,Subscriptions ,2026-09-01,14000
Opex,Opex,Subscriptions ,Subscriptions ,2026-10-01,14000
Opex,Opex,Subscriptions ,Subscriptions ,2026-11-01,14000
Opex,Opex,Subscriptions ,Subscriptions ,2026-12-01,14000
Opex,Opex,Subscriptions ,Subscriptions ,2027-01-01,14000
Opex,Opex,Subscriptions ,Subscriptions ,2027-02-01,14000
Opex,Opex,Subscriptions ,Subscriptions ,2027-03-01,14840
Opex,Opex,Subscriptions ,Subscriptions ,2027-04-01,14840
Opex,Opex,Subscriptions ,Subscriptions ,2027-05-31,14840
Opex,Opex,Subscriptions ,Subscriptions ,2027-06-30,14840
Opex,Opex,Subscriptions ,Subscriptions ,2027-07-01,14840
Opex,Opex,Subscriptions ,Subscriptions ,2027-08-01,14840
Opex,Opex,Subscriptions ,Subscriptions ,2027-09-01,14840
Opex,Opex,Subscriptions ,Subscriptions ,2027-10-01,14840
Opex,Opex,Subscriptions ,Subscriptions ,2027-11-01,14840
Opex,Opex,Subscriptions ,Subscriptions ,2027-12-01,14840
Opex,Opex,Subscriptions ,Subscriptions ,2028-01-01,14840
Opex,Opex,Subscriptions ,Subscriptions ,2028-02-01,14840
Opex,Opex,Travel,Travel- Local,2023-03-31,0
Opex,Opex,Travel,Travel- Local,2023-04-30,1521
Opex,Opex,Travel,Travel- Local,2023-05-31,0
Opex,Opex,Travel,Travel- Local,2023-06-30,389
Opex,Opex,Travel,Travel- Local,2023-07-31,9631
Opex,Opex,Travel,Travel- Local,2023-08-31,8652
Opex,Opex,Travel,Travel- Local,2023-09-30,2642
Opex,Opex,Travel,Travel- Local,2023-10-31,22701
Opex,Opex,Travel,Travel- Local,2023-11-30,12190
Opex,Opex,Travel,Travel- Local,2023-12-31,7737
Opex,Opex,Travel,Travel- Local,2024-01-31,7318
Opex,Opex,Travel,Travel- Local,2024-02-29,5930
Opex,Opex,Travel,Travel- Local,2024-03-31,1816
Opex,Opex,Travel,Travel- Local,2024-04-30,2358
Opex,Opex,Travel,Travel- Local,2024-05-31,4172
Opex,Opex,Travel,Travel- Local,2024-06-30,3106
Opex,Opex,Travel,Travel- Local,2024-07-31,4500
Opex,Opex,Travel,Travel- Local,2024-08-31,3600
Opex,Opex,Travel,Travel- Local,2024-09-30,18512
Opex,Opex,Travel,Travel- Local,2024-10-31,16500
Opex,Opex,Travel,Travel- Local,2024-11-30,14622
Opex,Opex,Travel,Travel- Local,2024-12-31,
Opex,Opex,Travel,Travel- Local,2025-01-31,2884
Opex,Opex,Travel,Travel- Local,2025-02-28,12965
Opex,Opex,Travel,Travel- Local,2025-03-31,0
Opex,Opex,Travel,Travel- Local,2025-04-30,6439
Opex,Opex,Travel,Travel- Local,2025-05-31,31493
Opex,Opex,Travel,Travel- Local,2025-06-30,13059
Opex,Opex,Travel,Travel- Local,2025-07-01,4000
Opex,Opex,Travel,Travel- Local,2025-08-01,3500
Opex,Opex,Travel,Travel- Local,2025-09-01,0
Opex,Opex,Travel,Travel- Local,2025-10-01,
Opex,Opex,Travel,Travel- Local,2025-11-01,
Opex,Opex,Travel,Travel- Local,2025-12-01,
Opex,Opex,Travel,Travel- Local,2026-01-01,
Opex,Opex,Travel,Travel- Local,2026-02-01,
Opex,Opex,Travel,Travel- Local,2026-03-01,16000
Opex,Opex,Travel,Travel- Local,2026-04-01,16000
Opex,Opex,Travel,Travel- Local,2026-05-31,16000
Opex,Opex,Travel,Travel- Local,2026-06-30,16000
Opex,Opex,Travel,Travel- Local,2026-07-01,16000
Opex,Opex,Travel,Travel- Local,2026-08-01,16000
Opex,Opex,Travel,Travel- Local,2026-09-01,16000
Opex,Opex,Travel,Travel- Local,2026-10-01,16000
Opex,Opex,Travel,Travel- Local,2026-11-01,16000
Opex,Opex,Travel,Travel- Local,2026-12-01,8000
Opex,Opex,Travel,Travel- Local,2027-01-01,8000
Opex,Opex,Travel,Travel- Local,2027-02-01,20000
Opex,Opex,Travel,Travel- Local,2027-03-01,21200
Opex,Opex,Travel,Travel- Local,2027-04-01,21200
Opex,Opex,Travel,Travel- Local,2027-05-31,21200
Opex,Opex,Travel,Travel- Local,2027-06-30,21200
Opex,Opex,Travel,Travel- Local,2027-07-01,21200
Opex,Opex,Travel,Travel- Local,2027-08-01,21200
Opex,Opex,Travel,Travel- Local,2027-09-01,21200
Opex,Opex,Travel,Travel- Local,2027-10-01,21200
Opex,Opex,Travel,Travel- Local,2027-11-01,21200
Opex,Opex,Travel,Travel- Local,2027-12-01,21200
Opex,Opex,Travel,Travel- Local,2028-01-01,21200
Opex,Opex,Travel,Travel- Local,2028-02-01,21200
Opex,Opex,Forex Gain/Loss,Forex Gain/Loss,2023-03-31,0
Opex,Opex,Forex Gain/Loss,Forex Gain/Loss,2023-04-30,0
Opex,Opex,Forex Gain/Loss,Forex Gain/Loss,2023-05-31,0
Opex,Opex,Forex Gain/Loss,Forex Gain/Loss,2023-06-30,0
Opex,Opex,Forex Gain/Loss,Forex Gain/Loss,2023-07-31,0
Opex,Opex,Forex Gain/Loss,Forex Gain/Loss,2023-08-31,0
Opex,Opex,Forex Gain/Loss,Forex Gain/Loss,2023-09-30,0
Opex,Opex,Forex Gain/Loss,Forex Gain/Loss,2023-10-31,0
Opex,Opex,Forex Gain/Loss,Forex Gain/Loss,2023-11-30,0
Opex,Opex,Forex Gain/Loss,Forex Gain/Loss,2023-12-31,0
Opex,Opex,Forex Gain/Loss,Forex Gain/Loss,2024-01-31,0
Opex,Opex,Forex Gain/Loss,Forex Gain/Loss,2024-02-29,0
Opex,Opex,Forex Gain/Loss,Forex Gain/Loss,2024-03-31,0
Opex,Opex,Forex Gain/Loss,Forex Gain/Loss,2024-04-30,0
Opex,Opex,Forex Gain/Loss,Forex Gain/Loss,2024-05-31,0
Opex,Opex,Forex Gain/Loss,Forex Gain/Loss,2024-06-30,0
Opex,Opex,Forex Gain/Loss,Forex Gain/Loss,2024-07-31,0
Opex,Opex,Forex Gain/Loss,Forex Gain/Loss,2024-08-31,0
Opex,Opex,Forex Gain/Loss,Forex Gain/Loss,2024-09-30,0
Opex,Opex,Forex Gain/Loss,Forex Gain/Loss,2024-10-31,0
Opex,Opex,Forex Gain/Loss,Forex Gain/Loss,2024-11-30,0
Opex,Opex,Forex Gain/Loss,Forex Gain/Loss,2024-12-31,0
Opex,Opex,Forex Gain/Loss,Forex Gain/Loss,2025-01-31,1939
Opex,Opex,Forex Gain/Loss,Forex Gain/Loss,2025-02-28,4025
Opex,Opex,Forex Gain/Loss,Forex Gain/Loss,2025-03-31,-170
Opex,Opex,Forex Gain/Loss,Forex Gain/Loss,2025-04-30,4915
Opex,Opex,Forex Gain/Loss,Forex Gain/Loss,2025-05-31,-742
Opex,Opex,Forex Gain/Loss,Forex Gain/Loss,2025-06-30,4805
Opex,Opex,Forex Gain/Loss,Forex Gain/Loss,2025-07-01,409
Opex,Opex,Forex Gain/Loss,Forex Gain/Loss,2025-08-01,2372
Opex,Opex,Forex Gain/Loss,Forex Gain/Loss,2025-09-01,0
Opex,Opex,Forex Gain/Loss,Forex Gain/Loss,2025-10-01,13015
Opex,Opex,Forex Gain/Loss,Forex Gain/Loss,2025-11-01,1133
Opex,Opex,Forex Gain/Loss,Forex Gain/Loss,2025-12-01,0
Opex,Opex,Forex Gain/Loss,Forex Gain/Loss,2026-01-01,8678.0
Opex,Opex,Forex Gain/Loss,Forex Gain/Loss,2026-02-01,-2485.0
Opex,Opex,Forex Gain/Loss,Forex Gain/Loss,2026-03-01,0
Opex,Opex,Forex Gain/Loss,Forex Gain/Loss,2026-04-01,0
Opex,Opex,Forex Gain/Loss,Forex Gain/Loss,2026-05-31,0
Opex,Opex,Forex Gain/Loss,Forex Gain/Loss,2026-06-30,0
Opex,Opex,Forex Gain/Loss,Forex Gain/Loss,2026-07-01,0
Opex,Opex,Forex Gain/Loss,Forex Gain/Loss,2026-08-01,0
Opex,Opex,Forex Gain/Loss,Forex Gain/Loss,2026-09-01,0
Opex,Opex,Forex Gain/Loss,Forex Gain/Loss,2026-10-01,0
Opex,Opex,Forex Gain/Loss,Forex Gain/Loss,2026-11-01,0
Opex,Opex,Forex Gain/Loss,Forex Gain/Loss,2026-12-01,0
Opex,Opex,Forex Gain/Loss,Forex Gain/Loss,2027-01-01,0
Opex,Opex,Forex Gain/Loss,Forex Gain/Loss,2027-02-01,0
Opex,Opex,Forex Gain/Loss,Forex Gain/Loss,2027-03-01,0
Opex,Opex,Forex Gain/Loss,Forex Gain/Loss,2027-04-01,0
Opex,Opex,Forex Gain/Loss,Forex Gain/Loss,2027-05-31,0
Opex,Opex,Forex Gain/Loss,Forex Gain/Loss,2027-06-30,0
Opex,Opex,Forex Gain/Loss,Forex Gain/Loss,2027-07-01,0
Opex,Opex,Forex Gain/Loss,Forex Gain/Loss,2027-08-01,0
Opex,Opex,Forex Gain/Loss,Forex Gain/Loss,2027-09-01,0
Opex,Opex,Forex Gain/Loss,Forex Gain/Loss,2027-10-01,0
Opex,Opex,Forex Gain/Loss,Forex Gain/Loss,2027-11-01,0
Opex,Opex,Forex Gain/Loss,Forex Gain/Loss,2027-12-01,0
Opex,Opex,Forex Gain/Loss,Forex Gain/Loss,2028-01-01,0
Opex,Opex,Forex Gain/Loss,Forex Gain/Loss,2028-02-01,0
Opex,Opex,Events Charge Out ,Events Charge Out ,2023-03-31,10987
Opex,Opex,Events Charge Out ,Events Charge Out ,2023-04-30,7653
Opex,Opex,Events Charge Out ,Events Charge Out ,2023-05-31,8264
Opex,Opex,Events Charge Out ,Events Charge Out ,2023-06-30,8386
Opex,Opex,Events Charge Out ,Events Charge Out ,2023-07-31,12384
Opex,Opex,Events Charge Out ,Events Charge Out ,2023-08-31,11337
Opex,Opex,Events Charge Out ,Events Charge Out ,2023-09-30,13467
Opex,Opex,Events Charge Out ,Events Charge Out ,2023-10-31,8351
Opex,Opex,Events Charge Out ,Events Charge Out ,2023-11-30,24851
Opex,Opex,Events Charge Out ,Events Charge Out ,2023-12-31,29285
Opex,Opex,Events Charge Out ,Events Charge Out ,2024-01-31,7513
Opex,Opex,Events Charge Out ,Events Charge Out ,2024-02-29,72251
Opex,Opex,Events Charge Out ,Events Charge Out ,2024-03-31,17778
Opex,Opex,Events Charge Out ,Events Charge Out ,2024-04-30,45669
Opex,Opex,Events Charge Out ,Events Charge Out ,2024-05-31,14891
Opex,Opex,Events Charge Out ,Events Charge Out ,2024-06-30,15020
Opex,Opex,Events Charge Out ,Events Charge Out ,2024-07-31,19206
Opex,Opex,Events Charge Out ,Events Charge Out ,2024-08-31,18148
Opex,Opex,Events Charge Out ,Events Charge Out ,2024-09-30,20406
Opex,Opex,Events Charge Out ,Events Charge Out ,2024-10-31,14983
Opex,Opex,Events Charge Out ,Events Charge Out ,2024-11-30,33693
Opex,Opex,Events Charge Out ,Events Charge Out ,2024-12-31,38395
Opex,Opex,Events Charge Out ,Events Charge Out ,2025-01-31,14095
Opex,Opex,Events Charge Out ,Events Charge Out ,2025-02-28,82717
Opex,Opex,Events Charge Out ,Events Charge Out ,2025-03-31,18844
Opex,Opex,Events Charge Out ,Events Charge Out ,2025-04-30,15098
Opex,Opex,Events Charge Out ,Events Charge Out ,2025-05-31,15784
Opex,Opex,Events Charge Out ,Events Charge Out ,2025-06-30,15921
Opex,Opex,Events Charge Out ,Events Charge Out ,2025-07-01,20358
Opex,Opex,Events Charge Out ,Events Charge Out ,2025-08-01,19237
Opex,Opex,Events Charge Out ,Events Charge Out ,2025-09-01,21630
Opex,Opex,Events Charge Out ,Events Charge Out ,2025-10-01,15882
Opex,Opex,Events Charge Out ,Events Charge Out ,2025-11-01,35716
Opex,Opex,Events Charge Out ,Events Charge Out ,2025-12-01,40698
Opex,Opex,Events Charge Out ,Events Charge Out ,2026-01-01,14941.0
Opex,Opex,Events Charge Out ,Events Charge Out ,2026-02-01,87680.0
Opex,Opex,Events Charge Out ,Events Charge Out ,2026-03-01,19975
Opex,Opex,Events Charge Out ,Events Charge Out ,2026-04-01,16003
Opex,Opex,Events Charge Out ,Events Charge Out ,2026-05-31,16731
Opex,Opex,Events Charge Out ,Events Charge Out ,2026-06-30,16877
Opex,Opex,Events Charge Out ,Events Charge Out ,2026-07-01,21580
Opex,Opex,Events Charge Out ,Events Charge Out ,2026-08-01,20391
Opex,Opex,Events Charge Out ,Events Charge Out ,2026-09-01,22928
Opex,Opex,Events Charge Out ,Events Charge Out ,2026-10-01,16835
Opex,Opex,Events Charge Out ,Events Charge Out ,2026-11-01,37858
Opex,Opex,Events Charge Out ,Events Charge Out ,2026-12-01,43140
Opex,Opex,Events Charge Out ,Events Charge Out ,2027-01-01,15837
Opex,Opex,Events Charge Out ,Events Charge Out ,2027-02-01,92940
Opex,Opex,Events Charge Out ,Events Charge Out ,2027-03-01,92940
Opex,Opex,Events Charge Out ,Events Charge Out ,2027-04-01,92940
Opex,Opex,Events Charge Out ,Events Charge Out ,2027-05-31,92940
Opex,Opex,Events Charge Out ,Events Charge Out ,2027-06-30,92940
Opex,Opex,Events Charge Out ,Events Charge Out ,2027-07-01,92940
Opex,Opex,Events Charge Out ,Events Charge Out ,2027-08-01,92940
Opex,Opex,Events Charge Out ,Events Charge Out ,2027-09-01,92940
Opex,Opex,Events Charge Out ,Events Charge Out ,2027-10-01,92940
Opex,Opex,Events Charge Out ,Events Charge Out ,2027-11-01,92940
Opex,Opex,Events Charge Out ,Events Charge Out ,2027-12-01,92940
Opex,Opex,Events Charge Out ,Events Charge Out ,2028-01-01,92940
Opex,Opex,Events Charge Out ,Events Charge Out ,2028-02-01,92940
Opex,Opex,Staff training,Staff training,2023-03-31,0
Opex,Opex,Staff training,Staff training,2023-04-30,0
Opex,Opex,Staff training,Staff training,2023-05-31,0
Opex,Opex,Staff training,Staff training,2023-06-30,0
Opex,Opex,Staff training,Staff training,2023-07-31,0
Opex,Opex,Staff training,Staff training,2023-08-31,0
Opex,Opex,Staff training,Staff training,2023-09-30,34130
Opex,Opex,Staff training,Staff training,2023-10-31,4500
Opex,Opex,Staff training,Staff training,2023-11-30,0
Opex,Opex,Staff training,Staff training,2023-12-31,0
Opex,Opex,Staff training,Staff training,2024-01-31,0
Opex,Opex,Staff training,Staff training,2024-02-29,0
Opex,Opex,Staff training,Staff training,2024-03-31,0
Opex,Opex,Staff training,Staff training,2024-04-30,0
Opex,Opex,Staff training,Staff training,2024-05-31,0
Opex,Opex,Staff training,Staff training,2024-06-30,0
Opex,Opex,Staff training,Staff training,2024-07-31,0
Opex,Opex,Staff training,Staff training,2024-08-31,0
Opex,Opex,Staff training,Staff training,2024-09-30,0
Opex,Opex,Staff training,Staff training,2024-10-31,0
Opex,Opex,Staff training,Staff training,2024-11-30,0
Opex,Opex,Staff training,Staff training,2024-12-31,0
Opex,Opex,Staff training,Staff training,2025-01-31,0
Opex,Opex,Staff training,Staff training,2025-02-28,0
Opex,Opex,Staff training,Staff training,2025-03-31,5200
Opex,Opex,Staff training,Staff training,2025-04-30,0
Opex,Opex,Staff training,Staff training,2025-05-31,0
Opex,Opex,Staff training,Staff training,2025-06-30,0
Opex,Opex,Staff training,Staff training,2025-07-01,0
Opex,Opex,Staff training,Staff training,2025-08-01,0
Opex,Opex,Staff training,Staff training,2025-09-01,0
Opex,Opex,Staff training,Staff training,2025-10-01,0
Opex,Opex,Staff training,Staff training,2025-11-01,0
Opex,Opex,Staff training,Staff training,2025-12-01,0
Opex,Opex,Staff training,Staff training,2026-01-01,0
Opex,Opex,Staff training,Staff training,2026-02-01,0
Opex,Opex,Staff training,Staff training,2026-03-01,0
Opex,Opex,Staff training,Staff training,2026-04-01,0
Opex,Opex,Staff training,Staff training,2026-05-31,0
Opex,Opex,Staff training,Staff training,2026-06-30,0
Opex,Opex,Staff training,Staff training,2026-07-01,0
Opex,Opex,Staff training,Staff training,2026-08-01,0
Opex,Opex,Staff training,Staff training,2026-09-01,0
Opex,Opex,Staff training,Staff training,2026-10-01,0
Opex,Opex,Staff training,Staff training,2026-11-01,0
Opex,Opex,Staff training,Staff training,2026-12-01,0
Opex,Opex,Staff training,Staff training,2027-01-01,0
Opex,Opex,Staff training,Staff training,2027-02-01,0
Opex,Opex,Staff training,Staff training,2027-03-01,0
Opex,Opex,Staff training,Staff training,2027-04-01,0
Opex,Opex,Staff training,Staff training,2027-05-31,0
Opex,Opex,Staff training,Staff training,2027-06-30,0
Opex,Opex,Staff training,Staff training,2027-07-01,0
Opex,Opex,Staff training,Staff training,2027-08-01,0
Opex,Opex,Staff training,Staff training,2027-09-01,0
Opex,Opex,Staff training,Staff training,2027-10-01,0
Opex,Opex,Staff training,Staff training,2027-11-01,0
Opex,Opex,Staff training,Staff training,2027-12-01,0
Opex,Opex,Staff training,Staff training,2028-01-01,0
Opex,Opex,Staff training,Staff training,2028-02-01,0
Opex,Opex,Staff welfare,Staff welfare,2023-03-31,10022
Opex,Opex,Staff welfare,Staff welfare,2023-04-30,8394
Opex,Opex,Staff welfare,Staff welfare,2023-05-31,7090
Opex,Opex,Staff welfare,Staff welfare,2023-06-30,13375
Opex,Opex,Staff welfare,Staff welfare,2023-07-31,12563
Opex,Opex,Staff welfare,Staff welfare,2023-08-31,15828
Opex,Opex,Staff welfare,Staff welfare,2023-09-30,7638
Opex,Opex,Staff welfare,Staff welfare,2023-10-31,12238
Opex,Opex,Staff welfare,Staff welfare,2023-11-30,10377
Opex,Opex,Staff welfare,Staff welfare,2023-12-31,19567
Opex,Opex,Staff welfare,Staff welfare,2024-01-31,10596
Opex,Opex,Staff welfare,Staff welfare,2024-02-29,12680
Opex,Opex,Staff welfare,Staff welfare,2024-03-31,7379
Opex,Opex,Staff welfare,Staff welfare,2024-04-30,17743
Opex,Opex,Staff welfare,Staff welfare,2024-05-31,17275
Opex,Opex,Staff welfare,Staff welfare,2024-06-30,14769
Opex,Opex,Staff welfare,Staff welfare,2024-07-31,22508
Opex,Opex,Staff welfare,Staff welfare,2024-08-31,18052
Opex,Opex,Staff welfare,Staff welfare,2024-09-30,11335
Opex,Opex,Staff welfare,Staff welfare,2024-10-31,13560
Opex,Opex,Staff welfare,Staff welfare,2024-11-30,12466
Opex,Opex,Staff welfare,Staff welfare,2024-12-31,18009
Opex,Opex,Staff welfare,Staff welfare,2025-01-31,15883
Opex,Opex,Staff welfare,Staff welfare,2025-02-28,14127
Opex,Opex,Staff welfare,Staff welfare,2025-03-31,14676
Opex,Opex,Staff welfare,Staff welfare,2025-04-30,12149
Opex,Opex,Staff welfare,Staff welfare,2025-05-31,16523
Opex,Opex,Staff welfare,Staff welfare,2025-06-30,8602
Opex,Opex,Staff welfare,Staff welfare,2025-07-01,11331
Opex,Opex,Staff welfare,Staff welfare,2025-08-01,15561
Opex,Opex,Staff welfare,Staff welfare,2025-09-01,6756
Opex,Opex,Staff welfare,Staff welfare,2025-10-01,13477
Opex,Opex,Staff welfare,Staff welfare,2025-11-01,9267
Opex,Opex,Staff welfare,Staff welfare,2025-12-01,24579
Opex,Opex,Staff welfare,Staff welfare,2026-01-01,14577.0
Opex,Opex,Staff welfare,Staff welfare,2026-02-01,11585.0
Opex,Opex,Staff welfare,Staff welfare,2026-03-01,16500
Opex,Opex,Staff welfare,Staff welfare,2026-04-01,16500
Opex,Opex,Staff welfare,Staff welfare,2026-05-31,16500
Opex,Opex,Staff welfare,Staff welfare,2026-06-30,16500
Opex,Opex,Staff welfare,Staff welfare,2026-07-01,16500
Opex,Opex,Staff welfare,Staff welfare,2026-08-01,16500
Opex,Opex,Staff welfare,Staff welfare,2026-09-01,16500
Opex,Opex,Staff welfare,Staff welfare,2026-10-01,16500
Opex,Opex,Staff welfare,Staff welfare,2026-11-01,16500
Opex,Opex,Staff welfare,Staff welfare,2026-12-01,16500
Opex,Opex,Staff welfare,Staff welfare,2027-01-01,16500
Opex,Opex,Staff welfare,Staff welfare,2027-02-01,16500
Opex,Opex,Staff welfare,Staff welfare,2027-03-01,17490
Opex,Opex,Staff welfare,Staff welfare,2027-04-01,17490
Opex,Opex,Staff welfare,Staff welfare,2027-05-31,17490
Opex,Opex,Staff welfare,Staff welfare,2027-06-30,17490
Opex,Opex,Staff welfare,Staff welfare,2027-07-01,17490
Opex,Opex,Staff welfare,Staff welfare,2027-08-01,17490
Opex,Opex,Staff welfare,Staff welfare,2027-09-01,17490
Opex,Opex,Staff welfare,Staff welfare,2027-10-01,17490
Opex,Opex,Staff welfare,Staff welfare,2027-11-01,17490
Opex,Opex,Staff welfare,Staff welfare,2027-12-01,17490
Opex,Opex,Staff welfare,Staff welfare,2028-01-01,17490
Opex,Opex,Staff welfare,Staff welfare,2028-02-01,17490
EBITDA before SAC,EBITDA before SAC,EBITDA before SAC,EBITDA before SAC,2023-03-31,647449
EBITDA before SAC,EBITDA before SAC,EBITDA before SAC,EBITDA before SAC,2023-04-30,632008
EBITDA before SAC,EBITDA before SAC,EBITDA before SAC,EBITDA before SAC,2023-05-31,544561
EBITDA before SAC,EBITDA before SAC,EBITDA before SAC,EBITDA before SAC,2023-06-30,920172
EBITDA before SAC,EBITDA before SAC,EBITDA before SAC,EBITDA before SAC,2023-07-31,915200
EBITDA before SAC,EBITDA before SAC,EBITDA before SAC,EBITDA before SAC,2023-08-31,5271996
EBITDA before SAC,EBITDA before SAC,EBITDA before SAC,EBITDA before SAC,2023-09-30,462732
EBITDA before SAC,EBITDA before SAC,EBITDA before SAC,EBITDA before SAC,2023-10-31,3428049
EBITDA before SAC,EBITDA before SAC,EBITDA before SAC,EBITDA before SAC,2023-11-30,440995
EBITDA before SAC,EBITDA before SAC,EBITDA before SAC,EBITDA before SAC,2023-12-31,-528422
EBITDA before SAC,EBITDA before SAC,EBITDA before SAC,EBITDA before SAC,2024-01-31,-31356
EBITDA before SAC,EBITDA before SAC,EBITDA before SAC,EBITDA before SAC,2024-02-29,-202048
EBITDA before SAC,EBITDA before SAC,EBITDA before SAC,EBITDA before SAC,2024-03-31,70252
EBITDA before SAC,EBITDA before SAC,EBITDA before SAC,EBITDA before SAC,2024-04-30,69799
EBITDA before SAC,EBITDA before SAC,EBITDA before SAC,EBITDA before SAC,2024-05-31,202927
EBITDA before SAC,EBITDA before SAC,EBITDA before SAC,EBITDA before SAC,2024-06-30,-356192
EBITDA before SAC,EBITDA before SAC,EBITDA before SAC,EBITDA before SAC,2024-07-31,-42226
EBITDA before SAC,EBITDA before SAC,EBITDA before SAC,EBITDA before SAC,2024-08-31,579207
EBITDA before SAC,EBITDA before SAC,EBITDA before SAC,EBITDA before SAC,2024-09-30,-345262
EBITDA before SAC,EBITDA before SAC,EBITDA before SAC,EBITDA before SAC,2024-10-31,567536
EBITDA before SAC,EBITDA before SAC,EBITDA before SAC,EBITDA before SAC,2024-11-30,864126
EBITDA before SAC,EBITDA before SAC,EBITDA before SAC,EBITDA before SAC,2024-12-31,1185713
EBITDA before SAC,EBITDA before SAC,EBITDA before SAC,EBITDA before SAC,2025-01-31,-309620
EBITDA before SAC,EBITDA before SAC,EBITDA before SAC,EBITDA before SAC,2025-02-28,45954
EBITDA before SAC,EBITDA before SAC,EBITDA before SAC,EBITDA before SAC,2025-03-31,44545
EBITDA before SAC,EBITDA before SAC,EBITDA before SAC,EBITDA before SAC,2025-04-30,933876
EBITDA before SAC,EBITDA before SAC,EBITDA before SAC,EBITDA before SAC,2025-05-31,726891
EBITDA before SAC,EBITDA before SAC,EBITDA before SAC,EBITDA before SAC,2025-06-30,762950
EBITDA before SAC,EBITDA before SAC,EBITDA before SAC,EBITDA before SAC,2025-07-01,781058
EBITDA before SAC,EBITDA before SAC,EBITDA before SAC,EBITDA before SAC,2025-08-01,727049
EBITDA before SAC,EBITDA before SAC,EBITDA before SAC,EBITDA before SAC,2025-09-01,875003
EBITDA before SAC,EBITDA before SAC,EBITDA before SAC,EBITDA before SAC,2025-10-01,2153845
EBITDA before SAC,EBITDA before SAC,EBITDA before SAC,EBITDA before SAC,2025-11-01,2181337
EBITDA before SAC,EBITDA before SAC,EBITDA before SAC,EBITDA before SAC,2025-12-01,3031826
EBITDA before SAC,EBITDA before SAC,EBITDA before SAC,EBITDA before SAC,2026-01-01,1774236.0
EBITDA before SAC,EBITDA before SAC,EBITDA before SAC,EBITDA before SAC,2026-02-01,1595825.0
EBITDA before SAC,EBITDA before SAC,EBITDA before SAC,EBITDA before SAC,2026-03-01,2774992
EBITDA before SAC,EBITDA before SAC,EBITDA before SAC,EBITDA before SAC,2026-04-01,2840206
EBITDA before SAC,EBITDA before SAC,EBITDA before SAC,EBITDA before SAC,2026-05-31,2894207
EBITDA before SAC,EBITDA before SAC,EBITDA before SAC,EBITDA before SAC,2026-06-30,2988199
EBITDA before SAC,EBITDA before SAC,EBITDA before SAC,EBITDA before SAC,2026-07-01,2965787
EBITDA before SAC,EBITDA before SAC,EBITDA before SAC,EBITDA before SAC,2026-08-01,2960761
EBITDA before SAC,EBITDA before SAC,EBITDA before SAC,EBITDA before SAC,2026-09-01,3080504
EBITDA before SAC,EBITDA before SAC,EBITDA before SAC,EBITDA before SAC,2026-10-01,2935370
EBITDA before SAC,EBITDA before SAC,EBITDA before SAC,EBITDA before SAC,2026-11-01,2450138
EBITDA before SAC,EBITDA before SAC,EBITDA before SAC,EBITDA before SAC,2026-12-01,2251765
EBITDA before SAC,EBITDA before SAC,EBITDA before SAC,EBITDA before SAC,2027-01-01,2069518
EBITDA before SAC,EBITDA before SAC,EBITDA before SAC,EBITDA before SAC,2027-02-01,2177568
EBITDA before SAC,EBITDA before SAC,EBITDA before SAC,EBITDA before SAC,2027-03-01,-23361
EBITDA before SAC,EBITDA before SAC,EBITDA before SAC,EBITDA before SAC,2027-04-01,-553526
EBITDA before SAC,EBITDA before SAC,EBITDA before SAC,EBITDA before SAC,2027-05-31,-394331
EBITDA before SAC,EBITDA before SAC,EBITDA before SAC,EBITDA before SAC,2027-06-30,-564200
EBITDA before SAC,EBITDA before SAC,EBITDA before SAC,EBITDA before SAC,2027-07-01,-368947
EBITDA before SAC,EBITDA before SAC,EBITDA before SAC,EBITDA before SAC,2027-08-01,-926400
EBITDA before SAC,EBITDA before SAC,EBITDA before SAC,EBITDA before SAC,2027-09-01,-684412
EBITDA before SAC,EBITDA before SAC,EBITDA before SAC,EBITDA before SAC,2027-10-01,-1017615
EBITDA before SAC,EBITDA before SAC,EBITDA before SAC,EBITDA before SAC,2027-11-01,-972302
EBITDA before SAC,EBITDA before SAC,EBITDA before SAC,EBITDA before SAC,2027-12-01,-1566415
EBITDA before SAC,EBITDA before SAC,EBITDA before SAC,EBITDA before SAC,2028-01-01,-1540837
EBITDA before SAC,EBITDA before SAC,EBITDA before SAC,EBITDA before SAC,2028-02-01,-2528970
Opex/Revenue,Opex/Revenue,Opex/Revenue,Fixed Costs/Revenue,2023-03-31,0.2612
Opex/Revenue,Opex/Revenue,Opex/Revenue,Fixed Costs/Revenue,2023-04-30,0.2458
Opex/Revenue,Opex/Revenue,Opex/Revenue,Fixed Costs/Revenue,2023-05-31,0.2546
Opex/Revenue,Opex/Revenue,Opex/Revenue,Fixed Costs/Revenue,2023-06-30,0.2753
Opex/Revenue,Opex/Revenue,Opex/Revenue,Fixed Costs/Revenue,2023-07-31,0.2666
Opex/Revenue,Opex/Revenue,Opex/Revenue,Fixed Costs/Revenue,2023-08-31,0.2709
Opex/Revenue,Opex/Revenue,Opex/Revenue,Fixed Costs/Revenue,2023-09-30,0.3238
Opex/Revenue,Opex/Revenue,Opex/Revenue,Fixed Costs/Revenue,2023-10-31,0.2852
Opex/Revenue,Opex/Revenue,Opex/Revenue,Fixed Costs/Revenue,2023-11-30,0.2991
Opex/Revenue,Opex/Revenue,Opex/Revenue,Fixed Costs/Revenue,2023-12-31,0.3909
Opex/Revenue,Opex/Revenue,Opex/Revenue,Fixed Costs/Revenue,2024-01-31,0.3166
Opex/Revenue,Opex/Revenue,Opex/Revenue,Fixed Costs/Revenue,2024-02-29,0.3273
Opex/Revenue,Opex/Revenue,Opex/Revenue,Fixed Costs/Revenue,2024-03-31,0.3228
Opex/Revenue,Opex/Revenue,Opex/Revenue,Fixed Costs/Revenue,2024-04-30,0.3338
Opex/Revenue,Opex/Revenue,Opex/Revenue,Fixed Costs/Revenue,2024-05-31,0.3195
Opex/Revenue,Opex/Revenue,Opex/Revenue,Fixed Costs/Revenue,2024-06-30,0.3533
Opex/Revenue,Opex/Revenue,Opex/Revenue,Fixed Costs/Revenue,2024-07-31,0.3142
Opex/Revenue,Opex/Revenue,Opex/Revenue,Fixed Costs/Revenue,2024-08-31,0.2779
Opex/Revenue,Opex/Revenue,Opex/Revenue,Fixed Costs/Revenue,2024-09-30,0.282
Opex/Revenue,Opex/Revenue,Opex/Revenue,Fixed Costs/Revenue,2024-10-31,0.2711
Opex/Revenue,Opex/Revenue,Opex/Revenue,Fixed Costs/Revenue,2024-11-30,0.2574
Opex/Revenue,Opex/Revenue,Opex/Revenue,Fixed Costs/Revenue,2024-12-31,0.2349
Opex/Revenue,Opex/Revenue,Opex/Revenue,Fixed Costs/Revenue,2025-01-31,0.2859
Opex/Revenue,Opex/Revenue,Opex/Revenue,Fixed Costs/Revenue,2025-02-28,0.2918
Opex/Revenue,Opex/Revenue,Opex/Revenue,Fixed Costs/Revenue,2025-03-31,0.2734
Opex/Revenue,Opex/Revenue,Opex/Revenue,Fixed Costs/Revenue,2025-04-30,0.2631
Opex/Revenue,Opex/Revenue,Opex/Revenue,Fixed Costs/Revenue,2025-05-31,0.2585
Opex/Revenue,Opex/Revenue,Opex/Revenue,Fixed Costs/Revenue,2025-06-30,0.2388
Opex/Revenue,Opex/Revenue,Opex/Revenue,Fixed Costs/Revenue,2025-07-01,0.2147
Opex/Revenue,Opex/Revenue,Opex/Revenue,Fixed Costs/Revenue,2025-08-01,0.2149
Opex/Revenue,Opex/Revenue,Opex/Revenue,Fixed Costs/Revenue,2025-09-01,0.2092
Opex/Revenue,Opex/Revenue,Opex/Revenue,Fixed Costs/Revenue,2025-10-01,0.2013
Opex/Revenue,Opex/Revenue,Opex/Revenue,Fixed Costs/Revenue,2025-11-01,0.2357
Opex/Revenue,Opex/Revenue,Opex/Revenue,Fixed Costs/Revenue,2025-12-01,0.2053
Opex/Revenue,Opex/Revenue,Opex/Revenue,Fixed Costs/Revenue,2026-01-01,
Opex/Revenue,Opex/Revenue,Opex/Revenue,Fixed Costs/Revenue,2026-02-01,
Opex/Revenue,Opex/Revenue,Opex/Revenue,Fixed Costs/Revenue,2026-03-01,0.187
Opex/Revenue,Opex/Revenue,Opex/Revenue,Fixed Costs/Revenue,2026-04-01,0.1833
Opex/Revenue,Opex/Revenue,Opex/Revenue,Fixed Costs/Revenue,2026-05-31,0.182
Opex/Revenue,Opex/Revenue,Opex/Revenue,Fixed Costs/Revenue,2026-06-30,0.1786
Opex/Revenue,Opex/Revenue,Opex/Revenue,Fixed Costs/Revenue,2026-07-01,0.1789
Opex/Revenue,Opex/Revenue,Opex/Revenue,Fixed Costs/Revenue,2026-08-01,0.1776
Opex/Revenue,Opex/Revenue,Opex/Revenue,Fixed Costs/Revenue,2026-09-01,0.1747
Opex/Revenue,Opex/Revenue,Opex/Revenue,Fixed Costs/Revenue,2026-10-01,0.1726
Opex/Revenue,Opex/Revenue,Opex/Revenue,Fixed Costs/Revenue,2026-11-01,0.1766
Opex/Revenue,Opex/Revenue,Opex/Revenue,Fixed Costs/Revenue,2026-12-01,0.1785
Opex/Revenue,Opex/Revenue,Opex/Revenue,Fixed Costs/Revenue,2027-01-01,0.1791
Opex/Revenue,Opex/Revenue,Opex/Revenue,Fixed Costs/Revenue,2027-02-01,0.1815
Opex/Revenue,Opex/Revenue,Opex/Revenue,Fixed Costs/Revenue,2027-03-01,0.1874
Opex/Revenue,Opex/Revenue,Opex/Revenue,Fixed Costs/Revenue,2027-04-01,0.1891
Opex/Revenue,Opex/Revenue,Opex/Revenue,Fixed Costs/Revenue,2027-05-31,0.1896
Opex/Revenue,Opex/Revenue,Opex/Revenue,Fixed Costs/Revenue,2027-06-30,0.1864
Opex/Revenue,Opex/Revenue,Opex/Revenue,Fixed Costs/Revenue,2027-07-01,0.1835
Opex/Revenue,Opex/Revenue,Opex/Revenue,Fixed Costs/Revenue,2027-08-01,0.1847
Opex/Revenue,Opex/Revenue,Opex/Revenue,Fixed Costs/Revenue,2027-09-01,0.1828
Opex/Revenue,Opex/Revenue,Opex/Revenue,Fixed Costs/Revenue,2027-10-01,0.1808
Opex/Revenue,Opex/Revenue,Opex/Revenue,Fixed Costs/Revenue,2027-11-01,0.1806
Opex/Revenue,Opex/Revenue,Opex/Revenue,Fixed Costs/Revenue,2027-12-01,0.1842
Opex/Revenue,Opex/Revenue,Opex/Revenue,Fixed Costs/Revenue,2028-01-01,0.1865
Opex/Revenue,Opex/Revenue,Opex/Revenue,Fixed Costs/Revenue,2028-02-01,0.197
Acqusition Cost,Acqusition Cost,Instore Promoter,Instore Promoter,2023-03-31,47000
Acqusition Cost,Acqusition Cost,Instore Promoter,Instore Promoter,2023-04-30,54000
Acqusition Cost,Acqusition Cost,Instore Promoter,Instore Promoter,2023-05-31,
Acqusition Cost,Acqusition Cost,Instore Promoter,Instore Promoter,2023-06-30,72793
Acqusition Cost,Acqusition Cost,Instore Promoter,Instore Promoter,2023-07-31,68810
Acqusition Cost,Acqusition Cost,Instore Promoter,Instore Promoter,2023-08-31,77296
Acqusition Cost,Acqusition Cost,Instore Promoter,Instore Promoter,2023-09-30,80420
Acqusition Cost,Acqusition Cost,Instore Promoter,Instore Promoter,2023-10-31,109992
Acqusition Cost,Acqusition Cost,Instore Promoter,Instore Promoter,2023-11-30,145991
Acqusition Cost,Acqusition Cost,Instore Promoter,Instore Promoter,2023-12-31,196324
Acqusition Cost,Acqusition Cost,Instore Promoter,Instore Promoter,2024-01-31,217031
Acqusition Cost,Acqusition Cost,Instore Promoter,Instore Promoter,2024-02-29,156877
Acqusition Cost,Acqusition Cost,Instore Promoter,Instore Promoter,2024-03-31,163450
Acqusition Cost,Acqusition Cost,Instore Promoter,Instore Promoter,2024-04-30,217695
Acqusition Cost,Acqusition Cost,Instore Promoter,Instore Promoter,2024-05-31,238327
Acqusition Cost,Acqusition Cost,Instore Promoter,Instore Promoter,2024-06-30,230984
Acqusition Cost,Acqusition Cost,Instore Promoter,Instore Promoter,2024-07-31,321177
Acqusition Cost,Acqusition Cost,Instore Promoter,Instore Promoter,2024-08-31,310693
Acqusition Cost,Acqusition Cost,Instore Promoter,Instore Promoter,2024-09-30,339331
Acqusition Cost,Acqusition Cost,Instore Promoter,Instore Promoter,2024-10-31,324072
Acqusition Cost,Acqusition Cost,Instore Promoter,Instore Promoter,2024-11-30,332638
Acqusition Cost,Acqusition Cost,Instore Promoter,Instore Promoter,2024-12-31,338624
Acqusition Cost,Acqusition Cost,Instore Promoter,Instore Promoter,2025-01-31,317010
Acqusition Cost,Acqusition Cost,Instore Promoter,Instore Promoter,2025-02-28,319713
Acqusition Cost,Acqusition Cost,Instore Promoter,Instore Promoter,2025-03-31,325314
Acqusition Cost,Acqusition Cost,Instore Promoter,Instore Promoter,2025-04-30,343829
Acqusition Cost,Acqusition Cost,Instore Promoter,Instore Promoter,2025-05-31,328189
Acqusition Cost,Acqusition Cost,Instore Promoter,Instore Promoter,2025-06-30,281508
Acqusition Cost,Acqusition Cost,Instore Promoter,Instore Promoter,2025-07-01,258748
Acqusition Cost,Acqusition Cost,Instore Promoter,Instore Promoter,2025-08-01,401841
Acqusition Cost,Acqusition Cost,Instore Promoter,Instore Promoter,2025-09-01,434296
Acqusition Cost,Acqusition Cost,Instore Promoter,Instore Promoter,2025-10-01,379509
Acqusition Cost,Acqusition Cost,Instore Promoter,Instore Promoter,2025-11-01,582611
Acqusition Cost,Acqusition Cost,Instore Promoter,Instore Promoter,2025-12-01,780655
Acqusition Cost,Acqusition Cost,Instore Promoter,Instore Promoter,2026-01-01,600694.0
Acqusition Cost,Acqusition Cost,Instore Promoter,Instore Promoter,2026-02-01,470485.0
Acqusition Cost,Acqusition Cost,Instore Promoter,Instore Promoter,2026-03-01,717575
Acqusition Cost,Acqusition Cost,Instore Promoter,Instore Promoter,2026-04-01,729500
Acqusition Cost,Acqusition Cost,Instore Promoter,Instore Promoter,2026-05-31,741425
Acqusition Cost,Acqusition Cost,Instore Promoter,Instore Promoter,2026-06-30,753350
Acqusition Cost,Acqusition Cost,Instore Promoter,Instore Promoter,2026-07-01,765275
Acqusition Cost,Acqusition Cost,Instore Promoter,Instore Promoter,2026-08-01,777200
Acqusition Cost,Acqusition Cost,Instore Promoter,Instore Promoter,2026-09-01,789125
Acqusition Cost,Acqusition Cost,Instore Promoter,Instore Promoter,2026-10-01,801050
Acqusition Cost,Acqusition Cost,Instore Promoter,Instore Promoter,2026-11-01,812975
Acqusition Cost,Acqusition Cost,Instore Promoter,Instore Promoter,2026-12-01,824900
Acqusition Cost,Acqusition Cost,Instore Promoter,Instore Promoter,2027-01-01,824900
Acqusition Cost,Acqusition Cost,Instore Promoter,Instore Promoter,2027-02-01,824900
Acqusition Cost,Acqusition Cost,Instore Promoter,Instore Promoter,2027-03-01,823125
Acqusition Cost,Acqusition Cost,Instore Promoter,Instore Promoter,2027-04-01,835050
Acqusition Cost,Acqusition Cost,Instore Promoter,Instore Promoter,2027-05-31,846975
Acqusition Cost,Acqusition Cost,Instore Promoter,Instore Promoter,2027-06-30,858900
Acqusition Cost,Acqusition Cost,Instore Promoter,Instore Promoter,2027-07-01,870825
Acqusition Cost,Acqusition Cost,Instore Promoter,Instore Promoter,2027-08-01,882750
Acqusition Cost,Acqusition Cost,Instore Promoter,Instore Promoter,2027-09-01,894675
Acqusition Cost,Acqusition Cost,Instore Promoter,Instore Promoter,2027-10-01,906600
Acqusition Cost,Acqusition Cost,Instore Promoter,Instore Promoter,2027-11-01,918525
Acqusition Cost,Acqusition Cost,Instore Promoter,Instore Promoter,2027-12-01,930450
Acqusition Cost,Acqusition Cost,Instore Promoter,Instore Promoter,2028-01-01,930450
Acqusition Cost,Acqusition Cost,Instore Promoter,Instore Promoter,2028-02-01,942375
Acqusition Cost,Acqusition Cost,ROC costs,ROC costs,2023-03-31,
Acqusition Cost,Acqusition Cost,ROC costs,ROC costs,2023-04-30,
Acqusition Cost,Acqusition Cost,ROC costs,ROC costs,2023-05-31,
Acqusition Cost,Acqusition Cost,ROC costs,ROC costs,2023-06-30,
Acqusition Cost,Acqusition Cost,ROC costs,ROC costs,2023-07-31,
Acqusition Cost,Acqusition Cost,ROC costs,ROC costs,2023-08-31,
Acqusition Cost,Acqusition Cost,ROC costs,ROC costs,2023-09-30,
Acqusition Cost,Acqusition Cost,ROC costs,ROC costs,2023-10-31,
Acqusition Cost,Acqusition Cost,ROC costs,ROC costs,2023-11-30,
Acqusition Cost,Acqusition Cost,ROC costs,ROC costs,2023-12-31,
Acqusition Cost,Acqusition Cost,ROC costs,ROC costs,2024-01-31,
Acqusition Cost,Acqusition Cost,ROC costs,ROC costs,2024-02-29,
Acqusition Cost,Acqusition Cost,ROC costs,ROC costs,2024-03-31,
Acqusition Cost,Acqusition Cost,ROC costs,ROC costs,2024-04-30,
Acqusition Cost,Acqusition Cost,ROC costs,ROC costs,2024-05-31,
Acqusition Cost,Acqusition Cost,ROC costs,ROC costs,2024-06-30,
Acqusition Cost,Acqusition Cost,ROC costs,ROC costs,2024-07-31,
Acqusition Cost,Acqusition Cost,ROC costs,ROC costs,2024-08-31,
Acqusition Cost,Acqusition Cost,ROC costs,ROC costs,2024-09-30,
Acqusition Cost,Acqusition Cost,ROC costs,ROC costs,2024-10-31,54595
Acqusition Cost,Acqusition Cost,ROC costs,ROC costs,2024-11-30,54959
Acqusition Cost,Acqusition Cost,ROC costs,ROC costs,2024-12-31,56031
Acqusition Cost,Acqusition Cost,ROC costs,ROC costs,2025-01-31,56000
Acqusition Cost,Acqusition Cost,ROC costs,ROC costs,2025-02-28,56000
Acqusition Cost,Acqusition Cost,ROC costs,ROC costs,2025-03-31,35540
Acqusition Cost,Acqusition Cost,ROC costs,ROC costs,2025-04-30,35541
Acqusition Cost,Acqusition Cost,ROC costs,ROC costs,2025-05-31,35541
Acqusition Cost,Acqusition Cost,ROC costs,ROC costs,2025-06-30,35521
Acqusition Cost,Acqusition Cost,ROC costs,ROC costs,2025-07-01,35521
Acqusition Cost,Acqusition Cost,ROC costs,ROC costs,2025-08-01,35521
Acqusition Cost,Acqusition Cost,ROC costs,ROC costs,2025-09-01,35521
Acqusition Cost,Acqusition Cost,ROC costs,ROC costs,2025-10-01,35521
Acqusition Cost,Acqusition Cost,ROC costs,ROC costs,2025-11-01,35521
Acqusition Cost,Acqusition Cost,ROC costs,ROC costs,2025-12-01,35521
Acqusition Cost,Acqusition Cost,ROC costs,ROC costs,2026-01-01,0
Acqusition Cost,Acqusition Cost,ROC costs,ROC costs,2026-02-01,0
Acqusition Cost,Acqusition Cost,ROC costs,ROC costs,2026-03-01,36427
Acqusition Cost,Acqusition Cost,ROC costs,ROC costs,2026-04-01,36427
Acqusition Cost,Acqusition Cost,ROC costs,ROC costs,2026-05-31,36427
Acqusition Cost,Acqusition Cost,ROC costs,ROC costs,2026-06-30,36427
Acqusition Cost,Acqusition Cost,ROC costs,ROC costs,2026-07-01,36427
Acqusition Cost,Acqusition Cost,ROC costs,ROC costs,2026-08-01,36427
Acqusition Cost,Acqusition Cost,ROC costs,ROC costs,2026-09-01,36427
Acqusition Cost,Acqusition Cost,ROC costs,ROC costs,2026-10-01,36427
Acqusition Cost,Acqusition Cost,ROC costs,ROC costs,2026-11-01,36427
Acqusition Cost,Acqusition Cost,ROC costs,ROC costs,2026-12-01,36427
Acqusition Cost,Acqusition Cost,ROC costs,ROC costs,2027-01-01,36427
Acqusition Cost,Acqusition Cost,ROC costs,ROC costs,2027-02-01,36427
Acqusition Cost,Acqusition Cost,ROC costs,ROC costs,2027-03-01,38248
Acqusition Cost,Acqusition Cost,ROC costs,ROC costs,2027-04-01,38248
Acqusition Cost,Acqusition Cost,ROC costs,ROC costs,2027-05-31,38248
Acqusition Cost,Acqusition Cost,ROC costs,ROC costs,2027-06-30,38248
Acqusition Cost,Acqusition Cost,ROC costs,ROC costs,2027-07-01,38248
Acqusition Cost,Acqusition Cost,ROC costs,ROC costs,2027-08-01,38248
Acqusition Cost,Acqusition Cost,ROC costs,ROC costs,2027-09-01,38248
Acqusition Cost,Acqusition Cost,ROC costs,ROC costs,2027-10-01,38248
Acqusition Cost,Acqusition Cost,ROC costs,ROC costs,2027-11-01,38248
Acqusition Cost,Acqusition Cost,ROC costs,ROC costs,2027-12-01,38248
Acqusition Cost,Acqusition Cost,ROC costs,ROC costs,2028-01-01,38248
Acqusition Cost,Acqusition Cost,ROC costs,ROC costs,2028-02-01,38248
Acqusition Cost,Acqusition Cost,Recruitment fees,Recruitment fees,2023-03-31,
Acqusition Cost,Acqusition Cost,Recruitment fees,Recruitment fees,2023-04-30,
Acqusition Cost,Acqusition Cost,Recruitment fees,Recruitment fees,2023-05-31,
Acqusition Cost,Acqusition Cost,Recruitment fees,Recruitment fees,2023-06-30,
Acqusition Cost,Acqusition Cost,Recruitment fees,Recruitment fees,2023-07-31,
Acqusition Cost,Acqusition Cost,Recruitment fees,Recruitment fees,2023-08-31,
Acqusition Cost,Acqusition Cost,Recruitment fees,Recruitment fees,2023-09-30,
Acqusition Cost,Acqusition Cost,Recruitment fees,Recruitment fees,2023-10-31,
Acqusition Cost,Acqusition Cost,Recruitment fees,Recruitment fees,2023-11-30,
Acqusition Cost,Acqusition Cost,Recruitment fees,Recruitment fees,2023-12-31,
Acqusition Cost,Acqusition Cost,Recruitment fees,Recruitment fees,2024-01-31,
Acqusition Cost,Acqusition Cost,Recruitment fees,Recruitment fees,2024-02-29,
Acqusition Cost,Acqusition Cost,Recruitment fees,Recruitment fees,2024-03-31,
Acqusition Cost,Acqusition Cost,Recruitment fees,Recruitment fees,2024-04-30,
Acqusition Cost,Acqusition Cost,Recruitment fees,Recruitment fees,2024-05-31,
Acqusition Cost,Acqusition Cost,Recruitment fees,Recruitment fees,2024-06-30,
Acqusition Cost,Acqusition Cost,Recruitment fees,Recruitment fees,2024-07-31,
Acqusition Cost,Acqusition Cost,Recruitment fees,Recruitment fees,2024-08-31,
Acqusition Cost,Acqusition Cost,Recruitment fees,Recruitment fees,2024-09-30,
Acqusition Cost,Acqusition Cost,Recruitment fees,Recruitment fees,2024-10-31,
Acqusition Cost,Acqusition Cost,Recruitment fees,Recruitment fees,2024-11-30,
Acqusition Cost,Acqusition Cost,Recruitment fees,Recruitment fees,2024-12-31,
Acqusition Cost,Acqusition Cost,Recruitment fees,Recruitment fees,2025-01-31,
Acqusition Cost,Acqusition Cost,Recruitment fees,Recruitment fees,2025-02-28,
Acqusition Cost,Acqusition Cost,Recruitment fees,Recruitment fees,2025-03-31,
Acqusition Cost,Acqusition Cost,Recruitment fees,Recruitment fees,2025-04-30,
Acqusition Cost,Acqusition Cost,Recruitment fees,Recruitment fees,2025-05-31,
Acqusition Cost,Acqusition Cost,Recruitment fees,Recruitment fees,2025-06-30,
Acqusition Cost,Acqusition Cost,Recruitment fees,Recruitment fees,2025-07-01,
Acqusition Cost,Acqusition Cost,Recruitment fees,Recruitment fees,2025-08-01,
Acqusition Cost,Acqusition Cost,Recruitment fees,Recruitment fees,2025-09-01,
Acqusition Cost,Acqusition Cost,Recruitment fees,Recruitment fees,2025-10-01,107726
Acqusition Cost,Acqusition Cost,Recruitment fees,Recruitment fees,2025-11-01,
Acqusition Cost,Acqusition Cost,Recruitment fees,Recruitment fees,2025-12-01,47150
Acqusition Cost,Acqusition Cost,Recruitment fees,Recruitment fees,2026-01-01,27600.0
Acqusition Cost,Acqusition Cost,Recruitment fees,Recruitment fees,2026-02-01,17250.0
Acqusition Cost,Acqusition Cost,Recruitment fees,Recruitment fees,2026-03-01,
Acqusition Cost,Acqusition Cost,Recruitment fees,Recruitment fees,2026-04-01,
Acqusition Cost,Acqusition Cost,Recruitment fees,Recruitment fees,2026-05-31,
Acqusition Cost,Acqusition Cost,Recruitment fees,Recruitment fees,2026-06-30,
Acqusition Cost,Acqusition Cost,Recruitment fees,Recruitment fees,2026-07-01,
Acqusition Cost,Acqusition Cost,Recruitment fees,Recruitment fees,2026-08-01,
Acqusition Cost,Acqusition Cost,Recruitment fees,Recruitment fees,2026-09-01,
Acqusition Cost,Acqusition Cost,Recruitment fees,Recruitment fees,2026-10-01,
Acqusition Cost,Acqusition Cost,Recruitment fees,Recruitment fees,2026-11-01,
Acqusition Cost,Acqusition Cost,Recruitment fees,Recruitment fees,2026-12-01,
Acqusition Cost,Acqusition Cost,Recruitment fees,Recruitment fees,2027-01-01,
Acqusition Cost,Acqusition Cost,Recruitment fees,Recruitment fees,2027-02-01,
Acqusition Cost,Acqusition Cost,Recruitment fees,Recruitment fees,2027-03-01,
Acqusition Cost,Acqusition Cost,Recruitment fees,Recruitment fees,2027-04-01,
Acqusition Cost,Acqusition Cost,Recruitment fees,Recruitment fees,2027-05-31,
Acqusition Cost,Acqusition Cost,Recruitment fees,Recruitment fees,2027-06-30,
Acqusition Cost,Acqusition Cost,Recruitment fees,Recruitment fees,2027-07-01,
Acqusition Cost,Acqusition Cost,Recruitment fees,Recruitment fees,2027-08-01,
Acqusition Cost,Acqusition Cost,Recruitment fees,Recruitment fees,2027-09-01,
Acqusition Cost,Acqusition Cost,Recruitment fees,Recruitment fees,2027-10-01,
Acqusition Cost,Acqusition Cost,Recruitment fees,Recruitment fees,2027-11-01,
Acqusition Cost,Acqusition Cost,Recruitment fees,Recruitment fees,2027-12-01,
Acqusition Cost,Acqusition Cost,Recruitment fees,Recruitment fees,2028-01-01,
Acqusition Cost,Acqusition Cost,Recruitment fees,Recruitment fees,2028-02-01,
Acqusition Cost,Acqusition Cost,Seat Costs,Seat Costs,2023-03-31,23257
Acqusition Cost,Acqusition Cost,Seat Costs,Seat Costs,2023-04-30,0
Acqusition Cost,Acqusition Cost,Seat Costs,Seat Costs,2023-05-31,0
Acqusition Cost,Acqusition Cost,Seat Costs,Seat Costs,2023-06-30,0
Acqusition Cost,Acqusition Cost,Seat Costs,Seat Costs,2023-07-31,0
Acqusition Cost,Acqusition Cost,Seat Costs,Seat Costs,2023-08-31,0
Acqusition Cost,Acqusition Cost,Seat Costs,Seat Costs,2023-09-30,0
Acqusition Cost,Acqusition Cost,Seat Costs,Seat Costs,2023-10-31,0
Acqusition Cost,Acqusition Cost,Seat Costs,Seat Costs,2023-11-30,0
Acqusition Cost,Acqusition Cost,Seat Costs,Seat Costs,2023-12-31,0
Acqusition Cost,Acqusition Cost,Seat Costs,Seat Costs,2024-01-31,0
Acqusition Cost,Acqusition Cost,Seat Costs,Seat Costs,2024-02-29,45838
Acqusition Cost,Acqusition Cost,Seat Costs,Seat Costs,2024-03-31,91292
Acqusition Cost,Acqusition Cost,Seat Costs,Seat Costs,2024-04-30,74605
Acqusition Cost,Acqusition Cost,Seat Costs,Seat Costs,2024-05-31,77384
Acqusition Cost,Acqusition Cost,Seat Costs,Seat Costs,2024-06-30,85513
Acqusition Cost,Acqusition Cost,Seat Costs,Seat Costs,2024-07-31,79964
Acqusition Cost,Acqusition Cost,Seat Costs,Seat Costs,2024-08-31,116019
Acqusition Cost,Acqusition Cost,Seat Costs,Seat Costs,2024-09-30,150538
Acqusition Cost,Acqusition Cost,Seat Costs,Seat Costs,2024-10-31,284179
Acqusition Cost,Acqusition Cost,Seat Costs,Seat Costs,2024-11-30,212098
Acqusition Cost,Acqusition Cost,Seat Costs,Seat Costs,2024-12-31,217119
Acqusition Cost,Acqusition Cost,Seat Costs,Seat Costs,2025-01-31,214295
Acqusition Cost,Acqusition Cost,Seat Costs,Seat Costs,2025-02-28,233000
Acqusition Cost,Acqusition Cost,Seat Costs,Seat Costs,2025-03-31,242881
Acqusition Cost,Acqusition Cost,Seat Costs,Seat Costs,2025-04-30,247023
Acqusition Cost,Acqusition Cost,Seat Costs,Seat Costs,2025-05-31,242326
Acqusition Cost,Acqusition Cost,Seat Costs,Seat Costs,2025-06-30,248419
Acqusition Cost,Acqusition Cost,Seat Costs,Seat Costs,2025-07-01,249205
Acqusition Cost,Acqusition Cost,Seat Costs,Seat Costs,2025-08-01,255215
Acqusition Cost,Acqusition Cost,Seat Costs,Seat Costs,2025-09-01,258064
Acqusition Cost,Acqusition Cost,Seat Costs,Seat Costs,2025-10-01,251710
Acqusition Cost,Acqusition Cost,Seat Costs,Seat Costs,2025-11-01,260928
Acqusition Cost,Acqusition Cost,Seat Costs,Seat Costs,2025-12-01,255800
Acqusition Cost,Acqusition Cost,Seat Costs,Seat Costs,2026-01-01,251012.0
Acqusition Cost,Acqusition Cost,Seat Costs,Seat Costs,2026-02-01,241679.0
Acqusition Cost,Acqusition Cost,Seat Costs,Seat Costs,2026-03-01,220241
Acqusition Cost,Acqusition Cost,Seat Costs,Seat Costs,2026-04-01,220168
Acqusition Cost,Acqusition Cost,Seat Costs,Seat Costs,2026-05-31,220018
Acqusition Cost,Acqusition Cost,Seat Costs,Seat Costs,2026-06-30,219838
Acqusition Cost,Acqusition Cost,Seat Costs,Seat Costs,2026-07-01,219685
Acqusition Cost,Acqusition Cost,Seat Costs,Seat Costs,2026-08-01,219685
Acqusition Cost,Acqusition Cost,Seat Costs,Seat Costs,2026-09-01,219662
Acqusition Cost,Acqusition Cost,Seat Costs,Seat Costs,2026-10-01,219662
Acqusition Cost,Acqusition Cost,Seat Costs,Seat Costs,2026-11-01,219549
Acqusition Cost,Acqusition Cost,Seat Costs,Seat Costs,2026-12-01,221491
Acqusition Cost,Acqusition Cost,Seat Costs,Seat Costs,2027-01-01,217385
Acqusition Cost,Acqusition Cost,Seat Costs,Seat Costs,2027-02-01,218522
Acqusition Cost,Acqusition Cost,Seat Costs,Seat Costs,2027-03-01,203500
Acqusition Cost,Acqusition Cost,Seat Costs,Seat Costs,2027-04-01,333000
Acqusition Cost,Acqusition Cost,Seat Costs,Seat Costs,2027-05-31,222000
Acqusition Cost,Acqusition Cost,Seat Costs,Seat Costs,2027-06-30,222000
Acqusition Cost,Acqusition Cost,Seat Costs,Seat Costs,2027-07-01,203500
Acqusition Cost,Acqusition Cost,Seat Costs,Seat Costs,2027-08-01,222000
Acqusition Cost,Acqusition Cost,Seat Costs,Seat Costs,2027-09-01,222000
Acqusition Cost,Acqusition Cost,Seat Costs,Seat Costs,2027-10-01,222000
Acqusition Cost,Acqusition Cost,Seat Costs,Seat Costs,2027-11-01,222000
Acqusition Cost,Acqusition Cost,Seat Costs,Seat Costs,2027-12-01,259000
Acqusition Cost,Acqusition Cost,Seat Costs,Seat Costs,2028-01-01,222000
Acqusition Cost,Acqusition Cost,Seat Costs,Seat Costs,2028-02-01,222000
Acqusition Cost,Acqusition Cost,SIM Kitting Costs,SIM Kitting Costs,2023-03-31,0
Acqusition Cost,Acqusition Cost,SIM Kitting Costs,SIM Kitting Costs,2023-04-30,0
Acqusition Cost,Acqusition Cost,SIM Kitting Costs,SIM Kitting Costs,2023-05-31,
Acqusition Cost,Acqusition Cost,SIM Kitting Costs,SIM Kitting Costs,2023-06-30,0
Acqusition Cost,Acqusition Cost,SIM Kitting Costs,SIM Kitting Costs,2023-07-31,
Acqusition Cost,Acqusition Cost,SIM Kitting Costs,SIM Kitting Costs,2023-08-31,0
Acqusition Cost,Acqusition Cost,SIM Kitting Costs,SIM Kitting Costs,2023-09-30,
Acqusition Cost,Acqusition Cost,SIM Kitting Costs,SIM Kitting Costs,2023-10-31,
Acqusition Cost,Acqusition Cost,SIM Kitting Costs,SIM Kitting Costs,2023-11-30,
Acqusition Cost,Acqusition Cost,SIM Kitting Costs,SIM Kitting Costs,2023-12-31,0
Acqusition Cost,Acqusition Cost,SIM Kitting Costs,SIM Kitting Costs,2024-01-31,0
Acqusition Cost,Acqusition Cost,SIM Kitting Costs,SIM Kitting Costs,2024-02-29,0
Acqusition Cost,Acqusition Cost,SIM Kitting Costs,SIM Kitting Costs,2024-03-31,0
Acqusition Cost,Acqusition Cost,SIM Kitting Costs,SIM Kitting Costs,2024-04-30,0
Acqusition Cost,Acqusition Cost,SIM Kitting Costs,SIM Kitting Costs,2024-05-31,0
Acqusition Cost,Acqusition Cost,SIM Kitting Costs,SIM Kitting Costs,2024-06-30,0
Acqusition Cost,Acqusition Cost,SIM Kitting Costs,SIM Kitting Costs,2024-07-31,0
Acqusition Cost,Acqusition Cost,SIM Kitting Costs,SIM Kitting Costs,2024-08-31,0
Acqusition Cost,Acqusition Cost,SIM Kitting Costs,SIM Kitting Costs,2024-09-30,0
Acqusition Cost,Acqusition Cost,SIM Kitting Costs,SIM Kitting Costs,2024-10-31,0
Acqusition Cost,Acqusition Cost,SIM Kitting Costs,SIM Kitting Costs,2024-11-30,0
Acqusition Cost,Acqusition Cost,SIM Kitting Costs,SIM Kitting Costs,2024-12-31,0
Acqusition Cost,Acqusition Cost,SIM Kitting Costs,SIM Kitting Costs,2025-01-31,0
Acqusition Cost,Acqusition Cost,SIM Kitting Costs,SIM Kitting Costs,2025-02-28,0
Acqusition Cost,Acqusition Cost,SIM Kitting Costs,SIM Kitting Costs,2025-03-31,0
Acqusition Cost,Acqusition Cost,SIM Kitting Costs,SIM Kitting Costs,2025-04-30,0
Acqusition Cost,Acqusition Cost,SIM Kitting Costs,SIM Kitting Costs,2025-05-31,0
Acqusition Cost,Acqusition Cost,SIM Kitting Costs,SIM Kitting Costs,2025-06-30,0
Acqusition Cost,Acqusition Cost,SIM Kitting Costs,SIM Kitting Costs,2025-07-01,0
Acqusition Cost,Acqusition Cost,SIM Kitting Costs,SIM Kitting Costs,2025-08-01,0
Acqusition Cost,Acqusition Cost,SIM Kitting Costs,SIM Kitting Costs,2025-09-01,0
Acqusition Cost,Acqusition Cost,SIM Kitting Costs,SIM Kitting Costs,2025-10-01,0
Acqusition Cost,Acqusition Cost,SIM Kitting Costs,SIM Kitting Costs,2025-11-01,0
Acqusition Cost,Acqusition Cost,SIM Kitting Costs,SIM Kitting Costs,2025-12-01,0
Acqusition Cost,Acqusition Cost,SIM Kitting Costs,SIM Kitting Costs,2026-01-01,0
Acqusition Cost,Acqusition Cost,SIM Kitting Costs,SIM Kitting Costs,2026-02-01,0
Acqusition Cost,Acqusition Cost,SIM Kitting Costs,SIM Kitting Costs,2026-03-01,115262
Acqusition Cost,Acqusition Cost,SIM Kitting Costs,SIM Kitting Costs,2026-04-01,111789
Acqusition Cost,Acqusition Cost,SIM Kitting Costs,SIM Kitting Costs,2026-05-31,115127
Acqusition Cost,Acqusition Cost,SIM Kitting Costs,SIM Kitting Costs,2026-06-30,114832
Acqusition Cost,Acqusition Cost,SIM Kitting Costs,SIM Kitting Costs,2026-07-01,119170
Acqusition Cost,Acqusition Cost,SIM Kitting Costs,SIM Kitting Costs,2026-08-01,116903
Acqusition Cost,Acqusition Cost,SIM Kitting Costs,SIM Kitting Costs,2026-09-01,116543
Acqusition Cost,Acqusition Cost,SIM Kitting Costs,SIM Kitting Costs,2026-10-01,119997
Acqusition Cost,Acqusition Cost,SIM Kitting Costs,SIM Kitting Costs,2026-11-01,117686
Acqusition Cost,Acqusition Cost,SIM Kitting Costs,SIM Kitting Costs,2026-12-01,97325
Acqusition Cost,Acqusition Cost,SIM Kitting Costs,SIM Kitting Costs,2027-01-01,107895
Acqusition Cost,Acqusition Cost,SIM Kitting Costs,SIM Kitting Costs,2027-02-01,108793
Acqusition Cost,Acqusition Cost,SIM Kitting Costs,SIM Kitting Costs,2027-03-01,116288
Acqusition Cost,Acqusition Cost,SIM Kitting Costs,SIM Kitting Costs,2027-04-01,116156
Acqusition Cost,Acqusition Cost,SIM Kitting Costs,SIM Kitting Costs,2027-05-31,118698
Acqusition Cost,Acqusition Cost,SIM Kitting Costs,SIM Kitting Costs,2027-06-30,118785
Acqusition Cost,Acqusition Cost,SIM Kitting Costs,SIM Kitting Costs,2027-07-01,120611
Acqusition Cost,Acqusition Cost,SIM Kitting Costs,SIM Kitting Costs,2027-08-01,121187
Acqusition Cost,Acqusition Cost,SIM Kitting Costs,SIM Kitting Costs,2027-09-01,120513
Acqusition Cost,Acqusition Cost,SIM Kitting Costs,SIM Kitting Costs,2027-10-01,123216
Acqusition Cost,Acqusition Cost,SIM Kitting Costs,SIM Kitting Costs,2027-11-01,121666
Acqusition Cost,Acqusition Cost,SIM Kitting Costs,SIM Kitting Costs,2027-12-01,109239
Acqusition Cost,Acqusition Cost,SIM Kitting Costs,SIM Kitting Costs,2028-01-01,117443
Acqusition Cost,Acqusition Cost,SIM Kitting Costs,SIM Kitting Costs,2028-02-01,113892
Acqusition Cost,Acqusition Cost,uConnect Sim Stock,uConnect Sim Stock,2023-03-31,284146
Acqusition Cost,Acqusition Cost,uConnect Sim Stock,uConnect Sim Stock,2023-04-30,278592
Acqusition Cost,Acqusition Cost,uConnect Sim Stock,uConnect Sim Stock,2023-05-31,337327
Acqusition Cost,Acqusition Cost,uConnect Sim Stock,uConnect Sim Stock,2023-06-30,85882
Acqusition Cost,Acqusition Cost,uConnect Sim Stock,uConnect Sim Stock,2023-07-31,531442
Acqusition Cost,Acqusition Cost,uConnect Sim Stock,uConnect Sim Stock,2023-08-31,258671
Acqusition Cost,Acqusition Cost,uConnect Sim Stock,uConnect Sim Stock,2023-09-30,235606
Acqusition Cost,Acqusition Cost,uConnect Sim Stock,uConnect Sim Stock,2023-10-31,302663
Acqusition Cost,Acqusition Cost,uConnect Sim Stock,uConnect Sim Stock,2023-11-30,324718
Acqusition Cost,Acqusition Cost,uConnect Sim Stock,uConnect Sim Stock,2023-12-31,322053
Acqusition Cost,Acqusition Cost,uConnect Sim Stock,uConnect Sim Stock,2024-01-31,282369
Acqusition Cost,Acqusition Cost,uConnect Sim Stock,uConnect Sim Stock,2024-02-29,364648
Acqusition Cost,Acqusition Cost,uConnect Sim Stock,uConnect Sim Stock,2024-03-31,368728
Acqusition Cost,Acqusition Cost,uConnect Sim Stock,uConnect Sim Stock,2024-04-30,322820
Acqusition Cost,Acqusition Cost,uConnect Sim Stock,uConnect Sim Stock,2024-05-31,323520
Acqusition Cost,Acqusition Cost,uConnect Sim Stock,uConnect Sim Stock,2024-06-30,327965
Acqusition Cost,Acqusition Cost,uConnect Sim Stock,uConnect Sim Stock,2024-07-31,343197
Acqusition Cost,Acqusition Cost,uConnect Sim Stock,uConnect Sim Stock,2024-08-31,415262
Acqusition Cost,Acqusition Cost,uConnect Sim Stock,uConnect Sim Stock,2024-09-30,410018
Acqusition Cost,Acqusition Cost,uConnect Sim Stock,uConnect Sim Stock,2024-10-31,400039
Acqusition Cost,Acqusition Cost,uConnect Sim Stock,uConnect Sim Stock,2024-11-30,416700
Acqusition Cost,Acqusition Cost,uConnect Sim Stock,uConnect Sim Stock,2024-12-31,372451
Acqusition Cost,Acqusition Cost,uConnect Sim Stock,uConnect Sim Stock,2025-01-31,338814
Acqusition Cost,Acqusition Cost,uConnect Sim Stock,uConnect Sim Stock,2025-02-28,398454
Acqusition Cost,Acqusition Cost,uConnect Sim Stock,uConnect Sim Stock,2025-03-31,390545
Acqusition Cost,Acqusition Cost,uConnect Sim Stock,uConnect Sim Stock,2025-04-30,385018
Acqusition Cost,Acqusition Cost,uConnect Sim Stock,uConnect Sim Stock,2025-05-31,331555
Acqusition Cost,Acqusition Cost,uConnect Sim Stock,uConnect Sim Stock,2025-06-30,279202
Acqusition Cost,Acqusition Cost,uConnect Sim Stock,uConnect Sim Stock,2025-07-01,206989
Acqusition Cost,Acqusition Cost,uConnect Sim Stock,uConnect Sim Stock,2025-08-01,232985
Acqusition Cost,Acqusition Cost,uConnect Sim Stock,uConnect Sim Stock,2025-09-01,221664
Acqusition Cost,Acqusition Cost,uConnect Sim Stock,uConnect Sim Stock,2025-10-01,165265
Acqusition Cost,Acqusition Cost,uConnect Sim Stock,uConnect Sim Stock,2025-11-01,165801
Acqusition Cost,Acqusition Cost,uConnect Sim Stock,uConnect Sim Stock,2025-12-01,163302
Acqusition Cost,Acqusition Cost,uConnect Sim Stock,uConnect Sim Stock,2026-01-01,149766.0
Acqusition Cost,Acqusition Cost,uConnect Sim Stock,uConnect Sim Stock,2026-02-01,137239.0
Acqusition Cost,Acqusition Cost,uConnect Sim Stock,uConnect Sim Stock,2026-03-01,186029
Acqusition Cost,Acqusition Cost,uConnect Sim Stock,uConnect Sim Stock,2026-04-01,181487
Acqusition Cost,Acqusition Cost,uConnect Sim Stock,uConnect Sim Stock,2026-05-31,186697
Acqusition Cost,Acqusition Cost,uConnect Sim Stock,uConnect Sim Stock,2026-06-30,185749
Acqusition Cost,Acqusition Cost,uConnect Sim Stock,uConnect Sim Stock,2026-07-01,192206
Acqusition Cost,Acqusition Cost,uConnect Sim Stock,uConnect Sim Stock,2026-08-01,189709
Acqusition Cost,Acqusition Cost,uConnect Sim Stock,uConnect Sim Stock,2026-09-01,188649
Acqusition Cost,Acqusition Cost,uConnect Sim Stock,uConnect Sim Stock,2026-10-01,194056
Acqusition Cost,Acqusition Cost,uConnect Sim Stock,uConnect Sim Stock,2026-11-01,190586
Acqusition Cost,Acqusition Cost,uConnect Sim Stock,uConnect Sim Stock,2026-12-01,158311
Acqusition Cost,Acqusition Cost,uConnect Sim Stock,uConnect Sim Stock,2027-01-01,174437
Acqusition Cost,Acqusition Cost,uConnect Sim Stock,uConnect Sim Stock,2027-02-01,175958
Acqusition Cost,Acqusition Cost,uConnect Sim Stock,uConnect Sim Stock,2027-03-01,188666
Acqusition Cost,Acqusition Cost,uConnect Sim Stock,uConnect Sim Stock,2027-04-01,188441
Acqusition Cost,Acqusition Cost,uConnect Sim Stock,uConnect Sim Stock,2027-05-31,192751
Acqusition Cost,Acqusition Cost,uConnect Sim Stock,uConnect Sim Stock,2027-06-30,192899
Acqusition Cost,Acqusition Cost,uConnect Sim Stock,uConnect Sim Stock,2027-07-01,195994
Acqusition Cost,Acqusition Cost,uConnect Sim Stock,uConnect Sim Stock,2027-08-01,196971
Acqusition Cost,Acqusition Cost,uConnect Sim Stock,uConnect Sim Stock,2027-09-01,195828
Acqusition Cost,Acqusition Cost,uConnect Sim Stock,uConnect Sim Stock,2027-10-01,200410
Acqusition Cost,Acqusition Cost,uConnect Sim Stock,uConnect Sim Stock,2027-11-01,197784
Acqusition Cost,Acqusition Cost,uConnect Sim Stock,uConnect Sim Stock,2027-12-01,176716
Acqusition Cost,Acqusition Cost,uConnect Sim Stock,uConnect Sim Stock,2028-01-01,190623
Acqusition Cost,Acqusition Cost,uConnect Sim Stock,uConnect Sim Stock,2028-02-01,184604
Acqusition Cost,Acqusition Cost,Wastage,Wastage,2023-03-31,
Acqusition Cost,Acqusition Cost,Wastage,Wastage,2023-04-30,
Acqusition Cost,Acqusition Cost,Wastage,Wastage,2023-05-31,
Acqusition Cost,Acqusition Cost,Wastage,Wastage,2023-06-30,
Acqusition Cost,Acqusition Cost,Wastage,Wastage,2023-07-31,
Acqusition Cost,Acqusition Cost,Wastage,Wastage,2023-08-31,41632
Acqusition Cost,Acqusition Cost,Wastage,Wastage,2023-09-30,16485
Acqusition Cost,Acqusition Cost,Wastage,Wastage,2023-10-31,37733
Acqusition Cost,Acqusition Cost,Wastage,Wastage,2023-11-30,17376
Acqusition Cost,Acqusition Cost,Wastage,Wastage,2023-12-31,130287
Acqusition Cost,Acqusition Cost,Wastage,Wastage,2024-01-31,22284
Acqusition Cost,Acqusition Cost,Wastage,Wastage,2024-02-29,34172
Acqusition Cost,Acqusition Cost,Wastage,Wastage,2024-03-31,29088
Acqusition Cost,Acqusition Cost,Wastage,Wastage,2024-04-30,13329
Acqusition Cost,Acqusition Cost,Wastage,Wastage,2024-05-31,3319
Acqusition Cost,Acqusition Cost,Wastage,Wastage,2024-06-30,5575
Acqusition Cost,Acqusition Cost,Wastage,Wastage,2024-07-31,7421
Acqusition Cost,Acqusition Cost,Wastage,Wastage,2024-08-31,13830
Acqusition Cost,Acqusition Cost,Wastage,Wastage,2024-09-30,18914
Acqusition Cost,Acqusition Cost,Wastage,Wastage,2024-10-31,10149
Acqusition Cost,Acqusition Cost,Wastage,Wastage,2024-11-30,12650
Acqusition Cost,Acqusition Cost,Wastage,Wastage,2024-12-31,24355
Acqusition Cost,Acqusition Cost,Wastage,Wastage,2025-01-31,13503
Acqusition Cost,Acqusition Cost,Wastage,Wastage,2025-02-28,23595
Acqusition Cost,Acqusition Cost,Wastage,Wastage,2025-03-31,21425
Acqusition Cost,Acqusition Cost,Wastage,Wastage,2025-04-30,19748
Acqusition Cost,Acqusition Cost,Wastage,Wastage,2025-05-31,49304
Acqusition Cost,Acqusition Cost,Wastage,Wastage,2025-06-30,37498
Acqusition Cost,Acqusition Cost,Wastage,Wastage,2025-07-01,25795
Acqusition Cost,Acqusition Cost,Wastage,Wastage,2025-08-01,9254
Acqusition Cost,Acqusition Cost,Wastage,Wastage,2025-09-01,16270
Acqusition Cost,Acqusition Cost,Wastage,Wastage,2025-10-01,20756
Acqusition Cost,Acqusition Cost,Wastage,Wastage,2025-11-01,56444
Acqusition Cost,Acqusition Cost,Wastage,Wastage,2025-12-01,52171
Acqusition Cost,Acqusition Cost,Wastage,Wastage,2026-01-01,33586.0
Acqusition Cost,Acqusition Cost,Wastage,Wastage,2026-02-01,35320.0
Acqusition Cost,Acqusition Cost,Wastage,Wastage,2026-03-01,10743
Acqusition Cost,Acqusition Cost,Wastage,Wastage,2026-04-01,9879
Acqusition Cost,Acqusition Cost,Wastage,Wastage,2026-05-31,9830
Acqusition Cost,Acqusition Cost,Wastage,Wastage,2026-06-30,9616
Acqusition Cost,Acqusition Cost,Wastage,Wastage,2026-07-01,9481
Acqusition Cost,Acqusition Cost,Wastage,Wastage,2026-08-01,9553
Acqusition Cost,Acqusition Cost,Wastage,Wastage,2026-09-01,9558
Acqusition Cost,Acqusition Cost,Wastage,Wastage,2026-10-01,8491
Acqusition Cost,Acqusition Cost,Wastage,Wastage,2026-11-01,8285
Acqusition Cost,Acqusition Cost,Wastage,Wastage,2026-12-01,7068
Acqusition Cost,Acqusition Cost,Wastage,Wastage,2027-01-01,7772
Acqusition Cost,Acqusition Cost,Wastage,Wastage,2027-02-01,7677
Acqusition Cost,Acqusition Cost,Wastage,Wastage,2027-03-01,8266
Acqusition Cost,Acqusition Cost,Wastage,Wastage,2027-04-01,8259
Acqusition Cost,Acqusition Cost,Wastage,Wastage,2027-05-31,8443
Acqusition Cost,Acqusition Cost,Wastage,Wastage,2027-06-30,8401
Acqusition Cost,Acqusition Cost,Wastage,Wastage,2027-07-01,8547
Acqusition Cost,Acqusition Cost,Wastage,Wastage,2027-08-01,8578
Acqusition Cost,Acqusition Cost,Wastage,Wastage,2027-09-01,8494
Acqusition Cost,Acqusition Cost,Wastage,Wastage,2027-10-01,8687
Acqusition Cost,Acqusition Cost,Wastage,Wastage,2027-11-01,8556
Acqusition Cost,Acqusition Cost,Wastage,Wastage,2027-12-01,7934
Acqusition Cost,Acqusition Cost,Wastage,Wastage,2028-01-01,8376
Acqusition Cost,Acqusition Cost,Wastage,Wastage,2028-02-01,8042
Acqusition Cost,Acqusition Cost,eSIM Cost,eSIM Cost,2023-03-31,0
Acqusition Cost,Acqusition Cost,eSIM Cost,eSIM Cost,2023-04-30,2751
Acqusition Cost,Acqusition Cost,eSIM Cost,eSIM Cost,2023-05-31,
Acqusition Cost,Acqusition Cost,eSIM Cost,eSIM Cost,2023-06-30,
Acqusition Cost,Acqusition Cost,eSIM Cost,eSIM Cost,2023-07-31,
Acqusition Cost,Acqusition Cost,eSIM Cost,eSIM Cost,2023-08-31,
Acqusition Cost,Acqusition Cost,eSIM Cost,eSIM Cost,2023-09-30,
Acqusition Cost,Acqusition Cost,eSIM Cost,eSIM Cost,2023-10-31,7170
Acqusition Cost,Acqusition Cost,eSIM Cost,eSIM Cost,2023-11-30,21716
Acqusition Cost,Acqusition Cost,eSIM Cost,eSIM Cost,2023-12-31,0
Acqusition Cost,Acqusition Cost,eSIM Cost,eSIM Cost,2024-01-31,0
Acqusition Cost,Acqusition Cost,eSIM Cost,eSIM Cost,2024-02-29,0
Acqusition Cost,Acqusition Cost,eSIM Cost,eSIM Cost,2024-03-31,0
Acqusition Cost,Acqusition Cost,eSIM Cost,eSIM Cost,2024-04-30,0
Acqusition Cost,Acqusition Cost,eSIM Cost,eSIM Cost,2024-05-31,0
Acqusition Cost,Acqusition Cost,eSIM Cost,eSIM Cost,2024-06-30,0
Acqusition Cost,Acqusition Cost,eSIM Cost,eSIM Cost,2024-07-31,0
Acqusition Cost,Acqusition Cost,eSIM Cost,eSIM Cost,2024-08-31,0
Acqusition Cost,Acqusition Cost,eSIM Cost,eSIM Cost,2024-09-30,0
Acqusition Cost,Acqusition Cost,eSIM Cost,eSIM Cost,2024-10-31,0
Acqusition Cost,Acqusition Cost,eSIM Cost,eSIM Cost,2024-11-30,0
Acqusition Cost,Acqusition Cost,eSIM Cost,eSIM Cost,2024-12-31,0
Acqusition Cost,Acqusition Cost,eSIM Cost,eSIM Cost,2025-01-31,0
Acqusition Cost,Acqusition Cost,eSIM Cost,eSIM Cost,2025-02-28,0
Acqusition Cost,Acqusition Cost,eSIM Cost,eSIM Cost,2025-03-31,0
Acqusition Cost,Acqusition Cost,eSIM Cost,eSIM Cost,2025-04-30,0
Acqusition Cost,Acqusition Cost,eSIM Cost,eSIM Cost,2025-05-31,0
Acqusition Cost,Acqusition Cost,eSIM Cost,eSIM Cost,2025-06-30,0
Acqusition Cost,Acqusition Cost,eSIM Cost,eSIM Cost,2025-07-01,0
Acqusition Cost,Acqusition Cost,eSIM Cost,eSIM Cost,2025-08-01,0
Acqusition Cost,Acqusition Cost,eSIM Cost,eSIM Cost,2025-09-01,0
Acqusition Cost,Acqusition Cost,eSIM Cost,eSIM Cost,2025-10-01,0
Acqusition Cost,Acqusition Cost,eSIM Cost,eSIM Cost,2025-11-01,0
Acqusition Cost,Acqusition Cost,eSIM Cost,eSIM Cost,2025-12-01,0
Acqusition Cost,Acqusition Cost,eSIM Cost,eSIM Cost,2026-01-01,0
Acqusition Cost,Acqusition Cost,eSIM Cost,eSIM Cost,2026-02-01,0
Acqusition Cost,Acqusition Cost,eSIM Cost,eSIM Cost,2026-03-01,
Acqusition Cost,Acqusition Cost,eSIM Cost,eSIM Cost,2026-04-01,
Acqusition Cost,Acqusition Cost,eSIM Cost,eSIM Cost,2026-05-31,
Acqusition Cost,Acqusition Cost,eSIM Cost,eSIM Cost,2026-06-30,
Acqusition Cost,Acqusition Cost,eSIM Cost,eSIM Cost,2026-07-01,
Acqusition Cost,Acqusition Cost,eSIM Cost,eSIM Cost,2026-08-01,
Acqusition Cost,Acqusition Cost,eSIM Cost,eSIM Cost,2026-09-01,
Acqusition Cost,Acqusition Cost,eSIM Cost,eSIM Cost,2026-10-01,
Acqusition Cost,Acqusition Cost,eSIM Cost,eSIM Cost,2026-11-01,
Acqusition Cost,Acqusition Cost,eSIM Cost,eSIM Cost,2026-12-01,
Acqusition Cost,Acqusition Cost,eSIM Cost,eSIM Cost,2027-01-01,
Acqusition Cost,Acqusition Cost,eSIM Cost,eSIM Cost,2027-02-01,
Acqusition Cost,Acqusition Cost,eSIM Cost,eSIM Cost,2027-03-01,
Acqusition Cost,Acqusition Cost,eSIM Cost,eSIM Cost,2027-04-01,
Acqusition Cost,Acqusition Cost,eSIM Cost,eSIM Cost,2027-05-31,
Acqusition Cost,Acqusition Cost,eSIM Cost,eSIM Cost,2027-06-30,
Acqusition Cost,Acqusition Cost,eSIM Cost,eSIM Cost,2027-07-01,
Acqusition Cost,Acqusition Cost,eSIM Cost,eSIM Cost,2027-08-01,
Acqusition Cost,Acqusition Cost,eSIM Cost,eSIM Cost,2027-09-01,
Acqusition Cost,Acqusition Cost,eSIM Cost,eSIM Cost,2027-10-01,
Acqusition Cost,Acqusition Cost,eSIM Cost,eSIM Cost,2027-11-01,
Acqusition Cost,Acqusition Cost,eSIM Cost,eSIM Cost,2027-12-01,
Acqusition Cost,Acqusition Cost,eSIM Cost,eSIM Cost,2028-01-01,
Acqusition Cost,Acqusition Cost,eSIM Cost,eSIM Cost,2028-02-01,
Acqusition Cost,Acqusition Cost,Courier and Postage,Courier and Postage,2023-03-31,10931
Acqusition Cost,Acqusition Cost,Courier and Postage,Courier and Postage,2023-04-30,5582
Acqusition Cost,Acqusition Cost,Courier and Postage,Courier and Postage,2023-05-31,10347
Acqusition Cost,Acqusition Cost,Courier and Postage,Courier and Postage,2023-06-30,18826
Acqusition Cost,Acqusition Cost,Courier and Postage,Courier and Postage,2023-07-31,20610
Acqusition Cost,Acqusition Cost,Courier and Postage,Courier and Postage,2023-08-31,13649
Acqusition Cost,Acqusition Cost,Courier and Postage,Courier and Postage,2023-09-30,19260
Acqusition Cost,Acqusition Cost,Courier and Postage,Courier and Postage,2023-10-31,30030
Acqusition Cost,Acqusition Cost,Courier and Postage,Courier and Postage,2023-11-30,31745
Acqusition Cost,Acqusition Cost,Courier and Postage,Courier and Postage,2023-12-31,133020
Acqusition Cost,Acqusition Cost,Courier and Postage,Courier and Postage,2024-01-31,58122
Acqusition Cost,Acqusition Cost,Courier and Postage,Courier and Postage,2024-02-29,37255
Acqusition Cost,Acqusition Cost,Courier and Postage,Courier and Postage,2024-03-31,58896
Acqusition Cost,Acqusition Cost,Courier and Postage,Courier and Postage,2024-04-30,60230
Acqusition Cost,Acqusition Cost,Courier and Postage,Courier and Postage,2024-05-31,59554
Acqusition Cost,Acqusition Cost,Courier and Postage,Courier and Postage,2024-06-30,67865
Acqusition Cost,Acqusition Cost,Courier and Postage,Courier and Postage,2024-07-31,103114
Acqusition Cost,Acqusition Cost,Courier and Postage,Courier and Postage,2024-08-31,65073
Acqusition Cost,Acqusition Cost,Courier and Postage,Courier and Postage,2024-09-30,71271
Acqusition Cost,Acqusition Cost,Courier and Postage,Courier and Postage,2024-10-31,68682
Acqusition Cost,Acqusition Cost,Courier and Postage,Courier and Postage,2024-11-30,74540
Acqusition Cost,Acqusition Cost,Courier and Postage,Courier and Postage,2024-12-31,84024
Acqusition Cost,Acqusition Cost,Courier and Postage,Courier and Postage,2025-01-31,72298
Acqusition Cost,Acqusition Cost,Courier and Postage,Courier and Postage,2025-02-28,73019
Acqusition Cost,Acqusition Cost,Courier and Postage,Courier and Postage,2025-03-31,74546
Acqusition Cost,Acqusition Cost,Courier and Postage,Courier and Postage,2025-04-30,75817
Acqusition Cost,Acqusition Cost,Courier and Postage,Courier and Postage,2025-05-31,75045
Acqusition Cost,Acqusition Cost,Courier and Postage,Courier and Postage,2025-06-30,67729
Acqusition Cost,Acqusition Cost,Courier and Postage,Courier and Postage,2025-07-01,104246
Acqusition Cost,Acqusition Cost,Courier and Postage,Courier and Postage,2025-08-01,122613
Acqusition Cost,Acqusition Cost,Courier and Postage,Courier and Postage,2025-09-01,106426
Acqusition Cost,Acqusition Cost,Courier and Postage,Courier and Postage,2025-10-01,130068
Acqusition Cost,Acqusition Cost,Courier and Postage,Courier and Postage,2025-11-01,105700
Acqusition Cost,Acqusition Cost,Courier and Postage,Courier and Postage,2025-12-01,114347
Acqusition Cost,Acqusition Cost,Courier and Postage,Courier and Postage,2026-01-01,85296.0
Acqusition Cost,Acqusition Cost,Courier and Postage,Courier and Postage,2026-02-01,97626.0
Acqusition Cost,Acqusition Cost,Courier and Postage,Courier and Postage,2026-03-01,112386
Acqusition Cost,Acqusition Cost,Courier and Postage,Courier and Postage,2026-04-01,107840
Acqusition Cost,Acqusition Cost,Courier and Postage,Courier and Postage,2026-05-31,110955
Acqusition Cost,Acqusition Cost,Courier and Postage,Courier and Postage,2026-06-30,114071
Acqusition Cost,Acqusition Cost,Courier and Postage,Courier and Postage,2026-07-01,119101
Acqusition Cost,Acqusition Cost,Courier and Postage,Courier and Postage,2026-08-01,114555
Acqusition Cost,Acqusition Cost,Courier and Postage,Courier and Postage,2026-09-01,117671
Acqusition Cost,Acqusition Cost,Courier and Postage,Courier and Postage,2026-10-01,120786
Acqusition Cost,Acqusition Cost,Courier and Postage,Courier and Postage,2026-11-01,120071
Acqusition Cost,Acqusition Cost,Courier and Postage,Courier and Postage,2026-12-01,111694
Acqusition Cost,Acqusition Cost,Courier and Postage,Courier and Postage,2027-01-01,119355
Acqusition Cost,Acqusition Cost,Courier and Postage,Courier and Postage,2027-02-01,119355
Acqusition Cost,Acqusition Cost,Courier and Postage,Courier and Postage,2027-03-01,119155
Acqusition Cost,Acqusition Cost,Courier and Postage,Courier and Postage,2027-04-01,120355
Acqusition Cost,Acqusition Cost,Courier and Postage,Courier and Postage,2027-05-31,121555
Acqusition Cost,Acqusition Cost,Courier and Postage,Courier and Postage,2027-06-30,122755
Acqusition Cost,Acqusition Cost,Courier and Postage,Courier and Postage,2027-07-01,123955
Acqusition Cost,Acqusition Cost,Courier and Postage,Courier and Postage,2027-08-01,125155
Acqusition Cost,Acqusition Cost,Courier and Postage,Courier and Postage,2027-09-01,126355
Acqusition Cost,Acqusition Cost,Courier and Postage,Courier and Postage,2027-10-01,127555
Acqusition Cost,Acqusition Cost,Courier and Postage,Courier and Postage,2027-11-01,128755
Acqusition Cost,Acqusition Cost,Courier and Postage,Courier and Postage,2027-12-01,129955
Acqusition Cost,Acqusition Cost,Courier and Postage,Courier and Postage,2028-01-01,129955
Acqusition Cost,Acqusition Cost,Courier and Postage,Courier and Postage,2028-02-01,131155
Acqusition Cost,Acqusition Cost,Travel- Local,Travel- Local,2023-03-31,
Acqusition Cost,Acqusition Cost,Travel- Local,Travel- Local,2023-04-30,
Acqusition Cost,Acqusition Cost,Travel- Local,Travel- Local,2023-05-31,
Acqusition Cost,Acqusition Cost,Travel- Local,Travel- Local,2023-06-30,
Acqusition Cost,Acqusition Cost,Travel- Local,Travel- Local,2023-07-31,
Acqusition Cost,Acqusition Cost,Travel- Local,Travel- Local,2023-08-31,
Acqusition Cost,Acqusition Cost,Travel- Local,Travel- Local,2023-09-30,
Acqusition Cost,Acqusition Cost,Travel- Local,Travel- Local,2023-10-31,
Acqusition Cost,Acqusition Cost,Travel- Local,Travel- Local,2023-11-30,
Acqusition Cost,Acqusition Cost,Travel- Local,Travel- Local,2023-12-31,
Acqusition Cost,Acqusition Cost,Travel- Local,Travel- Local,2024-01-31,
Acqusition Cost,Acqusition Cost,Travel- Local,Travel- Local,2024-02-29,
Acqusition Cost,Acqusition Cost,Travel- Local,Travel- Local,2024-03-31,10567
Acqusition Cost,Acqusition Cost,Travel- Local,Travel- Local,2024-04-30,9003
Acqusition Cost,Acqusition Cost,Travel- Local,Travel- Local,2024-05-31,20131
Acqusition Cost,Acqusition Cost,Travel- Local,Travel- Local,2024-06-30,20814
Acqusition Cost,Acqusition Cost,Travel- Local,Travel- Local,2024-07-31,48308
Acqusition Cost,Acqusition Cost,Travel- Local,Travel- Local,2024-08-31,19572
Acqusition Cost,Acqusition Cost,Travel- Local,Travel- Local,2024-09-30,6519
Acqusition Cost,Acqusition Cost,Travel- Local,Travel- Local,2024-10-31,7055
Acqusition Cost,Acqusition Cost,Travel- Local,Travel- Local,2024-11-30,7940
Acqusition Cost,Acqusition Cost,Travel- Local,Travel- Local,2024-12-31,18745
Acqusition Cost,Acqusition Cost,Travel- Local,Travel- Local,2025-01-31,5685
Acqusition Cost,Acqusition Cost,Travel- Local,Travel- Local,2025-02-28,7421
Acqusition Cost,Acqusition Cost,Travel- Local,Travel- Local,2025-03-31,11815
Acqusition Cost,Acqusition Cost,Travel- Local,Travel- Local,2025-04-30,30656
Acqusition Cost,Acqusition Cost,Travel- Local,Travel- Local,2025-05-31,0
Acqusition Cost,Acqusition Cost,Travel- Local,Travel- Local,2025-06-30,0
Acqusition Cost,Acqusition Cost,Travel- Local,Travel- Local,2025-07-01,13498
Acqusition Cost,Acqusition Cost,Travel- Local,Travel- Local,2025-08-01,22924
Acqusition Cost,Acqusition Cost,Travel- Local,Travel- Local,2025-09-01,17581
Acqusition Cost,Acqusition Cost,Travel- Local,Travel- Local,2025-10-01,25627
Acqusition Cost,Acqusition Cost,Travel- Local,Travel- Local,2025-11-01,9510
Acqusition Cost,Acqusition Cost,Travel- Local,Travel- Local,2025-12-01,11457
Acqusition Cost,Acqusition Cost,Travel- Local,Travel- Local,2026-01-01,12872.0
Acqusition Cost,Acqusition Cost,Travel- Local,Travel- Local,2026-02-01,13261.0
Acqusition Cost,Acqusition Cost,Travel- Local,Travel- Local,2026-03-01,3900
Acqusition Cost,Acqusition Cost,Travel- Local,Travel- Local,2026-04-01,3900
Acqusition Cost,Acqusition Cost,Travel- Local,Travel- Local,2026-05-31,3900
Acqusition Cost,Acqusition Cost,Travel- Local,Travel- Local,2026-06-30,3900
Acqusition Cost,Acqusition Cost,Travel- Local,Travel- Local,2026-07-01,3900
Acqusition Cost,Acqusition Cost,Travel- Local,Travel- Local,2026-08-01,3900
Acqusition Cost,Acqusition Cost,Travel- Local,Travel- Local,2026-09-01,3900
Acqusition Cost,Acqusition Cost,Travel- Local,Travel- Local,2026-10-01,3900
Acqusition Cost,Acqusition Cost,Travel- Local,Travel- Local,2026-11-01,3600
Acqusition Cost,Acqusition Cost,Travel- Local,Travel- Local,2026-12-01,3600
Acqusition Cost,Acqusition Cost,Travel- Local,Travel- Local,2027-01-01,3900
Acqusition Cost,Acqusition Cost,Travel- Local,Travel- Local,2027-02-01,3900
Acqusition Cost,Acqusition Cost,Travel- Local,Travel- Local,2027-03-01,3900
Acqusition Cost,Acqusition Cost,Travel- Local,Travel- Local,2027-04-01,3900
Acqusition Cost,Acqusition Cost,Travel- Local,Travel- Local,2027-05-31,3900
Acqusition Cost,Acqusition Cost,Travel- Local,Travel- Local,2027-06-30,3900
Acqusition Cost,Acqusition Cost,Travel- Local,Travel- Local,2027-07-01,3900
Acqusition Cost,Acqusition Cost,Travel- Local,Travel- Local,2027-08-01,3900
Acqusition Cost,Acqusition Cost,Travel- Local,Travel- Local,2027-09-01,3900
Acqusition Cost,Acqusition Cost,Travel- Local,Travel- Local,2027-10-01,3600
Acqusition Cost,Acqusition Cost,Travel- Local,Travel- Local,2027-11-01,3900
Acqusition Cost,Acqusition Cost,Travel- Local,Travel- Local,2027-12-01,3900
Acqusition Cost,Acqusition Cost,Travel- Local,Travel- Local,2028-01-01,3600
Acqusition Cost,Acqusition Cost,Travel- Local,Travel- Local,2028-02-01,3600
Acqusition Cost,Acqusition Cost,Pargo - Click to Collect Cost,Pargo - Click to Collect Cost,2023-03-31,28000
Acqusition Cost,Acqusition Cost,Pargo - Click to Collect Cost,Pargo - Click to Collect Cost,2023-04-30,29780
Acqusition Cost,Acqusition Cost,Pargo - Click to Collect Cost,Pargo - Click to Collect Cost,2023-05-31,33947
Acqusition Cost,Acqusition Cost,Pargo - Click to Collect Cost,Pargo - Click to Collect Cost,2023-06-30,53406
Acqusition Cost,Acqusition Cost,Pargo - Click to Collect Cost,Pargo - Click to Collect Cost,2023-07-31,51079
Acqusition Cost,Acqusition Cost,Pargo - Click to Collect Cost,Pargo - Click to Collect Cost,2023-08-31,31293
Acqusition Cost,Acqusition Cost,Pargo - Click to Collect Cost,Pargo - Click to Collect Cost,2023-09-30,24246
Acqusition Cost,Acqusition Cost,Pargo - Click to Collect Cost,Pargo - Click to Collect Cost,2023-10-31,69721
Acqusition Cost,Acqusition Cost,Pargo - Click to Collect Cost,Pargo - Click to Collect Cost,2023-11-30,36622
Acqusition Cost,Acqusition Cost,Pargo - Click to Collect Cost,Pargo - Click to Collect Cost,2023-12-31,32324
Acqusition Cost,Acqusition Cost,Pargo - Click to Collect Cost,Pargo - Click to Collect Cost,2024-01-31,30189
Acqusition Cost,Acqusition Cost,Pargo - Click to Collect Cost,Pargo - Click to Collect Cost,2024-02-29,31909
Acqusition Cost,Acqusition Cost,Pargo - Click to Collect Cost,Pargo - Click to Collect Cost,2024-03-31,30970
Acqusition Cost,Acqusition Cost,Pargo - Click to Collect Cost,Pargo - Click to Collect Cost,2024-04-30,37795
Acqusition Cost,Acqusition Cost,Pargo - Click to Collect Cost,Pargo - Click to Collect Cost,2024-05-31,32631
Acqusition Cost,Acqusition Cost,Pargo - Click to Collect Cost,Pargo - Click to Collect Cost,2024-06-30,36294
Acqusition Cost,Acqusition Cost,Pargo - Click to Collect Cost,Pargo - Click to Collect Cost,2024-07-31,35908
Acqusition Cost,Acqusition Cost,Pargo - Click to Collect Cost,Pargo - Click to Collect Cost,2024-08-31,32390
Acqusition Cost,Acqusition Cost,Pargo - Click to Collect Cost,Pargo - Click to Collect Cost,2024-09-30,32439
Acqusition Cost,Acqusition Cost,Pargo - Click to Collect Cost,Pargo - Click to Collect Cost,2024-10-31,28465
Acqusition Cost,Acqusition Cost,Pargo - Click to Collect Cost,Pargo - Click to Collect Cost,2024-11-30,32032
Acqusition Cost,Acqusition Cost,Pargo - Click to Collect Cost,Pargo - Click to Collect Cost,2024-12-31,30658
Acqusition Cost,Acqusition Cost,Pargo - Click to Collect Cost,Pargo - Click to Collect Cost,2025-01-31,24828
Acqusition Cost,Acqusition Cost,Pargo - Click to Collect Cost,Pargo - Click to Collect Cost,2025-02-28,32982
Acqusition Cost,Acqusition Cost,Pargo - Click to Collect Cost,Pargo - Click to Collect Cost,2025-03-31,29652
Acqusition Cost,Acqusition Cost,Pargo - Click to Collect Cost,Pargo - Click to Collect Cost,2025-04-30,32882
Acqusition Cost,Acqusition Cost,Pargo - Click to Collect Cost,Pargo - Click to Collect Cost,2025-05-31,28097
Acqusition Cost,Acqusition Cost,Pargo - Click to Collect Cost,Pargo - Click to Collect Cost,2025-06-30,30577
Acqusition Cost,Acqusition Cost,Pargo - Click to Collect Cost,Pargo - Click to Collect Cost,2025-07-01,42870
Acqusition Cost,Acqusition Cost,Pargo - Click to Collect Cost,Pargo - Click to Collect Cost,2025-08-01,149539
Acqusition Cost,Acqusition Cost,Pargo - Click to Collect Cost,Pargo - Click to Collect Cost,2025-09-01,125428
Acqusition Cost,Acqusition Cost,Pargo - Click to Collect Cost,Pargo - Click to Collect Cost,2025-10-01,91143
Acqusition Cost,Acqusition Cost,Pargo - Click to Collect Cost,Pargo - Click to Collect Cost,2025-11-01,80810
Acqusition Cost,Acqusition Cost,Pargo - Click to Collect Cost,Pargo - Click to Collect Cost,2025-12-01,68532
Acqusition Cost,Acqusition Cost,Pargo - Click to Collect Cost,Pargo - Click to Collect Cost,2026-01-01,36041.0
Acqusition Cost,Acqusition Cost,Pargo - Click to Collect Cost,Pargo - Click to Collect Cost,2026-02-01,38529.0
Acqusition Cost,Acqusition Cost,Pargo - Click to Collect Cost,Pargo - Click to Collect Cost,2026-03-01,130104
Acqusition Cost,Acqusition Cost,Pargo - Click to Collect Cost,Pargo - Click to Collect Cost,2026-04-01,129761
Acqusition Cost,Acqusition Cost,Pargo - Click to Collect Cost,Pargo - Click to Collect Cost,2026-05-31,129876
Acqusition Cost,Acqusition Cost,Pargo - Click to Collect Cost,Pargo - Click to Collect Cost,2026-06-30,129990
Acqusition Cost,Acqusition Cost,Pargo - Click to Collect Cost,Pargo - Click to Collect Cost,2026-07-01,130218
Acqusition Cost,Acqusition Cost,Pargo - Click to Collect Cost,Pargo - Click to Collect Cost,2026-08-01,129876
Acqusition Cost,Acqusition Cost,Pargo - Click to Collect Cost,Pargo - Click to Collect Cost,2026-09-01,129990
Acqusition Cost,Acqusition Cost,Pargo - Click to Collect Cost,Pargo - Click to Collect Cost,2026-10-01,130104
Acqusition Cost,Acqusition Cost,Pargo - Click to Collect Cost,Pargo - Click to Collect Cost,2026-11-01,129990
Acqusition Cost,Acqusition Cost,Pargo - Click to Collect Cost,Pargo - Click to Collect Cost,2026-12-01,121730
Acqusition Cost,Acqusition Cost,Pargo - Click to Collect Cost,Pargo - Click to Collect Cost,2027-01-01,124281
Acqusition Cost,Acqusition Cost,Pargo - Click to Collect Cost,Pargo - Click to Collect Cost,2027-02-01,127501
Acqusition Cost,Acqusition Cost,Pargo - Click to Collect Cost,Pargo - Click to Collect Cost,2027-03-01,128386
Acqusition Cost,Acqusition Cost,Pargo - Click to Collect Cost,Pargo - Click to Collect Cost,2027-04-01,128043
Acqusition Cost,Acqusition Cost,Pargo - Click to Collect Cost,Pargo - Click to Collect Cost,2027-05-31,128158
Acqusition Cost,Acqusition Cost,Pargo - Click to Collect Cost,Pargo - Click to Collect Cost,2027-06-30,128272
Acqusition Cost,Acqusition Cost,Pargo - Click to Collect Cost,Pargo - Click to Collect Cost,2027-07-01,128501
Acqusition Cost,Acqusition Cost,Pargo - Click to Collect Cost,Pargo - Click to Collect Cost,2027-08-01,128158
Acqusition Cost,Acqusition Cost,Pargo - Click to Collect Cost,Pargo - Click to Collect Cost,2027-09-01,128272
Acqusition Cost,Acqusition Cost,Pargo - Click to Collect Cost,Pargo - Click to Collect Cost,2027-10-01,128386
Acqusition Cost,Acqusition Cost,Pargo - Click to Collect Cost,Pargo - Click to Collect Cost,2027-11-01,128272
Acqusition Cost,Acqusition Cost,Pargo - Click to Collect Cost,Pargo - Click to Collect Cost,2027-12-01,122160
Acqusition Cost,Acqusition Cost,Pargo - Click to Collect Cost,Pargo - Click to Collect Cost,2028-01-01,124992
Acqusition Cost,Acqusition Cost,Pargo - Click to Collect Cost,Pargo - Click to Collect Cost,2028-02-01,125783
Acqusition Cost,Acqusition Cost,Pargo - Click to Collect Boxes,Pargo - Click to Collect Boxes,2023-03-31,
Acqusition Cost,Acqusition Cost,Pargo - Click to Collect Boxes,Pargo - Click to Collect Boxes,2023-04-30,
Acqusition Cost,Acqusition Cost,Pargo - Click to Collect Boxes,Pargo - Click to Collect Boxes,2023-05-31,
Acqusition Cost,Acqusition Cost,Pargo - Click to Collect Boxes,Pargo - Click to Collect Boxes,2023-06-30,
Acqusition Cost,Acqusition Cost,Pargo - Click to Collect Boxes,Pargo - Click to Collect Boxes,2023-07-31,
Acqusition Cost,Acqusition Cost,Pargo - Click to Collect Boxes,Pargo - Click to Collect Boxes,2023-08-31,11874
Acqusition Cost,Acqusition Cost,Pargo - Click to Collect Boxes,Pargo - Click to Collect Boxes,2023-09-30,5565
Acqusition Cost,Acqusition Cost,Pargo - Click to Collect Boxes,Pargo - Click to Collect Boxes,2023-10-31,6296
Acqusition Cost,Acqusition Cost,Pargo - Click to Collect Boxes,Pargo - Click to Collect Boxes,2023-11-30,14581
Acqusition Cost,Acqusition Cost,Pargo - Click to Collect Boxes,Pargo - Click to Collect Boxes,2023-12-31,4706
Acqusition Cost,Acqusition Cost,Pargo - Click to Collect Boxes,Pargo - Click to Collect Boxes,2024-01-31,2657
Acqusition Cost,Acqusition Cost,Pargo - Click to Collect Boxes,Pargo - Click to Collect Boxes,2024-02-29,9284
Acqusition Cost,Acqusition Cost,Pargo - Click to Collect Boxes,Pargo - Click to Collect Boxes,2024-03-31,8295
Acqusition Cost,Acqusition Cost,Pargo - Click to Collect Boxes,Pargo - Click to Collect Boxes,2024-04-30,506
Acqusition Cost,Acqusition Cost,Pargo - Click to Collect Boxes,Pargo - Click to Collect Boxes,2024-05-31,9584
Acqusition Cost,Acqusition Cost,Pargo - Click to Collect Boxes,Pargo - Click to Collect Boxes,2024-06-30,7804
Acqusition Cost,Acqusition Cost,Pargo - Click to Collect Boxes,Pargo - Click to Collect Boxes,2024-07-31,10365
Acqusition Cost,Acqusition Cost,Pargo - Click to Collect Boxes,Pargo - Click to Collect Boxes,2024-08-31,9424
Acqusition Cost,Acqusition Cost,Pargo - Click to Collect Boxes,Pargo - Click to Collect Boxes,2024-09-30,8240
Acqusition Cost,Acqusition Cost,Pargo - Click to Collect Boxes,Pargo - Click to Collect Boxes,2024-10-31,6515
Acqusition Cost,Acqusition Cost,Pargo - Click to Collect Boxes,Pargo - Click to Collect Boxes,2024-11-30,11617
Acqusition Cost,Acqusition Cost,Pargo - Click to Collect Boxes,Pargo - Click to Collect Boxes,2024-12-31,3723
Acqusition Cost,Acqusition Cost,Pargo - Click to Collect Boxes,Pargo - Click to Collect Boxes,2025-01-31,9510
Acqusition Cost,Acqusition Cost,Pargo - Click to Collect Boxes,Pargo - Click to Collect Boxes,2025-02-28,5424
Acqusition Cost,Acqusition Cost,Pargo - Click to Collect Boxes,Pargo - Click to Collect Boxes,2025-03-31,6546
Acqusition Cost,Acqusition Cost,Pargo - Click to Collect Boxes,Pargo - Click to Collect Boxes,2025-04-30,10847
Acqusition Cost,Acqusition Cost,Pargo - Click to Collect Boxes,Pargo - Click to Collect Boxes,2025-05-31,4654
Acqusition Cost,Acqusition Cost,Pargo - Click to Collect Boxes,Pargo - Click to Collect Boxes,2025-06-30,4407
Acqusition Cost,Acqusition Cost,Pargo - Click to Collect Boxes,Pargo - Click to Collect Boxes,2025-07-01,7623
Acqusition Cost,Acqusition Cost,Pargo - Click to Collect Boxes,Pargo - Click to Collect Boxes,2025-08-01,8443
Acqusition Cost,Acqusition Cost,Pargo - Click to Collect Boxes,Pargo - Click to Collect Boxes,2025-09-01,13530
Acqusition Cost,Acqusition Cost,Pargo - Click to Collect Boxes,Pargo - Click to Collect Boxes,2025-10-01,10458
Acqusition Cost,Acqusition Cost,Pargo - Click to Collect Boxes,Pargo - Click to Collect Boxes,2025-11-01,9383
Acqusition Cost,Acqusition Cost,Pargo - Click to Collect Boxes,Pargo - Click to Collect Boxes,2025-12-01,8903
Acqusition Cost,Acqusition Cost,Pargo - Click to Collect Boxes,Pargo - Click to Collect Boxes,2026-01-01,6728.0
Acqusition Cost,Acqusition Cost,Pargo - Click to Collect Boxes,Pargo - Click to Collect Boxes,2026-02-01,6732.0
Acqusition Cost,Acqusition Cost,Pargo - Click to Collect Boxes,Pargo - Click to Collect Boxes,2026-03-01,
Acqusition Cost,Acqusition Cost,Pargo - Click to Collect Boxes,Pargo - Click to Collect Boxes,2026-04-01,
Acqusition Cost,Acqusition Cost,Pargo - Click to Collect Boxes,Pargo - Click to Collect Boxes,2026-05-31,
Acqusition Cost,Acqusition Cost,Pargo - Click to Collect Boxes,Pargo - Click to Collect Boxes,2026-06-30,
Acqusition Cost,Acqusition Cost,Pargo - Click to Collect Boxes,Pargo - Click to Collect Boxes,2026-07-01,
Acqusition Cost,Acqusition Cost,Pargo - Click to Collect Boxes,Pargo - Click to Collect Boxes,2026-08-01,
Acqusition Cost,Acqusition Cost,Pargo - Click to Collect Boxes,Pargo - Click to Collect Boxes,2026-09-01,
Acqusition Cost,Acqusition Cost,Pargo - Click to Collect Boxes,Pargo - Click to Collect Boxes,2026-10-01,
Acqusition Cost,Acqusition Cost,Pargo - Click to Collect Boxes,Pargo - Click to Collect Boxes,2026-11-01,
Acqusition Cost,Acqusition Cost,Pargo - Click to Collect Boxes,Pargo - Click to Collect Boxes,2026-12-01,
Acqusition Cost,Acqusition Cost,Pargo - Click to Collect Boxes,Pargo - Click to Collect Boxes,2027-01-01,
Acqusition Cost,Acqusition Cost,Pargo - Click to Collect Boxes,Pargo - Click to Collect Boxes,2027-02-01,
Acqusition Cost,Acqusition Cost,Pargo - Click to Collect Boxes,Pargo - Click to Collect Boxes,2027-03-01,
Acqusition Cost,Acqusition Cost,Pargo - Click to Collect Boxes,Pargo - Click to Collect Boxes,2027-04-01,
Acqusition Cost,Acqusition Cost,Pargo - Click to Collect Boxes,Pargo - Click to Collect Boxes,2027-05-31,
Acqusition Cost,Acqusition Cost,Pargo - Click to Collect Boxes,Pargo - Click to Collect Boxes,2027-06-30,
Acqusition Cost,Acqusition Cost,Pargo - Click to Collect Boxes,Pargo - Click to Collect Boxes,2027-07-01,
Acqusition Cost,Acqusition Cost,Pargo - Click to Collect Boxes,Pargo - Click to Collect Boxes,2027-08-01,
Acqusition Cost,Acqusition Cost,Pargo - Click to Collect Boxes,Pargo - Click to Collect Boxes,2027-09-01,
Acqusition Cost,Acqusition Cost,Pargo - Click to Collect Boxes,Pargo - Click to Collect Boxes,2027-10-01,
Acqusition Cost,Acqusition Cost,Pargo - Click to Collect Boxes,Pargo - Click to Collect Boxes,2027-11-01,
Acqusition Cost,Acqusition Cost,Pargo - Click to Collect Boxes,Pargo - Click to Collect Boxes,2027-12-01,
Acqusition Cost,Acqusition Cost,Pargo - Click to Collect Boxes,Pargo - Click to Collect Boxes,2028-01-01,
Acqusition Cost,Acqusition Cost,Pargo - Click to Collect Boxes,Pargo - Click to Collect Boxes,2028-02-01,
Acqusition Cost,Acqusition Cost,Pargo - Collection Cost,Pargo - Collection Cost,2023-03-31,151109
Acqusition Cost,Acqusition Cost,Pargo - Collection Cost,Pargo - Collection Cost,2023-04-30,153882
Acqusition Cost,Acqusition Cost,Pargo - Collection Cost,Pargo - Collection Cost,2023-05-31,136640
Acqusition Cost,Acqusition Cost,Pargo - Collection Cost,Pargo - Collection Cost,2023-06-30,139251
Acqusition Cost,Acqusition Cost,Pargo - Collection Cost,Pargo - Collection Cost,2023-07-31,143806
Acqusition Cost,Acqusition Cost,Pargo - Collection Cost,Pargo - Collection Cost,2023-08-31,139145
Acqusition Cost,Acqusition Cost,Pargo - Collection Cost,Pargo - Collection Cost,2023-09-30,128074
Acqusition Cost,Acqusition Cost,Pargo - Collection Cost,Pargo - Collection Cost,2023-10-31,129159
Acqusition Cost,Acqusition Cost,Pargo - Collection Cost,Pargo - Collection Cost,2023-11-30,155181
Acqusition Cost,Acqusition Cost,Pargo - Collection Cost,Pargo - Collection Cost,2023-12-31,128927
Acqusition Cost,Acqusition Cost,Pargo - Collection Cost,Pargo - Collection Cost,2024-01-31,121004
Acqusition Cost,Acqusition Cost,Pargo - Collection Cost,Pargo - Collection Cost,2024-02-29,309871
Acqusition Cost,Acqusition Cost,Pargo - Collection Cost,Pargo - Collection Cost,2024-03-31,172827
Acqusition Cost,Acqusition Cost,Pargo - Collection Cost,Pargo - Collection Cost,2024-04-30,209182
Acqusition Cost,Acqusition Cost,Pargo - Collection Cost,Pargo - Collection Cost,2024-05-31,208634
Acqusition Cost,Acqusition Cost,Pargo - Collection Cost,Pargo - Collection Cost,2024-06-30,196984
Acqusition Cost,Acqusition Cost,Pargo - Collection Cost,Pargo - Collection Cost,2024-07-31,207566
Acqusition Cost,Acqusition Cost,Pargo - Collection Cost,Pargo - Collection Cost,2024-08-31,201768
Acqusition Cost,Acqusition Cost,Pargo - Collection Cost,Pargo - Collection Cost,2024-09-30,187524
Acqusition Cost,Acqusition Cost,Pargo - Collection Cost,Pargo - Collection Cost,2024-10-31,172658
Acqusition Cost,Acqusition Cost,Pargo - Collection Cost,Pargo - Collection Cost,2024-11-30,185118
Acqusition Cost,Acqusition Cost,Pargo - Collection Cost,Pargo - Collection Cost,2024-12-31,185686
Acqusition Cost,Acqusition Cost,Pargo - Collection Cost,Pargo - Collection Cost,2025-01-31,145012
Acqusition Cost,Acqusition Cost,Pargo - Collection Cost,Pargo - Collection Cost,2025-02-28,190389
Acqusition Cost,Acqusition Cost,Pargo - Collection Cost,Pargo - Collection Cost,2025-03-31,187462
Acqusition Cost,Acqusition Cost,Pargo - Collection Cost,Pargo - Collection Cost,2025-04-30,203591
Acqusition Cost,Acqusition Cost,Pargo - Collection Cost,Pargo - Collection Cost,2025-05-31,177035
Acqusition Cost,Acqusition Cost,Pargo - Collection Cost,Pargo - Collection Cost,2025-06-30,184622
Acqusition Cost,Acqusition Cost,Pargo - Collection Cost,Pargo - Collection Cost,2025-07-01,221206
Acqusition Cost,Acqusition Cost,Pargo - Collection Cost,Pargo - Collection Cost,2025-08-01,309470
Acqusition Cost,Acqusition Cost,Pargo - Collection Cost,Pargo - Collection Cost,2025-09-01,339128
Acqusition Cost,Acqusition Cost,Pargo - Collection Cost,Pargo - Collection Cost,2025-10-01,243491
Acqusition Cost,Acqusition Cost,Pargo - Collection Cost,Pargo - Collection Cost,2025-11-01,234154
Acqusition Cost,Acqusition Cost,Pargo - Collection Cost,Pargo - Collection Cost,2025-12-01,199233
Acqusition Cost,Acqusition Cost,Pargo - Collection Cost,Pargo - Collection Cost,2026-01-01,149949.0
Acqusition Cost,Acqusition Cost,Pargo - Collection Cost,Pargo - Collection Cost,2026-02-01,177628.0
Acqusition Cost,Acqusition Cost,Pargo - Collection Cost,Pargo - Collection Cost,2026-03-01,248711
Acqusition Cost,Acqusition Cost,Pargo - Collection Cost,Pargo - Collection Cost,2026-04-01,250551
Acqusition Cost,Acqusition Cost,Pargo - Collection Cost,Pargo - Collection Cost,2026-05-31,250677
Acqusition Cost,Acqusition Cost,Pargo - Collection Cost,Pargo - Collection Cost,2026-06-30,252251
Acqusition Cost,Acqusition Cost,Pargo - Collection Cost,Pargo - Collection Cost,2026-07-01,259041
Acqusition Cost,Acqusition Cost,Pargo - Collection Cost,Pargo - Collection Cost,2026-08-01,254669
Acqusition Cost,Acqusition Cost,Pargo - Collection Cost,Pargo - Collection Cost,2026-09-01,255727
Acqusition Cost,Acqusition Cost,Pargo - Collection Cost,Pargo - Collection Cost,2026-10-01,256888
Acqusition Cost,Acqusition Cost,Pargo - Collection Cost,Pargo - Collection Cost,2026-11-01,255205
Acqusition Cost,Acqusition Cost,Pargo - Collection Cost,Pargo - Collection Cost,2026-12-01,211589
Acqusition Cost,Acqusition Cost,Pargo - Collection Cost,Pargo - Collection Cost,2027-01-01,226848
Acqusition Cost,Acqusition Cost,Pargo - Collection Cost,Pargo - Collection Cost,2027-02-01,241833
Acqusition Cost,Acqusition Cost,Pargo - Collection Cost,Pargo - Collection Cost,2027-03-01,773330
Acqusition Cost,Acqusition Cost,Pargo - Collection Cost,Pargo - Collection Cost,2027-04-01,275596
Acqusition Cost,Acqusition Cost,Pargo - Collection Cost,Pargo - Collection Cost,2027-05-31,276778
Acqusition Cost,Acqusition Cost,Pargo - Collection Cost,Pargo - Collection Cost,2027-06-30,277967
Acqusition Cost,Acqusition Cost,Pargo - Collection Cost,Pargo - Collection Cost,2027-07-01,280564
Acqusition Cost,Acqusition Cost,Pargo - Collection Cost,Pargo - Collection Cost,2027-08-01,276155
Acqusition Cost,Acqusition Cost,Pargo - Collection Cost,Pargo - Collection Cost,2027-09-01,277362
Acqusition Cost,Acqusition Cost,Pargo - Collection Cost,Pargo - Collection Cost,2027-10-01,278575
Acqusition Cost,Acqusition Cost,Pargo - Collection Cost,Pargo - Collection Cost,2027-11-01,276989
Acqusition Cost,Acqusition Cost,Pargo - Collection Cost,Pargo - Collection Cost,2027-12-01,243602
Acqusition Cost,Acqusition Cost,Pargo - Collection Cost,Pargo - Collection Cost,2028-01-01,260266
Acqusition Cost,Acqusition Cost,Pargo - Collection Cost,Pargo - Collection Cost,2028-02-01,263840
Acqusition Cost,Acqusition Cost,Sale of Sim cards,Sale of Sim cards,2023-03-31,
Acqusition Cost,Acqusition Cost,Sale of Sim cards,Sale of Sim cards,2023-04-30,
Acqusition Cost,Acqusition Cost,Sale of Sim cards,Sale of Sim cards,2023-05-31,
Acqusition Cost,Acqusition Cost,Sale of Sim cards,Sale of Sim cards,2023-06-30,
Acqusition Cost,Acqusition Cost,Sale of Sim cards,Sale of Sim cards,2023-07-31,
Acqusition Cost,Acqusition Cost,Sale of Sim cards,Sale of Sim cards,2023-08-31,
Acqusition Cost,Acqusition Cost,Sale of Sim cards,Sale of Sim cards,2023-09-30,
Acqusition Cost,Acqusition Cost,Sale of Sim cards,Sale of Sim cards,2023-10-31,
Acqusition Cost,Acqusition Cost,Sale of Sim cards,Sale of Sim cards,2023-11-30,
Acqusition Cost,Acqusition Cost,Sale of Sim cards,Sale of Sim cards,2023-12-31,0
Acqusition Cost,Acqusition Cost,Sale of Sim cards,Sale of Sim cards,2024-01-31,0
Acqusition Cost,Acqusition Cost,Sale of Sim cards,Sale of Sim cards,2024-02-29,0
Acqusition Cost,Acqusition Cost,Sale of Sim cards,Sale of Sim cards,2024-03-31,0
Acqusition Cost,Acqusition Cost,Sale of Sim cards,Sale of Sim cards,2024-04-30,0
Acqusition Cost,Acqusition Cost,Sale of Sim cards,Sale of Sim cards,2024-05-31,0
Acqusition Cost,Acqusition Cost,Sale of Sim cards,Sale of Sim cards,2024-06-30,0
Acqusition Cost,Acqusition Cost,Sale of Sim cards,Sale of Sim cards,2024-07-31,0
Acqusition Cost,Acqusition Cost,Sale of Sim cards,Sale of Sim cards,2024-08-31,0
Acqusition Cost,Acqusition Cost,Sale of Sim cards,Sale of Sim cards,2024-09-30,0
Acqusition Cost,Acqusition Cost,Sale of Sim cards,Sale of Sim cards,2024-10-31,0
Acqusition Cost,Acqusition Cost,Sale of Sim cards,Sale of Sim cards,2024-11-30,0
Acqusition Cost,Acqusition Cost,Sale of Sim cards,Sale of Sim cards,2024-12-31,0
Acqusition Cost,Acqusition Cost,Sale of Sim cards,Sale of Sim cards,2025-01-31,0
Acqusition Cost,Acqusition Cost,Sale of Sim cards,Sale of Sim cards,2025-02-28,0
Acqusition Cost,Acqusition Cost,Sale of Sim cards,Sale of Sim cards,2025-03-31,0
Acqusition Cost,Acqusition Cost,Sale of Sim cards,Sale of Sim cards,2025-04-30,0
Acqusition Cost,Acqusition Cost,Sale of Sim cards,Sale of Sim cards,2025-05-31,0
Acqusition Cost,Acqusition Cost,Sale of Sim cards,Sale of Sim cards,2025-06-30,-2826
Acqusition Cost,Acqusition Cost,Sale of Sim cards,Sale of Sim cards,2025-07-01,-17033
Acqusition Cost,Acqusition Cost,Sale of Sim cards,Sale of Sim cards,2025-08-01,-16266
Acqusition Cost,Acqusition Cost,Sale of Sim cards,Sale of Sim cards,2025-09-01,-20283
Acqusition Cost,Acqusition Cost,Sale of Sim cards,Sale of Sim cards,2025-10-01,-59953
Acqusition Cost,Acqusition Cost,Sale of Sim cards,Sale of Sim cards,2025-11-01,-18209
Acqusition Cost,Acqusition Cost,Sale of Sim cards,Sale of Sim cards,2025-12-01,-43184
Acqusition Cost,Acqusition Cost,Sale of Sim cards,Sale of Sim cards,2026-01-01,-11480.0
Acqusition Cost,Acqusition Cost,Sale of Sim cards,Sale of Sim cards,2026-02-01,-47768.0
Acqusition Cost,Acqusition Cost,Sale of Sim cards,Sale of Sim cards,2026-03-01,-115184
Acqusition Cost,Acqusition Cost,Sale of Sim cards,Sale of Sim cards,2026-04-01,-114134
Acqusition Cost,Acqusition Cost,Sale of Sim cards,Sale of Sim cards,2026-05-31,-115852
Acqusition Cost,Acqusition Cost,Sale of Sim cards,Sale of Sim cards,2026-06-30,-114677
Acqusition Cost,Acqusition Cost,Sale of Sim cards,Sale of Sim cards,2026-07-01,-116415
Acqusition Cost,Acqusition Cost,Sale of Sim cards,Sale of Sim cards,2026-08-01,-116697
Acqusition Cost,Acqusition Cost,Sale of Sim cards,Sale of Sim cards,2026-09-01,-115491
Acqusition Cost,Acqusition Cost,Sale of Sim cards,Sale of Sim cards,2026-10-01,-117260
Acqusition Cost,Acqusition Cost,Sale of Sim cards,Sale of Sim cards,2026-11-01,-116033
Acqusition Cost,Acqusition Cost,Sale of Sim cards,Sale of Sim cards,2026-12-01,-91355
Acqusition Cost,Acqusition Cost,Sale of Sim cards,Sale of Sim cards,2027-01-01,-99408
Acqusition Cost,Acqusition Cost,Sale of Sim cards,Sale of Sim cards,2027-02-01,-105586
Acqusition Cost,Acqusition Cost,Sale of Sim cards,Sale of Sim cards,2027-03-01,-117010
Acqusition Cost,Acqusition Cost,Sale of Sim cards,Sale of Sim cards,2027-04-01,-116165
Acqusition Cost,Acqusition Cost,Sale of Sim cards,Sale of Sim cards,2027-05-31,-117967
Acqusition Cost,Acqusition Cost,Sale of Sim cards,Sale of Sim cards,2027-06-30,-117390
Acqusition Cost,Acqusition Cost,Sale of Sim cards,Sale of Sim cards,2027-07-01,-118860
Acqusition Cost,Acqusition Cost,Sale of Sim cards,Sale of Sim cards,2027-08-01,-119132
Acqusition Cost,Acqusition Cost,Sale of Sim cards,Sale of Sim cards,2027-09-01,-118204
Acqusition Cost,Acqusition Cost,Sale of Sim cards,Sale of Sim cards,2027-10-01,-120078
Acqusition Cost,Acqusition Cost,Sale of Sim cards,Sale of Sim cards,2027-11-01,-118746
Acqusition Cost,Acqusition Cost,Sale of Sim cards,Sale of Sim cards,2027-12-01,-100599
Acqusition Cost,Acqusition Cost,Sale of Sim cards,Sale of Sim cards,2028-01-01,-109977
Acqusition Cost,Acqusition Cost,Sale of Sim cards,Sale of Sim cards,2028-02-01,-108341
Acqusition Cost,Acqusition Cost,Porting Costs,Porting Costs,2023-03-31,
Acqusition Cost,Acqusition Cost,Porting Costs,Porting Costs,2023-04-30,
Acqusition Cost,Acqusition Cost,Porting Costs,Porting Costs,2023-05-31,
Acqusition Cost,Acqusition Cost,Porting Costs,Porting Costs,2023-06-30,
Acqusition Cost,Acqusition Cost,Porting Costs,Porting Costs,2023-07-31,
Acqusition Cost,Acqusition Cost,Porting Costs,Porting Costs,2023-08-31,
Acqusition Cost,Acqusition Cost,Porting Costs,Porting Costs,2023-09-30,
Acqusition Cost,Acqusition Cost,Porting Costs,Porting Costs,2023-10-31,
Acqusition Cost,Acqusition Cost,Porting Costs,Porting Costs,2023-11-30,
Acqusition Cost,Acqusition Cost,Porting Costs,Porting Costs,2023-12-31,
Acqusition Cost,Acqusition Cost,Porting Costs,Porting Costs,2024-01-31,960
Acqusition Cost,Acqusition Cost,Porting Costs,Porting Costs,2024-02-29,
Acqusition Cost,Acqusition Cost,Porting Costs,Porting Costs,2024-03-31,
Acqusition Cost,Acqusition Cost,Porting Costs,Porting Costs,2024-04-30,
Acqusition Cost,Acqusition Cost,Porting Costs,Porting Costs,2024-05-31,
Acqusition Cost,Acqusition Cost,Porting Costs,Porting Costs,2024-06-30,
Acqusition Cost,Acqusition Cost,Porting Costs,Porting Costs,2024-07-31,
Acqusition Cost,Acqusition Cost,Porting Costs,Porting Costs,2024-08-31,
Acqusition Cost,Acqusition Cost,Porting Costs,Porting Costs,2024-09-30,
Acqusition Cost,Acqusition Cost,Porting Costs,Porting Costs,2024-10-31,0
Acqusition Cost,Acqusition Cost,Porting Costs,Porting Costs,2024-11-30,885
Acqusition Cost,Acqusition Cost,Porting Costs,Porting Costs,2024-12-31,885
Acqusition Cost,Acqusition Cost,Porting Costs,Porting Costs,2025-01-31,55
Acqusition Cost,Acqusition Cost,Porting Costs,Porting Costs,2025-02-28,0
Acqusition Cost,Acqusition Cost,Porting Costs,Porting Costs,2025-03-31,0
Acqusition Cost,Acqusition Cost,Porting Costs,Porting Costs,2025-04-30,0
Acqusition Cost,Acqusition Cost,Porting Costs,Porting Costs,2025-05-31,-635
Acqusition Cost,Acqusition Cost,Porting Costs,Porting Costs,2025-06-30,-690
Acqusition Cost,Acqusition Cost,Porting Costs,Porting Costs,2025-07-01,-675
Acqusition Cost,Acqusition Cost,Porting Costs,Porting Costs,2025-08-01,-765
Acqusition Cost,Acqusition Cost,Porting Costs,Porting Costs,2025-09-01,-675
Acqusition Cost,Acqusition Cost,Porting Costs,Porting Costs,2025-10-01,-640
Acqusition Cost,Acqusition Cost,Porting Costs,Porting Costs,2025-11-01,-710
Acqusition Cost,Acqusition Cost,Porting Costs,Porting Costs,2025-12-01,-645
Acqusition Cost,Acqusition Cost,Porting Costs,Porting Costs,2026-01-01,-825.0
Acqusition Cost,Acqusition Cost,Porting Costs,Porting Costs,2026-02-01,105
Acqusition Cost,Acqusition Cost,Porting Costs,Porting Costs,2026-03-01,
Acqusition Cost,Acqusition Cost,Porting Costs,Porting Costs,2026-04-01,
Acqusition Cost,Acqusition Cost,Porting Costs,Porting Costs,2026-05-31,
Acqusition Cost,Acqusition Cost,Porting Costs,Porting Costs,2026-06-30,
Acqusition Cost,Acqusition Cost,Porting Costs,Porting Costs,2026-07-01,
Acqusition Cost,Acqusition Cost,Porting Costs,Porting Costs,2026-08-01,
Acqusition Cost,Acqusition Cost,Porting Costs,Porting Costs,2026-09-01,
Acqusition Cost,Acqusition Cost,Porting Costs,Porting Costs,2026-10-01,
Acqusition Cost,Acqusition Cost,Porting Costs,Porting Costs,2026-11-01,
Acqusition Cost,Acqusition Cost,Porting Costs,Porting Costs,2026-12-01,
Acqusition Cost,Acqusition Cost,Porting Costs,Porting Costs,2027-01-01,
Acqusition Cost,Acqusition Cost,Porting Costs,Porting Costs,2027-02-01,
Acqusition Cost,Acqusition Cost,Porting Costs,Porting Costs,2027-03-01,
Acqusition Cost,Acqusition Cost,Porting Costs,Porting Costs,2027-04-01,
Acqusition Cost,Acqusition Cost,Porting Costs,Porting Costs,2027-05-31,
Acqusition Cost,Acqusition Cost,Porting Costs,Porting Costs,2027-06-30,
Acqusition Cost,Acqusition Cost,Porting Costs,Porting Costs,2027-07-01,
Acqusition Cost,Acqusition Cost,Porting Costs,Porting Costs,2027-08-01,
Acqusition Cost,Acqusition Cost,Porting Costs,Porting Costs,2027-09-01,
Acqusition Cost,Acqusition Cost,Porting Costs,Porting Costs,2027-10-01,
Acqusition Cost,Acqusition Cost,Porting Costs,Porting Costs,2027-11-01,
Acqusition Cost,Acqusition Cost,Porting Costs,Porting Costs,2027-12-01,
Acqusition Cost,Acqusition Cost,Porting Costs,Porting Costs,2028-01-01,
Acqusition Cost,Acqusition Cost,Porting Costs,Porting Costs,2028-02-01,
Acqusition Cost,Acqusition Cost,Pargo- Recovery from The Unlimited - Free Sim,Pargo- Recovery from The Unlimited - Free Sim,2023-03-31,-67115
Acqusition Cost,Acqusition Cost,Pargo- Recovery from The Unlimited - Free Sim,Pargo- Recovery from The Unlimited - Free Sim,2023-04-30,-63203
Acqusition Cost,Acqusition Cost,Pargo- Recovery from The Unlimited - Free Sim,Pargo- Recovery from The Unlimited - Free Sim,2023-05-31,-68918
Acqusition Cost,Acqusition Cost,Pargo- Recovery from The Unlimited - Free Sim,Pargo- Recovery from The Unlimited - Free Sim,2023-06-30,-63805
Acqusition Cost,Acqusition Cost,Pargo- Recovery from The Unlimited - Free Sim,Pargo- Recovery from The Unlimited - Free Sim,2023-07-31,-69293
Acqusition Cost,Acqusition Cost,Pargo- Recovery from The Unlimited - Free Sim,Pargo- Recovery from The Unlimited - Free Sim,2023-08-31,-69693
Acqusition Cost,Acqusition Cost,Pargo- Recovery from The Unlimited - Free Sim,Pargo- Recovery from The Unlimited - Free Sim,2023-09-30,-50338
Acqusition Cost,Acqusition Cost,Pargo- Recovery from The Unlimited - Free Sim,Pargo- Recovery from The Unlimited - Free Sim,2023-10-31,-68780
Acqusition Cost,Acqusition Cost,Pargo- Recovery from The Unlimited - Free Sim,Pargo- Recovery from The Unlimited - Free Sim,2023-11-30,-195012
Acqusition Cost,Acqusition Cost,Pargo- Recovery from The Unlimited - Free Sim,Pargo- Recovery from The Unlimited - Free Sim,2023-12-31,-122503
Acqusition Cost,Acqusition Cost,Pargo- Recovery from The Unlimited - Free Sim,Pargo- Recovery from The Unlimited - Free Sim,2024-01-31,-100631
Acqusition Cost,Acqusition Cost,Pargo- Recovery from The Unlimited - Free Sim,Pargo- Recovery from The Unlimited - Free Sim,2024-02-29,-148863
Acqusition Cost,Acqusition Cost,Pargo- Recovery from The Unlimited - Free Sim,Pargo- Recovery from The Unlimited - Free Sim,2024-03-31,-145057
Acqusition Cost,Acqusition Cost,Pargo- Recovery from The Unlimited - Free Sim,Pargo- Recovery from The Unlimited - Free Sim,2024-04-30,-139809
Acqusition Cost,Acqusition Cost,Pargo- Recovery from The Unlimited - Free Sim,Pargo- Recovery from The Unlimited - Free Sim,2024-05-31,-146419
Acqusition Cost,Acqusition Cost,Pargo- Recovery from The Unlimited - Free Sim,Pargo- Recovery from The Unlimited - Free Sim,2024-06-30,-134041
Acqusition Cost,Acqusition Cost,Pargo- Recovery from The Unlimited - Free Sim,Pargo- Recovery from The Unlimited - Free Sim,2024-07-31,-155473
Acqusition Cost,Acqusition Cost,Pargo- Recovery from The Unlimited - Free Sim,Pargo- Recovery from The Unlimited - Free Sim,2024-08-31,-151186
Acqusition Cost,Acqusition Cost,Pargo- Recovery from The Unlimited - Free Sim,Pargo- Recovery from The Unlimited - Free Sim,2024-09-30,-143014
Acqusition Cost,Acqusition Cost,Pargo- Recovery from The Unlimited - Free Sim,Pargo- Recovery from The Unlimited - Free Sim,2024-10-31,-141572
Acqusition Cost,Acqusition Cost,Pargo- Recovery from The Unlimited - Free Sim,Pargo- Recovery from The Unlimited - Free Sim,2024-11-30,-148182
Acqusition Cost,Acqusition Cost,Pargo- Recovery from The Unlimited - Free Sim,Pargo- Recovery from The Unlimited - Free Sim,2024-12-31,-150457
Acqusition Cost,Acqusition Cost,Pargo- Recovery from The Unlimited - Free Sim,Pargo- Recovery from The Unlimited - Free Sim,2025-01-31,-100270
Acqusition Cost,Acqusition Cost,Pargo- Recovery from The Unlimited - Free Sim,Pargo- Recovery from The Unlimited - Free Sim,2025-02-28,-158758
Acqusition Cost,Acqusition Cost,Pargo- Recovery from The Unlimited - Free Sim,Pargo- Recovery from The Unlimited - Free Sim,2025-03-31,-160080
Acqusition Cost,Acqusition Cost,Pargo- Recovery from The Unlimited - Free Sim,Pargo- Recovery from The Unlimited - Free Sim,2025-04-30,-170215
Acqusition Cost,Acqusition Cost,Pargo- Recovery from The Unlimited - Free Sim,Pargo- Recovery from The Unlimited - Free Sim,2025-05-31,-146780
Acqusition Cost,Acqusition Cost,Pargo- Recovery from The Unlimited - Free Sim,Pargo- Recovery from The Unlimited - Free Sim,2025-06-30,-172018
Acqusition Cost,Acqusition Cost,Pargo- Recovery from The Unlimited - Free Sim,Pargo- Recovery from The Unlimited - Free Sim,2025-07-01,-181832
Acqusition Cost,Acqusition Cost,Pargo- Recovery from The Unlimited - Free Sim,Pargo- Recovery from The Unlimited - Free Sim,2025-08-01,-179549
Acqusition Cost,Acqusition Cost,Pargo- Recovery from The Unlimited - Free Sim,Pargo- Recovery from The Unlimited - Free Sim,2025-09-01,-152989
Acqusition Cost,Acqusition Cost,Pargo- Recovery from The Unlimited - Free Sim,Pargo- Recovery from The Unlimited - Free Sim,2025-10-01,-149704
Acqusition Cost,Acqusition Cost,Pargo- Recovery from The Unlimited - Free Sim,Pargo- Recovery from The Unlimited - Free Sim,2025-11-01,-135523
Acqusition Cost,Acqusition Cost,Pargo- Recovery from The Unlimited - Free Sim,Pargo- Recovery from The Unlimited - Free Sim,2025-12-01,-122303
Acqusition Cost,Acqusition Cost,Pargo- Recovery from The Unlimited - Free Sim,Pargo- Recovery from The Unlimited - Free Sim,2026-01-01,-86890.0
Acqusition Cost,Acqusition Cost,Pargo- Recovery from The Unlimited - Free Sim,Pargo- Recovery from The Unlimited - Free Sim,2026-02-01,-125548.0
Acqusition Cost,Acqusition Cost,Pargo- Recovery from The Unlimited - Free Sim,Pargo- Recovery from The Unlimited - Free Sim,2026-03-01,-190097
Acqusition Cost,Acqusition Cost,Pargo- Recovery from The Unlimited - Free Sim,Pargo- Recovery from The Unlimited - Free Sim,2026-04-01,-190097
Acqusition Cost,Acqusition Cost,Pargo- Recovery from The Unlimited - Free Sim,Pargo- Recovery from The Unlimited - Free Sim,2026-05-31,-190097
Acqusition Cost,Acqusition Cost,Pargo- Recovery from The Unlimited - Free Sim,Pargo- Recovery from The Unlimited - Free Sim,2026-06-30,-190097
Acqusition Cost,Acqusition Cost,Pargo- Recovery from The Unlimited - Free Sim,Pargo- Recovery from The Unlimited - Free Sim,2026-07-01,-190097
Acqusition Cost,Acqusition Cost,Pargo- Recovery from The Unlimited - Free Sim,Pargo- Recovery from The Unlimited - Free Sim,2026-08-01,-190097
Acqusition Cost,Acqusition Cost,Pargo- Recovery from The Unlimited - Free Sim,Pargo- Recovery from The Unlimited - Free Sim,2026-09-01,-190097
Acqusition Cost,Acqusition Cost,Pargo- Recovery from The Unlimited - Free Sim,Pargo- Recovery from The Unlimited - Free Sim,2026-10-01,-190097
Acqusition Cost,Acqusition Cost,Pargo- Recovery from The Unlimited - Free Sim,Pargo- Recovery from The Unlimited - Free Sim,2026-11-01,-190097
Acqusition Cost,Acqusition Cost,Pargo- Recovery from The Unlimited - Free Sim,Pargo- Recovery from The Unlimited - Free Sim,2026-12-01,-129467
Acqusition Cost,Acqusition Cost,Pargo- Recovery from The Unlimited - Free Sim,Pargo- Recovery from The Unlimited - Free Sim,2027-01-01,-145981
Acqusition Cost,Acqusition Cost,Pargo- Recovery from The Unlimited - Free Sim,Pargo- Recovery from The Unlimited - Free Sim,2027-02-01,-171373
Acqusition Cost,Acqusition Cost,Pargo- Recovery from The Unlimited - Free Sim,Pargo- Recovery from The Unlimited - Free Sim,2027-03-01,-190097
Acqusition Cost,Acqusition Cost,Pargo- Recovery from The Unlimited - Free Sim,Pargo- Recovery from The Unlimited - Free Sim,2027-04-01,-190097
Acqusition Cost,Acqusition Cost,Pargo- Recovery from The Unlimited - Free Sim,Pargo- Recovery from The Unlimited - Free Sim,2027-05-31,-190097
Acqusition Cost,Acqusition Cost,Pargo- Recovery from The Unlimited - Free Sim,Pargo- Recovery from The Unlimited - Free Sim,2027-06-30,-190097
Acqusition Cost,Acqusition Cost,Pargo- Recovery from The Unlimited - Free Sim,Pargo- Recovery from The Unlimited - Free Sim,2027-07-01,-190097
Acqusition Cost,Acqusition Cost,Pargo- Recovery from The Unlimited - Free Sim,Pargo- Recovery from The Unlimited - Free Sim,2027-08-01,-190097
Acqusition Cost,Acqusition Cost,Pargo- Recovery from The Unlimited - Free Sim,Pargo- Recovery from The Unlimited - Free Sim,2027-09-01,-190097
Acqusition Cost,Acqusition Cost,Pargo- Recovery from The Unlimited - Free Sim,Pargo- Recovery from The Unlimited - Free Sim,2027-10-01,-190097
Acqusition Cost,Acqusition Cost,Pargo- Recovery from The Unlimited - Free Sim,Pargo- Recovery from The Unlimited - Free Sim,2027-11-01,-190097
Acqusition Cost,Acqusition Cost,Pargo- Recovery from The Unlimited - Free Sim,Pargo- Recovery from The Unlimited - Free Sim,2027-12-01,-146408
Acqusition Cost,Acqusition Cost,Pargo- Recovery from The Unlimited - Free Sim,Pargo- Recovery from The Unlimited - Free Sim,2028-01-01,-165132
Acqusition Cost,Acqusition Cost,Pargo- Recovery from The Unlimited - Free Sim,Pargo- Recovery from The Unlimited - Free Sim,2028-02-01,-171373
Acqusition Cost,Acqusition Cost,Marketing Cost for Retail stores,Marketing Cost for Retail stores,2023-03-31,0
Acqusition Cost,Acqusition Cost,Marketing Cost for Retail stores,Marketing Cost for Retail stores,2023-04-30,20940
Acqusition Cost,Acqusition Cost,Marketing Cost for Retail stores,Marketing Cost for Retail stores,2023-05-31,29711
Acqusition Cost,Acqusition Cost,Marketing Cost for Retail stores,Marketing Cost for Retail stores,2023-06-30,10915
Acqusition Cost,Acqusition Cost,Marketing Cost for Retail stores,Marketing Cost for Retail stores,2023-07-31,230
Acqusition Cost,Acqusition Cost,Marketing Cost for Retail stores,Marketing Cost for Retail stores,2023-08-31,13790
Acqusition Cost,Acqusition Cost,Marketing Cost for Retail stores,Marketing Cost for Retail stores,2023-09-30,30415
Acqusition Cost,Acqusition Cost,Marketing Cost for Retail stores,Marketing Cost for Retail stores,2023-10-31,19049
Acqusition Cost,Acqusition Cost,Marketing Cost for Retail stores,Marketing Cost for Retail stores,2023-11-30,6722
Acqusition Cost,Acqusition Cost,Marketing Cost for Retail stores,Marketing Cost for Retail stores,2023-12-31,22935
Acqusition Cost,Acqusition Cost,Marketing Cost for Retail stores,Marketing Cost for Retail stores,2024-01-31,13409
Acqusition Cost,Acqusition Cost,Marketing Cost for Retail stores,Marketing Cost for Retail stores,2024-02-29,18820
Acqusition Cost,Acqusition Cost,Marketing Cost for Retail stores,Marketing Cost for Retail stores,2024-03-31,38891
Acqusition Cost,Acqusition Cost,Marketing Cost for Retail stores,Marketing Cost for Retail stores,2024-04-30,12305
Acqusition Cost,Acqusition Cost,Marketing Cost for Retail stores,Marketing Cost for Retail stores,2024-05-31,20547
Acqusition Cost,Acqusition Cost,Marketing Cost for Retail stores,Marketing Cost for Retail stores,2024-06-30,19126
Acqusition Cost,Acqusition Cost,Marketing Cost for Retail stores,Marketing Cost for Retail stores,2024-07-31,112919
Acqusition Cost,Acqusition Cost,Marketing Cost for Retail stores,Marketing Cost for Retail stores,2024-08-31,12593
Acqusition Cost,Acqusition Cost,Marketing Cost for Retail stores,Marketing Cost for Retail stores,2024-09-30,11930
Acqusition Cost,Acqusition Cost,Marketing Cost for Retail stores,Marketing Cost for Retail stores,2024-10-31,12920
Acqusition Cost,Acqusition Cost,Marketing Cost for Retail stores,Marketing Cost for Retail stores,2024-11-30,37051
Acqusition Cost,Acqusition Cost,Marketing Cost for Retail stores,Marketing Cost for Retail stores,2024-12-31,16347
Acqusition Cost,Acqusition Cost,Marketing Cost for Retail stores,Marketing Cost for Retail stores,2025-01-31,30790
Acqusition Cost,Acqusition Cost,Marketing Cost for Retail stores,Marketing Cost for Retail stores,2025-02-28,10372
Acqusition Cost,Acqusition Cost,Marketing Cost for Retail stores,Marketing Cost for Retail stores,2025-03-31,11569
Acqusition Cost,Acqusition Cost,Marketing Cost for Retail stores,Marketing Cost for Retail stores,2025-04-30,16736
Acqusition Cost,Acqusition Cost,Marketing Cost for Retail stores,Marketing Cost for Retail stores,2025-05-31,8094
Acqusition Cost,Acqusition Cost,Marketing Cost for Retail stores,Marketing Cost for Retail stores,2025-06-30,10743
Acqusition Cost,Acqusition Cost,Marketing Cost for Retail stores,Marketing Cost for Retail stores,2025-07-01,49800
Acqusition Cost,Acqusition Cost,Marketing Cost for Retail stores,Marketing Cost for Retail stores,2025-08-01,103334
Acqusition Cost,Acqusition Cost,Marketing Cost for Retail stores,Marketing Cost for Retail stores,2025-09-01,53942
Acqusition Cost,Acqusition Cost,Marketing Cost for Retail stores,Marketing Cost for Retail stores,2025-10-01,242391
Acqusition Cost,Acqusition Cost,Marketing Cost for Retail stores,Marketing Cost for Retail stores,2025-11-01,22944
Acqusition Cost,Acqusition Cost,Marketing Cost for Retail stores,Marketing Cost for Retail stores,2025-12-01,56438
Acqusition Cost,Acqusition Cost,Marketing Cost for Retail stores,Marketing Cost for Retail stores,2026-01-01,16866.0
Acqusition Cost,Acqusition Cost,Marketing Cost for Retail stores,Marketing Cost for Retail stores,2026-02-01,151675.0
Acqusition Cost,Acqusition Cost,Marketing Cost for Retail stores,Marketing Cost for Retail stores,2026-03-01,7500
Acqusition Cost,Acqusition Cost,Marketing Cost for Retail stores,Marketing Cost for Retail stores,2026-04-01,7500
Acqusition Cost,Acqusition Cost,Marketing Cost for Retail stores,Marketing Cost for Retail stores,2026-05-31,7500
Acqusition Cost,Acqusition Cost,Marketing Cost for Retail stores,Marketing Cost for Retail stores,2026-06-30,7500
Acqusition Cost,Acqusition Cost,Marketing Cost for Retail stores,Marketing Cost for Retail stores,2026-07-01,7500
Acqusition Cost,Acqusition Cost,Marketing Cost for Retail stores,Marketing Cost for Retail stores,2026-08-01,7500
Acqusition Cost,Acqusition Cost,Marketing Cost for Retail stores,Marketing Cost for Retail stores,2026-09-01,7500
Acqusition Cost,Acqusition Cost,Marketing Cost for Retail stores,Marketing Cost for Retail stores,2026-10-01,7500
Acqusition Cost,Acqusition Cost,Marketing Cost for Retail stores,Marketing Cost for Retail stores,2026-11-01,7500
Acqusition Cost,Acqusition Cost,Marketing Cost for Retail stores,Marketing Cost for Retail stores,2026-12-01,0
Acqusition Cost,Acqusition Cost,Marketing Cost for Retail stores,Marketing Cost for Retail stores,2027-01-01,0
Acqusition Cost,Acqusition Cost,Marketing Cost for Retail stores,Marketing Cost for Retail stores,2027-02-01,7500
Acqusition Cost,Acqusition Cost,Marketing Cost for Retail stores,Marketing Cost for Retail stores,2027-03-01,7500
Acqusition Cost,Acqusition Cost,Marketing Cost for Retail stores,Marketing Cost for Retail stores,2027-04-01,7500
Acqusition Cost,Acqusition Cost,Marketing Cost for Retail stores,Marketing Cost for Retail stores,2027-05-31,7500
Acqusition Cost,Acqusition Cost,Marketing Cost for Retail stores,Marketing Cost for Retail stores,2027-06-30,7500
Acqusition Cost,Acqusition Cost,Marketing Cost for Retail stores,Marketing Cost for Retail stores,2027-07-01,7500
Acqusition Cost,Acqusition Cost,Marketing Cost for Retail stores,Marketing Cost for Retail stores,2027-08-01,7500
Acqusition Cost,Acqusition Cost,Marketing Cost for Retail stores,Marketing Cost for Retail stores,2027-09-01,7500
Acqusition Cost,Acqusition Cost,Marketing Cost for Retail stores,Marketing Cost for Retail stores,2027-10-01,7500
Acqusition Cost,Acqusition Cost,Marketing Cost for Retail stores,Marketing Cost for Retail stores,2027-11-01,7500
Acqusition Cost,Acqusition Cost,Marketing Cost for Retail stores,Marketing Cost for Retail stores,2027-12-01,0
Acqusition Cost,Acqusition Cost,Marketing Cost for Retail stores,Marketing Cost for Retail stores,2028-01-01,0
Acqusition Cost,Acqusition Cost,Marketing Cost for Retail stores,Marketing Cost for Retail stores,2028-02-01,7500
Acqusition Cost,Acqusition Cost,Digital/Print Marketing,Digital/Print Marketing,2023-03-31,650
Acqusition Cost,Acqusition Cost,Digital/Print Marketing,Digital/Print Marketing,2023-04-30,18075
Acqusition Cost,Acqusition Cost,Digital/Print Marketing,Digital/Print Marketing,2023-05-31,9278
Acqusition Cost,Acqusition Cost,Digital/Print Marketing,Digital/Print Marketing,2023-06-30,23332
Acqusition Cost,Acqusition Cost,Digital/Print Marketing,Digital/Print Marketing,2023-07-31,20730
Acqusition Cost,Acqusition Cost,Digital/Print Marketing,Digital/Print Marketing,2023-08-31,21549
Acqusition Cost,Acqusition Cost,Digital/Print Marketing,Digital/Print Marketing,2023-09-30,5560
Acqusition Cost,Acqusition Cost,Digital/Print Marketing,Digital/Print Marketing,2023-10-31,18087
Acqusition Cost,Acqusition Cost,Digital/Print Marketing,Digital/Print Marketing,2023-11-30,7956
Acqusition Cost,Acqusition Cost,Digital/Print Marketing,Digital/Print Marketing,2023-12-31,16710
Acqusition Cost,Acqusition Cost,Digital/Print Marketing,Digital/Print Marketing,2024-01-31,11671
Acqusition Cost,Acqusition Cost,Digital/Print Marketing,Digital/Print Marketing,2024-02-29,12109
Acqusition Cost,Acqusition Cost,Digital/Print Marketing,Digital/Print Marketing,2024-03-31,18457
Acqusition Cost,Acqusition Cost,Digital/Print Marketing,Digital/Print Marketing,2024-04-30,18424
Acqusition Cost,Acqusition Cost,Digital/Print Marketing,Digital/Print Marketing,2024-05-31,17357
Acqusition Cost,Acqusition Cost,Digital/Print Marketing,Digital/Print Marketing,2024-06-30,31392
Acqusition Cost,Acqusition Cost,Digital/Print Marketing,Digital/Print Marketing,2024-07-31,31371
Acqusition Cost,Acqusition Cost,Digital/Print Marketing,Digital/Print Marketing,2024-08-31,3768
Acqusition Cost,Acqusition Cost,Digital/Print Marketing,Digital/Print Marketing,2024-09-30,4114
Acqusition Cost,Acqusition Cost,Digital/Print Marketing,Digital/Print Marketing,2024-10-31,0
Acqusition Cost,Acqusition Cost,Digital/Print Marketing,Digital/Print Marketing,2024-11-30,7858
Acqusition Cost,Acqusition Cost,Digital/Print Marketing,Digital/Print Marketing,2024-12-31,-78285
Acqusition Cost,Acqusition Cost,Digital/Print Marketing,Digital/Print Marketing,2025-01-31,0
Acqusition Cost,Acqusition Cost,Digital/Print Marketing,Digital/Print Marketing,2025-02-28,0
Acqusition Cost,Acqusition Cost,Digital/Print Marketing,Digital/Print Marketing,2025-03-31,0
Acqusition Cost,Acqusition Cost,Digital/Print Marketing,Digital/Print Marketing,2025-04-30,0
Acqusition Cost,Acqusition Cost,Digital/Print Marketing,Digital/Print Marketing,2025-05-31,0
Acqusition Cost,Acqusition Cost,Digital/Print Marketing,Digital/Print Marketing,2025-06-30,0
Acqusition Cost,Acqusition Cost,Digital/Print Marketing,Digital/Print Marketing,2025-07-01,0
Acqusition Cost,Acqusition Cost,Digital/Print Marketing,Digital/Print Marketing,2025-08-01,
Acqusition Cost,Acqusition Cost,Digital/Print Marketing,Digital/Print Marketing,2025-09-01,0
Acqusition Cost,Acqusition Cost,Digital/Print Marketing,Digital/Print Marketing,2025-10-01,0
Acqusition Cost,Acqusition Cost,Digital/Print Marketing,Digital/Print Marketing,2025-11-01,0
Acqusition Cost,Acqusition Cost,Digital/Print Marketing,Digital/Print Marketing,2025-12-01,0
Acqusition Cost,Acqusition Cost,Digital/Print Marketing,Digital/Print Marketing,2026-01-01,0
Acqusition Cost,Acqusition Cost,Digital/Print Marketing,Digital/Print Marketing,2026-02-01,0
Acqusition Cost,Acqusition Cost,Digital/Print Marketing,Digital/Print Marketing,2026-03-01,
Acqusition Cost,Acqusition Cost,Digital/Print Marketing,Digital/Print Marketing,2026-04-01,
Acqusition Cost,Acqusition Cost,Digital/Print Marketing,Digital/Print Marketing,2026-05-31,
Acqusition Cost,Acqusition Cost,Digital/Print Marketing,Digital/Print Marketing,2026-06-30,
Acqusition Cost,Acqusition Cost,Digital/Print Marketing,Digital/Print Marketing,2026-07-01,
Acqusition Cost,Acqusition Cost,Digital/Print Marketing,Digital/Print Marketing,2026-08-01,
Acqusition Cost,Acqusition Cost,Digital/Print Marketing,Digital/Print Marketing,2026-09-01,
Acqusition Cost,Acqusition Cost,Digital/Print Marketing,Digital/Print Marketing,2026-10-01,
Acqusition Cost,Acqusition Cost,Digital/Print Marketing,Digital/Print Marketing,2026-11-01,
Acqusition Cost,Acqusition Cost,Digital/Print Marketing,Digital/Print Marketing,2026-12-01,
Acqusition Cost,Acqusition Cost,Digital/Print Marketing,Digital/Print Marketing,2027-01-01,
Acqusition Cost,Acqusition Cost,Digital/Print Marketing,Digital/Print Marketing,2027-02-01,
Acqusition Cost,Acqusition Cost,Digital/Print Marketing,Digital/Print Marketing,2027-03-01,
Acqusition Cost,Acqusition Cost,Digital/Print Marketing,Digital/Print Marketing,2027-04-01,
Acqusition Cost,Acqusition Cost,Digital/Print Marketing,Digital/Print Marketing,2027-05-31,
Acqusition Cost,Acqusition Cost,Digital/Print Marketing,Digital/Print Marketing,2027-06-30,
Acqusition Cost,Acqusition Cost,Digital/Print Marketing,Digital/Print Marketing,2027-07-01,
Acqusition Cost,Acqusition Cost,Digital/Print Marketing,Digital/Print Marketing,2027-08-01,
Acqusition Cost,Acqusition Cost,Digital/Print Marketing,Digital/Print Marketing,2027-09-01,
Acqusition Cost,Acqusition Cost,Digital/Print Marketing,Digital/Print Marketing,2027-10-01,
Acqusition Cost,Acqusition Cost,Digital/Print Marketing,Digital/Print Marketing,2027-11-01,
Acqusition Cost,Acqusition Cost,Digital/Print Marketing,Digital/Print Marketing,2027-12-01,
Acqusition Cost,Acqusition Cost,Digital/Print Marketing,Digital/Print Marketing,2028-01-01,
Acqusition Cost,Acqusition Cost,Digital/Print Marketing,Digital/Print Marketing,2028-02-01,
Acqusition Cost,Acqusition Cost,Advertising & Marketing,Advertising & Marketing,2023-03-31,40983
Acqusition Cost,Acqusition Cost,Advertising & Marketing,Advertising & Marketing,2023-04-30,28690
Acqusition Cost,Acqusition Cost,Advertising & Marketing,Advertising & Marketing,2023-05-31,28279
Acqusition Cost,Acqusition Cost,Advertising & Marketing,Advertising & Marketing,2023-06-30,38202
Acqusition Cost,Acqusition Cost,Advertising & Marketing,Advertising & Marketing,2023-07-31,35382
Acqusition Cost,Acqusition Cost,Advertising & Marketing,Advertising & Marketing,2023-08-31,38971
Acqusition Cost,Acqusition Cost,Advertising & Marketing,Advertising & Marketing,2023-09-30,0
Acqusition Cost,Acqusition Cost,Advertising & Marketing,Advertising & Marketing,2023-10-31,
Acqusition Cost,Acqusition Cost,Advertising & Marketing,Advertising & Marketing,2023-11-30,
Acqusition Cost,Acqusition Cost,Advertising & Marketing,Advertising & Marketing,2023-12-31,0
Acqusition Cost,Acqusition Cost,Advertising & Marketing,Advertising & Marketing,2024-01-31,0
Acqusition Cost,Acqusition Cost,Advertising & Marketing,Advertising & Marketing,2024-02-29,0
Acqusition Cost,Acqusition Cost,Advertising & Marketing,Advertising & Marketing,2024-03-31,0
Acqusition Cost,Acqusition Cost,Advertising & Marketing,Advertising & Marketing,2024-04-30,0
Acqusition Cost,Acqusition Cost,Advertising & Marketing,Advertising & Marketing,2024-05-31,0
Acqusition Cost,Acqusition Cost,Advertising & Marketing,Advertising & Marketing,2024-06-30,0
Acqusition Cost,Acqusition Cost,Advertising & Marketing,Advertising & Marketing,2024-07-31,0
Acqusition Cost,Acqusition Cost,Advertising & Marketing,Advertising & Marketing,2024-08-31,0
Acqusition Cost,Acqusition Cost,Advertising & Marketing,Advertising & Marketing,2024-09-30,0
Acqusition Cost,Acqusition Cost,Advertising & Marketing,Advertising & Marketing,2024-10-31,0
Acqusition Cost,Acqusition Cost,Advertising & Marketing,Advertising & Marketing,2024-11-30,0
Acqusition Cost,Acqusition Cost,Advertising & Marketing,Advertising & Marketing,2024-12-31,0
Acqusition Cost,Acqusition Cost,Advertising & Marketing,Advertising & Marketing,2025-01-31,0
Acqusition Cost,Acqusition Cost,Advertising & Marketing,Advertising & Marketing,2025-02-28,0
Acqusition Cost,Acqusition Cost,Advertising & Marketing,Advertising & Marketing,2025-03-31,0
Acqusition Cost,Acqusition Cost,Advertising & Marketing,Advertising & Marketing,2025-04-30,0
Acqusition Cost,Acqusition Cost,Advertising & Marketing,Advertising & Marketing,2025-05-31,6912
Acqusition Cost,Acqusition Cost,Advertising & Marketing,Advertising & Marketing,2025-06-30,3703
Acqusition Cost,Acqusition Cost,Advertising & Marketing,Advertising & Marketing,2025-07-01,3841
Acqusition Cost,Acqusition Cost,Advertising & Marketing,Advertising & Marketing,2025-08-01,3585
Acqusition Cost,Acqusition Cost,Advertising & Marketing,Advertising & Marketing,2025-09-01,4727
Acqusition Cost,Acqusition Cost,Advertising & Marketing,Advertising & Marketing,2025-10-01,3939
Acqusition Cost,Acqusition Cost,Advertising & Marketing,Advertising & Marketing,2025-11-01,4067
Acqusition Cost,Acqusition Cost,Advertising & Marketing,Advertising & Marketing,2025-12-01,3768
Acqusition Cost,Acqusition Cost,Advertising & Marketing,Advertising & Marketing,2026-01-01,3999.0
Acqusition Cost,Acqusition Cost,Advertising & Marketing,Advertising & Marketing,2026-02-01,4000.0
Acqusition Cost,Acqusition Cost,Advertising & Marketing,Advertising & Marketing,2026-03-01,
Acqusition Cost,Acqusition Cost,Advertising & Marketing,Advertising & Marketing,2026-04-01,
Acqusition Cost,Acqusition Cost,Advertising & Marketing,Advertising & Marketing,2026-05-31,
Acqusition Cost,Acqusition Cost,Advertising & Marketing,Advertising & Marketing,2026-06-30,
Acqusition Cost,Acqusition Cost,Advertising & Marketing,Advertising & Marketing,2026-07-01,
Acqusition Cost,Acqusition Cost,Advertising & Marketing,Advertising & Marketing,2026-08-01,
Acqusition Cost,Acqusition Cost,Advertising & Marketing,Advertising & Marketing,2026-09-01,
Acqusition Cost,Acqusition Cost,Advertising & Marketing,Advertising & Marketing,2026-10-01,
Acqusition Cost,Acqusition Cost,Advertising & Marketing,Advertising & Marketing,2026-11-01,
Acqusition Cost,Acqusition Cost,Advertising & Marketing,Advertising & Marketing,2026-12-01,
Acqusition Cost,Acqusition Cost,Advertising & Marketing,Advertising & Marketing,2027-01-01,
Acqusition Cost,Acqusition Cost,Advertising & Marketing,Advertising & Marketing,2027-02-01,
Acqusition Cost,Acqusition Cost,Advertising & Marketing,Advertising & Marketing,2027-03-01,
Acqusition Cost,Acqusition Cost,Advertising & Marketing,Advertising & Marketing,2027-04-01,
Acqusition Cost,Acqusition Cost,Advertising & Marketing,Advertising & Marketing,2027-05-31,
Acqusition Cost,Acqusition Cost,Advertising & Marketing,Advertising & Marketing,2027-06-30,
Acqusition Cost,Acqusition Cost,Advertising & Marketing,Advertising & Marketing,2027-07-01,
Acqusition Cost,Acqusition Cost,Advertising & Marketing,Advertising & Marketing,2027-08-01,
Acqusition Cost,Acqusition Cost,Advertising & Marketing,Advertising & Marketing,2027-09-01,
Acqusition Cost,Acqusition Cost,Advertising & Marketing,Advertising & Marketing,2027-10-01,
Acqusition Cost,Acqusition Cost,Advertising & Marketing,Advertising & Marketing,2027-11-01,
Acqusition Cost,Acqusition Cost,Advertising & Marketing,Advertising & Marketing,2027-12-01,
Acqusition Cost,Acqusition Cost,Advertising & Marketing,Advertising & Marketing,2028-01-01,
Acqusition Cost,Acqusition Cost,Advertising & Marketing,Advertising & Marketing,2028-02-01,
Reported EBITDA,Reported EBITDA,Reported EBITDA,REPORTED EBITDA,2023-03-31,15123
Reported EBITDA,Reported EBITDA,Reported EBITDA,REPORTED EBITDA,2023-04-30,12626
Reported EBITDA,Reported EBITDA,Reported EBITDA,REPORTED EBITDA,2023-05-31,24899
Reported EBITDA,Reported EBITDA,Reported EBITDA,REPORTED EBITDA,2023-06-30,430091
Reported EBITDA,Reported EBITDA,Reported EBITDA,REPORTED EBITDA,2023-07-31,-4389
Reported EBITDA,Reported EBITDA,Reported EBITDA,REPORTED EBITDA,2023-08-31,4634366
Reported EBITDA,Reported EBITDA,Reported EBITDA,REPORTED EBITDA,2023-09-30,-34362
Reported EBITDA,Reported EBITDA,Reported EBITDA,REPORTED EBITDA,2023-10-31,2761754
Reported EBITDA,Reported EBITDA,Reported EBITDA,REPORTED EBITDA,2023-11-30,-131249
Reported EBITDA,Reported EBITDA,Reported EBITDA,REPORTED EBITDA,2023-12-31,-1394330
Reported EBITDA,Reported EBITDA,Reported EBITDA,REPORTED EBITDA,2024-01-31,-690420
Reported EBITDA,Reported EBITDA,Reported EBITDA,REPORTED EBITDA,2024-02-29,-1073968
Reported EBITDA,Reported EBITDA,Reported EBITDA,REPORTED EBITDA,2024-03-31,-776150
Reported EBITDA,Reported EBITDA,Reported EBITDA,REPORTED EBITDA,2024-04-30,-766285
Reported EBITDA,Reported EBITDA,Reported EBITDA,REPORTED EBITDA,2024-05-31,-667016
Reported EBITDA,Reported EBITDA,Reported EBITDA,REPORTED EBITDA,2024-06-30,-1252468
Reported EBITDA,Reported EBITDA,Reported EBITDA,REPORTED EBITDA,2024-07-31,-1188063
Reported EBITDA,Reported EBITDA,Reported EBITDA,REPORTED EBITDA,2024-08-31,-470073
Reported EBITDA,Reported EBITDA,Reported EBITDA,REPORTED EBITDA,2024-09-30,-1442327
Reported EBITDA,Reported EBITDA,Reported EBITDA,REPORTED EBITDA,2024-10-31,-659337
Reported EBITDA,Reported EBITDA,Reported EBITDA,REPORTED EBITDA,2024-11-30,-373778
Reported EBITDA,Reported EBITDA,Reported EBITDA,REPORTED EBITDA,2024-12-31,65807
Reported EBITDA,Reported EBITDA,Reported EBITDA,REPORTED EBITDA,2025-01-31,-1437149
Reported EBITDA,Reported EBITDA,Reported EBITDA,REPORTED EBITDA,2025-02-28,-1145657
Reported EBITDA,Reported EBITDA,Reported EBITDA,REPORTED EBITDA,2025-03-31,-1132670
Reported EBITDA,Reported EBITDA,Reported EBITDA,REPORTED EBITDA,2025-04-30,-297598
Reported EBITDA,Reported EBITDA,Reported EBITDA,REPORTED EBITDA,2025-05-31,-412448
Reported EBITDA,Reported EBITDA,Reported EBITDA,REPORTED EBITDA,2025-06-30,-245444
Reported EBITDA,Reported EBITDA,Reported EBITDA,REPORTED EBITDA,2025-07-01,-238742
Reported EBITDA,Reported EBITDA,Reported EBITDA,REPORTED EBITDA,2025-08-01,-731094
Reported EBITDA,Reported EBITDA,Reported EBITDA,REPORTED EBITDA,2025-09-01,-577625
Reported EBITDA,Reported EBITDA,Reported EBITDA,REPORTED EBITDA,2025-10-01,656539
Reported EBITDA,Reported EBITDA,Reported EBITDA,REPORTED EBITDA,2025-11-01,767905
Reported EBITDA,Reported EBITDA,Reported EBITDA,REPORTED EBITDA,2025-12-01,1400682
Reported EBITDA,Reported EBITDA,Reported EBITDA,REPORTED EBITDA,2026-01-01,499019.0
Reported EBITDA,Reported EBITDA,Reported EBITDA,REPORTED EBITDA,2026-02-01,377611.0
Reported EBITDA,Reported EBITDA,Reported EBITDA,REPORTED EBITDA,2026-03-01,1291394
Reported EBITDA,Reported EBITDA,Reported EBITDA,REPORTED EBITDA,2026-04-01,1355634
Reported EBITDA,Reported EBITDA,Reported EBITDA,REPORTED EBITDA,2026-05-31,1387725
Reported EBITDA,Reported EBITDA,Reported EBITDA,REPORTED EBITDA,2026-06-30,1465449
Reported EBITDA,Reported EBITDA,Reported EBITDA,REPORTED EBITDA,2026-07-01,1410294
Reported EBITDA,Reported EBITDA,Reported EBITDA,REPORTED EBITDA,2026-08-01,1407577
Reported EBITDA,Reported EBITDA,Reported EBITDA,REPORTED EBITDA,2026-09-01,1511341
Reported EBITDA,Reported EBITDA,Reported EBITDA,REPORTED EBITDA,2026-10-01,1343866
Reported EBITDA,Reported EBITDA,Reported EBITDA,REPORTED EBITDA,2026-11-01,854395
Reported EBITDA,Reported EBITDA,Reported EBITDA,REPORTED EBITDA,2026-12-01,678451
Reported EBITDA,Reported EBITDA,Reported EBITDA,REPORTED EBITDA,2027-01-01,471707
Reported EBITDA,Reported EBITDA,Reported EBITDA,REPORTED EBITDA,2027-02-01,582160
Reported EBITDA,Reported EBITDA,Reported EBITDA,REPORTED EBITDA,2027-03-01,-2126620
Reported EBITDA,Reported EBITDA,Reported EBITDA,REPORTED EBITDA,2027-04-01,-2301813
Reported EBITDA,Reported EBITDA,Reported EBITDA,REPORTED EBITDA,2027-05-31,-2051274
Reported EBITDA,Reported EBITDA,Reported EBITDA,REPORTED EBITDA,2027-06-30,-2236340
Reported EBITDA,Reported EBITDA,Reported EBITDA,REPORTED EBITDA,2027-07-01,-2042135
Reported EBITDA,Reported EBITDA,Reported EBITDA,REPORTED EBITDA,2027-08-01,-2627773
Reported EBITDA,Reported EBITDA,Reported EBITDA,REPORTED EBITDA,2027-09-01,-2399258
Reported EBITDA,Reported EBITDA,Reported EBITDA,REPORTED EBITDA,2027-10-01,-2752218
Reported EBITDA,Reported EBITDA,Reported EBITDA,REPORTED EBITDA,2027-11-01,-2715655
Reported EBITDA,Reported EBITDA,Reported EBITDA,REPORTED EBITDA,2027-12-01,-3340612
Reported EBITDA,Reported EBITDA,Reported EBITDA,REPORTED EBITDA,2028-01-01,-3291681
Reported EBITDA,Reported EBITDA,Reported EBITDA,REPORTED EBITDA,2028-02-01,-4290297
